--
-- PostgreSQL database dump
--

-- Dumped from database version 13.5 (Ubuntu 13.5-1.pgdg18.04+1)
-- Dumped by pg_dump version 14.1 (Ubuntu 14.1-1.pgdg18.04+1)

-- Started on 2022-02-10 13:03:22 EAT

SET statement_timeout = 0;
SET lock_timeout = 0;
SET idle_in_transaction_session_timeout = 0;
SET client_encoding = 'UTF8';
SET standard_conforming_strings = on;
SELECT pg_catalog.set_config('search_path', '', false);
SET check_function_bodies = false;
SET xmloption = content;
SET client_min_messages = warning;
SET row_security = off;

--
-- TOC entry 640 (class 1247 OID 51324)
-- Name: Role; Type: TYPE; Schema: public; Owner: pendo
--

CREATE TYPE public."Role" AS ENUM (
    'CAMP_ADMIN',
    'SECTION_ADMIN'
);


ALTER TYPE public."Role" OWNER TO pendo;

--
-- TOC entry 637 (class 1247 OID 51318)
-- Name: Sex; Type: TYPE; Schema: public; Owner: pendo
--

CREATE TYPE public."Sex" AS ENUM (
    'MALE',
    'FEMALE'
);


ALTER TYPE public."Sex" OWNER TO pendo;

--
-- TOC entry 643 (class 1247 OID 51330)
-- Name: TransactionType; Type: TYPE; Schema: public; Owner: pendo
--

CREATE TYPE public."TransactionType" AS ENUM (
    'ADMIN_TO_SECTION',
    'ADMIN_TO_INDIVIDUAL'
);


ALTER TYPE public."TransactionType" OWNER TO pendo;

SET default_tablespace = '';

SET default_table_access_method = heap;

--
-- TOC entry 210 (class 1259 OID 52392)
-- Name: Refugee; Type: TABLE; Schema: public; Owner: pendo
--

CREATE TABLE public."Refugee" (
    id integer NOT NULL,
    email text,
    phone text,
    "firstName" text NOT NULL,
    "lastName" text NOT NULL,
    photo text NOT NULL,
    sex public."Sex" NOT NULL,
    "tentId" integer,
    "createdAt" timestamp(3) without time zone DEFAULT CURRENT_TIMESTAMP NOT NULL,
    "dateOfBirth" timestamp(3) without time zone DEFAULT CURRENT_TIMESTAMP NOT NULL
);


ALTER TABLE public."Refugee" OWNER TO pendo;

--
-- TOC entry 209 (class 1259 OID 52390)
-- Name: Refugee_id_seq; Type: SEQUENCE; Schema: public; Owner: pendo
--

CREATE SEQUENCE public."Refugee_id_seq"
    AS integer
    START WITH 1
    INCREMENT BY 1
    NO MINVALUE
    NO MAXVALUE
    CACHE 1;


ALTER TABLE public."Refugee_id_seq" OWNER TO pendo;

--
-- TOC entry 3178 (class 0 OID 0)
-- Dependencies: 209
-- Name: Refugee_id_seq; Type: SEQUENCE OWNED BY; Schema: public; Owner: pendo
--

ALTER SEQUENCE public."Refugee_id_seq" OWNED BY public."Refugee".id;


--
-- TOC entry 204 (class 1259 OID 51359)
-- Name: Section; Type: TABLE; Schema: public; Owner: pendo
--

CREATE TABLE public."Section" (
    id integer NOT NULL,
    code text NOT NULL,
    "adminId" integer NOT NULL
);


ALTER TABLE public."Section" OWNER TO pendo;

--
-- TOC entry 203 (class 1259 OID 51357)
-- Name: Section_id_seq; Type: SEQUENCE; Schema: public; Owner: pendo
--

CREATE SEQUENCE public."Section_id_seq"
    AS integer
    START WITH 1
    INCREMENT BY 1
    NO MINVALUE
    NO MAXVALUE
    CACHE 1;


ALTER TABLE public."Section_id_seq" OWNER TO pendo;

--
-- TOC entry 3179 (class 0 OID 0)
-- Dependencies: 203
-- Name: Section_id_seq; Type: SEQUENCE OWNED BY; Schema: public; Owner: pendo
--

ALTER SEQUENCE public."Section_id_seq" OWNED BY public."Section".id;


--
-- TOC entry 202 (class 1259 OID 51348)
-- Name: Tent; Type: TABLE; Schema: public; Owner: pendo
--

CREATE TABLE public."Tent" (
    id integer NOT NULL,
    code text NOT NULL,
    "sectionId" integer
);


ALTER TABLE public."Tent" OWNER TO pendo;

--
-- TOC entry 201 (class 1259 OID 51346)
-- Name: Tent_id_seq; Type: SEQUENCE; Schema: public; Owner: pendo
--

CREATE SEQUENCE public."Tent_id_seq"
    AS integer
    START WITH 1
    INCREMENT BY 1
    NO MINVALUE
    NO MAXVALUE
    CACHE 1;


ALTER TABLE public."Tent_id_seq" OWNER TO pendo;

--
-- TOC entry 3180 (class 0 OID 0)
-- Dependencies: 201
-- Name: Tent_id_seq; Type: SEQUENCE OWNED BY; Schema: public; Owner: pendo
--

ALTER SEQUENCE public."Tent_id_seq" OWNED BY public."Tent".id;


--
-- TOC entry 206 (class 1259 OID 51382)
-- Name: Transaction; Type: TABLE; Schema: public; Owner: pendo
--

CREATE TABLE public."Transaction" (
    id integer NOT NULL,
    amount integer NOT NULL,
    "transactionType" public."TransactionType" NOT NULL,
    "createdAt" timestamp(3) without time zone DEFAULT CURRENT_TIMESTAMP NOT NULL,
    "adminId" integer,
    "sectionId" integer,
    "refugeeId" integer,
    ref uuid DEFAULT gen_random_uuid() NOT NULL
);


ALTER TABLE public."Transaction" OWNER TO pendo;

--
-- TOC entry 205 (class 1259 OID 51380)
-- Name: Transaction_id_seq; Type: SEQUENCE; Schema: public; Owner: pendo
--

CREATE SEQUENCE public."Transaction_id_seq"
    AS integer
    START WITH 1
    INCREMENT BY 1
    NO MINVALUE
    NO MAXVALUE
    CACHE 1;


ALTER TABLE public."Transaction_id_seq" OWNER TO pendo;

--
-- TOC entry 3181 (class 0 OID 0)
-- Dependencies: 205
-- Name: Transaction_id_seq; Type: SEQUENCE OWNED BY; Schema: public; Owner: pendo
--

ALTER SEQUENCE public."Transaction_id_seq" OWNED BY public."Transaction".id;


--
-- TOC entry 208 (class 1259 OID 51848)
-- Name: User; Type: TABLE; Schema: public; Owner: pendo
--

CREATE TABLE public."User" (
    id integer NOT NULL,
    email text NOT NULL,
    phone text NOT NULL,
    "firstName" text NOT NULL,
    "lastName" text NOT NULL,
    photo text NOT NULL,
    role public."Role" DEFAULT 'SECTION_ADMIN'::public."Role" NOT NULL,
    "hashedPassword" text NOT NULL,
    salt text NOT NULL,
    "resetToken" text,
    "resetTokenExpiresAt" timestamp(3) without time zone,
    "accountBalance" double precision DEFAULT 0 NOT NULL
);


ALTER TABLE public."User" OWNER TO pendo;

--
-- TOC entry 207 (class 1259 OID 51846)
-- Name: User_id_seq; Type: SEQUENCE; Schema: public; Owner: pendo
--

CREATE SEQUENCE public."User_id_seq"
    AS integer
    START WITH 1
    INCREMENT BY 1
    NO MINVALUE
    NO MAXVALUE
    CACHE 1;


ALTER TABLE public."User_id_seq" OWNER TO pendo;

--
-- TOC entry 3182 (class 0 OID 0)
-- Dependencies: 207
-- Name: User_id_seq; Type: SEQUENCE OWNED BY; Schema: public; Owner: pendo
--

ALTER SEQUENCE public."User_id_seq" OWNED BY public."User".id;


--
-- TOC entry 200 (class 1259 OID 51305)
-- Name: _prisma_migrations; Type: TABLE; Schema: public; Owner: pendo
--

CREATE TABLE public._prisma_migrations (
    id character varying(36) NOT NULL,
    checksum character varying(64) NOT NULL,
    finished_at timestamp with time zone,
    migration_name character varying(255) NOT NULL,
    logs text,
    rolled_back_at timestamp with time zone,
    started_at timestamp with time zone DEFAULT now() NOT NULL,
    applied_steps_count integer DEFAULT 0 NOT NULL
);


ALTER TABLE public._prisma_migrations OWNER TO pendo;

--
-- TOC entry 3007 (class 2604 OID 52395)
-- Name: Refugee id; Type: DEFAULT; Schema: public; Owner: pendo
--

ALTER TABLE ONLY public."Refugee" ALTER COLUMN id SET DEFAULT nextval('public."Refugee_id_seq"'::regclass);


--
-- TOC entry 3000 (class 2604 OID 51362)
-- Name: Section id; Type: DEFAULT; Schema: public; Owner: pendo
--

ALTER TABLE ONLY public."Section" ALTER COLUMN id SET DEFAULT nextval('public."Section_id_seq"'::regclass);


--
-- TOC entry 2999 (class 2604 OID 51351)
-- Name: Tent id; Type: DEFAULT; Schema: public; Owner: pendo
--

ALTER TABLE ONLY public."Tent" ALTER COLUMN id SET DEFAULT nextval('public."Tent_id_seq"'::regclass);


--
-- TOC entry 3001 (class 2604 OID 51385)
-- Name: Transaction id; Type: DEFAULT; Schema: public; Owner: pendo
--

ALTER TABLE ONLY public."Transaction" ALTER COLUMN id SET DEFAULT nextval('public."Transaction_id_seq"'::regclass);


--
-- TOC entry 3004 (class 2604 OID 51851)
-- Name: User id; Type: DEFAULT; Schema: public; Owner: pendo
--

ALTER TABLE ONLY public."User" ALTER COLUMN id SET DEFAULT nextval('public."User_id_seq"'::regclass);


--
-- TOC entry 3172 (class 0 OID 52392)
-- Dependencies: 210
-- Data for Name: Refugee; Type: TABLE DATA; Schema: public; Owner: pendo
--

COPY public."Refugee" (id, email, phone, "firstName", "lastName", photo, sex, "tentId", "createdAt", "dateOfBirth") FROM stdin;
1	Issac.Lesch@gmail.com	260-252-5866 x9687	Rowan	Romaguera	https://cloudflare-ipfs.com/ipfs/Qmd3W5DuhgHirLHGVixi6V76LhCkZUz6pnFt5AJBiyvHye/avatar/538.jpg	FEMALE	13	2022-02-01 00:20:36.183	2022-02-01 12:31:38.153
2	Reta.DuBuque@hotmail.com	303-998-0746	Morton	Kuphal	https://cloudflare-ipfs.com/ipfs/Qmd3W5DuhgHirLHGVixi6V76LhCkZUz6pnFt5AJBiyvHye/avatar/19.jpg	FEMALE	15	2022-02-01 00:20:36.183	2022-02-01 12:31:38.153
3	Aisha_Stehr@hotmail.com	(254) 994-3279	Lukas	Kub	https://cloudflare-ipfs.com/ipfs/Qmd3W5DuhgHirLHGVixi6V76LhCkZUz6pnFt5AJBiyvHye/avatar/95.jpg	FEMALE	54	2022-02-01 00:20:36.183	2022-02-01 12:31:38.153
4	Alexzander78@yahoo.com	835-438-2035 x38860	Estella	Gorczany	https://cloudflare-ipfs.com/ipfs/Qmd3W5DuhgHirLHGVixi6V76LhCkZUz6pnFt5AJBiyvHye/avatar/405.jpg	FEMALE	80	2022-02-01 00:20:36.183	2022-02-01 12:31:38.153
5	Jasen_Hilll@hotmail.com	(836) 525-2488	Keyshawn	Ward	https://cloudflare-ipfs.com/ipfs/Qmd3W5DuhgHirLHGVixi6V76LhCkZUz6pnFt5AJBiyvHye/avatar/1015.jpg	FEMALE	83	2022-02-01 00:20:36.183	2022-02-01 12:31:38.153
6	Griffin_Raynor@gmail.com	(541) 336-6572	Jamal	Ankunding	https://cloudflare-ipfs.com/ipfs/Qmd3W5DuhgHirLHGVixi6V76LhCkZUz6pnFt5AJBiyvHye/avatar/455.jpg	FEMALE	92	2022-02-01 00:20:36.183	2022-02-01 12:31:38.153
7	Libbie_Emmerich@yahoo.com	443.626.8085	Lyda	Watsica	https://cloudflare-ipfs.com/ipfs/Qmd3W5DuhgHirLHGVixi6V76LhCkZUz6pnFt5AJBiyvHye/avatar/257.jpg	MALE	43	2022-02-01 00:20:36.183	2022-02-01 12:31:38.153
8	Eulalia_Welch@hotmail.com	302-758-6751 x538	Eleonore	Mohr	https://cloudflare-ipfs.com/ipfs/Qmd3W5DuhgHirLHGVixi6V76LhCkZUz6pnFt5AJBiyvHye/avatar/1077.jpg	FEMALE	10	2022-02-01 00:20:36.183	2022-02-01 12:31:38.153
9	Lester.Russel1@yahoo.com	(977) 625-4016 x109	Elmore	Ward	https://cloudflare-ipfs.com/ipfs/Qmd3W5DuhgHirLHGVixi6V76LhCkZUz6pnFt5AJBiyvHye/avatar/1090.jpg	MALE	31	2022-02-01 00:20:36.183	2022-02-01 12:31:38.153
10	Lonzo79@yahoo.com	575-449-9880 x062	Roscoe	Kuhic	https://cloudflare-ipfs.com/ipfs/Qmd3W5DuhgHirLHGVixi6V76LhCkZUz6pnFt5AJBiyvHye/avatar/105.jpg	MALE	29	2022-02-01 00:20:36.183	2022-02-01 12:31:38.153
11	Mollie78@yahoo.com	226-742-9117 x3461	Adan	Lubowitz	https://cloudflare-ipfs.com/ipfs/Qmd3W5DuhgHirLHGVixi6V76LhCkZUz6pnFt5AJBiyvHye/avatar/158.jpg	FEMALE	61	2022-02-01 00:20:36.183	2022-02-01 12:31:38.153
12	Lemuel_Ferry@hotmail.com	(625) 237-0492 x1295	Jake	Bosco	https://cloudflare-ipfs.com/ipfs/Qmd3W5DuhgHirLHGVixi6V76LhCkZUz6pnFt5AJBiyvHye/avatar/1083.jpg	FEMALE	94	2022-02-01 00:20:36.183	2022-02-01 12:31:38.153
13	Shanna_Mitchell73@gmail.com	689.492.7406	Beth	Raynor	https://cloudflare-ipfs.com/ipfs/Qmd3W5DuhgHirLHGVixi6V76LhCkZUz6pnFt5AJBiyvHye/avatar/338.jpg	FEMALE	86	2022-02-01 00:20:36.183	2022-02-01 12:31:38.153
14	Neoma81@hotmail.com	(915) 691-4451	Anabelle	Rohan	https://cloudflare-ipfs.com/ipfs/Qmd3W5DuhgHirLHGVixi6V76LhCkZUz6pnFt5AJBiyvHye/avatar/632.jpg	MALE	47	2022-02-01 00:20:36.183	2022-02-01 12:31:38.153
15	Danial.Kulas@gmail.com	321-448-7056	Earline	Batz	https://cloudflare-ipfs.com/ipfs/Qmd3W5DuhgHirLHGVixi6V76LhCkZUz6pnFt5AJBiyvHye/avatar/947.jpg	FEMALE	9	2022-02-01 00:20:36.183	2022-02-01 12:31:38.153
16	Jovani53@hotmail.com	(539) 515-0414	Berenice	Casper	https://cloudflare-ipfs.com/ipfs/Qmd3W5DuhgHirLHGVixi6V76LhCkZUz6pnFt5AJBiyvHye/avatar/355.jpg	MALE	33	2022-02-01 00:20:36.183	2022-02-01 12:31:38.153
17	Chris.Sipes@hotmail.com	376.383.2690 x31501	Hubert	Mohr	https://cloudflare-ipfs.com/ipfs/Qmd3W5DuhgHirLHGVixi6V76LhCkZUz6pnFt5AJBiyvHye/avatar/143.jpg	FEMALE	97	2022-02-01 00:20:36.183	2022-02-01 12:31:38.153
18	Barbara.Kohler3@hotmail.com	503-456-0495 x25024	Tavares	Tremblay	https://cloudflare-ipfs.com/ipfs/Qmd3W5DuhgHirLHGVixi6V76LhCkZUz6pnFt5AJBiyvHye/avatar/1060.jpg	FEMALE	82	2022-02-01 00:20:36.183	2022-02-01 12:31:38.153
19	Roselyn_Flatley@yahoo.com	1-333-606-3947	Macie	Rodriguez	https://cloudflare-ipfs.com/ipfs/Qmd3W5DuhgHirLHGVixi6V76LhCkZUz6pnFt5AJBiyvHye/avatar/982.jpg	FEMALE	75	2022-02-01 00:20:36.183	2022-02-01 12:31:38.153
20	Manuel_Howell73@yahoo.com	1-830-526-0874 x96088	Amelia	Hessel	https://cloudflare-ipfs.com/ipfs/Qmd3W5DuhgHirLHGVixi6V76LhCkZUz6pnFt5AJBiyvHye/avatar/470.jpg	MALE	78	2022-02-01 00:20:36.183	2022-02-01 12:31:38.153
21	Myron46@yahoo.com	(994) 636-5670	Izabella	Klocko	https://cloudflare-ipfs.com/ipfs/Qmd3W5DuhgHirLHGVixi6V76LhCkZUz6pnFt5AJBiyvHye/avatar/420.jpg	MALE	5	2022-02-01 00:20:36.183	2022-02-01 12:31:38.153
22	Zander_Howell@yahoo.com	1-451-551-9598	Birdie	Beatty	https://cloudflare-ipfs.com/ipfs/Qmd3W5DuhgHirLHGVixi6V76LhCkZUz6pnFt5AJBiyvHye/avatar/710.jpg	MALE	67	2022-02-01 00:20:36.183	2022-02-01 12:31:38.153
23	Ayla55@hotmail.com	1-960-282-0455	Damion	Rowe	https://cloudflare-ipfs.com/ipfs/Qmd3W5DuhgHirLHGVixi6V76LhCkZUz6pnFt5AJBiyvHye/avatar/1081.jpg	FEMALE	29	2022-02-01 00:20:36.183	2022-02-01 12:31:38.153
24	Laura_Wuckert@yahoo.com	311-359-9335 x74196	Emmie	Leuschke	https://cloudflare-ipfs.com/ipfs/Qmd3W5DuhgHirLHGVixi6V76LhCkZUz6pnFt5AJBiyvHye/avatar/205.jpg	MALE	36	2022-02-01 00:20:36.183	2022-02-01 12:31:38.153
25	Coy56@yahoo.com	(724) 277-0693	Domenic	Hagenes	https://cloudflare-ipfs.com/ipfs/Qmd3W5DuhgHirLHGVixi6V76LhCkZUz6pnFt5AJBiyvHye/avatar/750.jpg	FEMALE	93	2022-02-01 00:20:36.183	2022-02-01 12:31:38.153
26	Richie_Bashirian82@yahoo.com	1-394-796-1593 x22932	Troy	Sipes	https://cloudflare-ipfs.com/ipfs/Qmd3W5DuhgHirLHGVixi6V76LhCkZUz6pnFt5AJBiyvHye/avatar/1027.jpg	FEMALE	81	2022-02-01 00:20:36.183	2022-02-01 12:31:38.153
27	Cleve_Ryan@gmail.com	994-202-1151 x411	Neal	Swift	https://cloudflare-ipfs.com/ipfs/Qmd3W5DuhgHirLHGVixi6V76LhCkZUz6pnFt5AJBiyvHye/avatar/782.jpg	MALE	62	2022-02-01 00:20:36.183	2022-02-01 12:31:38.153
28	Jody_Bednar@gmail.com	397-976-8426 x882	Lulu	Gutkowski	https://cloudflare-ipfs.com/ipfs/Qmd3W5DuhgHirLHGVixi6V76LhCkZUz6pnFt5AJBiyvHye/avatar/1080.jpg	MALE	95	2022-02-01 00:20:36.183	2022-02-01 12:31:38.153
29	Rozella.Jenkins24@hotmail.com	232.788.8766	Clotilde	Mayer	https://cloudflare-ipfs.com/ipfs/Qmd3W5DuhgHirLHGVixi6V76LhCkZUz6pnFt5AJBiyvHye/avatar/1193.jpg	MALE	25	2022-02-01 00:20:36.183	2022-02-01 12:31:38.153
30	Angel_Jacobi@hotmail.com	801.281.1977 x529	Devonte	Dickens	https://cloudflare-ipfs.com/ipfs/Qmd3W5DuhgHirLHGVixi6V76LhCkZUz6pnFt5AJBiyvHye/avatar/1115.jpg	FEMALE	5	2022-02-01 00:20:36.183	2022-02-01 12:31:38.153
31	Desmond9@yahoo.com	1-720-733-0861	Aubrey	Kunze	https://cloudflare-ipfs.com/ipfs/Qmd3W5DuhgHirLHGVixi6V76LhCkZUz6pnFt5AJBiyvHye/avatar/1211.jpg	FEMALE	84	2022-02-01 00:20:36.183	2022-02-01 12:31:38.153
32	Erling.Carroll@yahoo.com	498-660-3921 x11114	Ardith	Jakubowski	https://cloudflare-ipfs.com/ipfs/Qmd3W5DuhgHirLHGVixi6V76LhCkZUz6pnFt5AJBiyvHye/avatar/1067.jpg	FEMALE	65	2022-02-01 00:20:36.183	2022-02-01 12:31:38.153
33	Norwood.Kreiger@yahoo.com	881-417-2557 x854	Vivian	Leuschke	https://cloudflare-ipfs.com/ipfs/Qmd3W5DuhgHirLHGVixi6V76LhCkZUz6pnFt5AJBiyvHye/avatar/387.jpg	FEMALE	93	2022-02-01 00:20:36.183	2022-02-01 12:31:38.153
34	Brice.DuBuque@yahoo.com	984-772-0562	Peyton	Bode	https://cloudflare-ipfs.com/ipfs/Qmd3W5DuhgHirLHGVixi6V76LhCkZUz6pnFt5AJBiyvHye/avatar/482.jpg	MALE	53	2022-02-01 00:20:36.183	2022-02-01 12:31:38.153
35	Deondre_Hegmann@hotmail.com	318-637-6097	Ellen	Mohr	https://cloudflare-ipfs.com/ipfs/Qmd3W5DuhgHirLHGVixi6V76LhCkZUz6pnFt5AJBiyvHye/avatar/586.jpg	MALE	90	2022-02-01 00:20:36.183	2022-02-01 12:31:38.153
36	Golden.Olson@gmail.com	1-920-652-3752	Johnson	Bernier	https://cloudflare-ipfs.com/ipfs/Qmd3W5DuhgHirLHGVixi6V76LhCkZUz6pnFt5AJBiyvHye/avatar/437.jpg	FEMALE	34	2022-02-01 00:20:36.183	2022-02-01 12:31:38.153
37	Margarita99@hotmail.com	335-370-4895 x046	Keyshawn	Bradtke	https://cloudflare-ipfs.com/ipfs/Qmd3W5DuhgHirLHGVixi6V76LhCkZUz6pnFt5AJBiyvHye/avatar/629.jpg	MALE	68	2022-02-01 00:20:36.183	2022-02-01 12:31:38.153
38	Alexys2@gmail.com	(768) 710-8122 x1040	Emanuel	Hermann	https://cloudflare-ipfs.com/ipfs/Qmd3W5DuhgHirLHGVixi6V76LhCkZUz6pnFt5AJBiyvHye/avatar/842.jpg	MALE	84	2022-02-01 00:20:36.183	2022-02-01 12:31:38.153
39	Dejon.Boyle@gmail.com	655.818.5615 x020	Duane	Jones	https://cloudflare-ipfs.com/ipfs/Qmd3W5DuhgHirLHGVixi6V76LhCkZUz6pnFt5AJBiyvHye/avatar/400.jpg	FEMALE	10	2022-02-01 00:20:36.183	2022-02-01 12:31:38.153
40	Jamal.Moore@gmail.com	207-895-1269 x7890	Claude	Bauch	https://cloudflare-ipfs.com/ipfs/Qmd3W5DuhgHirLHGVixi6V76LhCkZUz6pnFt5AJBiyvHye/avatar/181.jpg	MALE	90	2022-02-01 00:20:36.183	2022-02-01 12:31:38.153
41	Jennie_Leannon@hotmail.com	(694) 921-0795 x833	Alfreda	Hand	https://cloudflare-ipfs.com/ipfs/Qmd3W5DuhgHirLHGVixi6V76LhCkZUz6pnFt5AJBiyvHye/avatar/820.jpg	MALE	42	2022-02-01 00:20:36.183	2022-02-01 12:31:38.153
42	Lyda.Yundt59@hotmail.com	770.836.2206 x5621	Juana	Block	https://cloudflare-ipfs.com/ipfs/Qmd3W5DuhgHirLHGVixi6V76LhCkZUz6pnFt5AJBiyvHye/avatar/104.jpg	FEMALE	89	2022-02-01 00:20:36.183	2022-02-01 12:31:38.153
43	Thad.Cormier17@gmail.com	348.541.1318 x820	Audreanne	Kertzmann	https://cloudflare-ipfs.com/ipfs/Qmd3W5DuhgHirLHGVixi6V76LhCkZUz6pnFt5AJBiyvHye/avatar/538.jpg	MALE	1	2022-02-01 00:20:36.183	2022-02-01 12:31:38.153
44	Benedict6@gmail.com	580-613-6841	Adeline	VonRueden	https://cloudflare-ipfs.com/ipfs/Qmd3W5DuhgHirLHGVixi6V76LhCkZUz6pnFt5AJBiyvHye/avatar/1165.jpg	FEMALE	98	2022-02-01 00:20:36.183	2022-02-01 12:31:38.153
45	Camden.Russel@gmail.com	1-607-643-1488	Johnpaul	Ritchie	https://cloudflare-ipfs.com/ipfs/Qmd3W5DuhgHirLHGVixi6V76LhCkZUz6pnFt5AJBiyvHye/avatar/392.jpg	FEMALE	24	2022-02-01 00:20:36.183	2022-02-01 12:31:38.153
46	Patience_Walsh95@hotmail.com	1-331-339-7638	Vance	Beier	https://cloudflare-ipfs.com/ipfs/Qmd3W5DuhgHirLHGVixi6V76LhCkZUz6pnFt5AJBiyvHye/avatar/532.jpg	MALE	34	2022-02-01 00:20:36.183	2022-02-01 12:31:38.153
47	Naomi_Vandervort@yahoo.com	757-280-2474	Lisette	Morar	https://cloudflare-ipfs.com/ipfs/Qmd3W5DuhgHirLHGVixi6V76LhCkZUz6pnFt5AJBiyvHye/avatar/583.jpg	MALE	93	2022-02-01 00:20:36.183	2022-02-01 12:31:38.153
48	Destinee_Senger70@gmail.com	561-852-2952	Amparo	Hessel	https://cloudflare-ipfs.com/ipfs/Qmd3W5DuhgHirLHGVixi6V76LhCkZUz6pnFt5AJBiyvHye/avatar/590.jpg	FEMALE	11	2022-02-01 00:20:36.183	2022-02-01 12:31:38.153
49	Maudie.Gulgowski76@yahoo.com	233-214-6984	Fermin	Dooley	https://cloudflare-ipfs.com/ipfs/Qmd3W5DuhgHirLHGVixi6V76LhCkZUz6pnFt5AJBiyvHye/avatar/504.jpg	FEMALE	93	2022-02-01 00:20:36.183	2022-02-01 12:31:38.153
50	Kody.Kassulke92@hotmail.com	263.647.1304	Golda	Russel	https://cloudflare-ipfs.com/ipfs/Qmd3W5DuhgHirLHGVixi6V76LhCkZUz6pnFt5AJBiyvHye/avatar/1053.jpg	FEMALE	31	2022-02-01 00:20:36.183	2022-02-01 12:31:38.153
51	Dorris_Carroll94@hotmail.com	238-586-4822 x862	Anais	Roob	https://cloudflare-ipfs.com/ipfs/Qmd3W5DuhgHirLHGVixi6V76LhCkZUz6pnFt5AJBiyvHye/avatar/414.jpg	FEMALE	91	2022-02-01 00:20:36.183	2022-02-01 12:31:38.153
52	Maggie93@yahoo.com	(820) 971-2910 x18804	Una	Stanton	https://cloudflare-ipfs.com/ipfs/Qmd3W5DuhgHirLHGVixi6V76LhCkZUz6pnFt5AJBiyvHye/avatar/996.jpg	MALE	28	2022-02-01 00:20:36.183	2022-02-01 12:31:38.153
53	Richmond83@hotmail.com	1-627-417-4425 x35226	Magnolia	Bruen	https://cloudflare-ipfs.com/ipfs/Qmd3W5DuhgHirLHGVixi6V76LhCkZUz6pnFt5AJBiyvHye/avatar/757.jpg	FEMALE	54	2022-02-01 00:20:36.183	2022-02-01 12:31:38.153
54	Dwight.Padberg@gmail.com	(380) 608-9835 x89785	Chad	Terry	https://cloudflare-ipfs.com/ipfs/Qmd3W5DuhgHirLHGVixi6V76LhCkZUz6pnFt5AJBiyvHye/avatar/295.jpg	MALE	59	2022-02-01 00:20:36.183	2022-02-01 12:31:38.153
55	Kristoffer36@yahoo.com	859.269.6432 x268	Minnie	Cronin	https://cloudflare-ipfs.com/ipfs/Qmd3W5DuhgHirLHGVixi6V76LhCkZUz6pnFt5AJBiyvHye/avatar/520.jpg	FEMALE	21	2022-02-01 00:20:36.183	2022-02-01 12:31:38.153
56	Donnell.Batz@yahoo.com	1-591-264-4339	Freeda	Carter	https://cloudflare-ipfs.com/ipfs/Qmd3W5DuhgHirLHGVixi6V76LhCkZUz6pnFt5AJBiyvHye/avatar/466.jpg	FEMALE	14	2022-02-01 00:20:36.183	2022-02-01 12:31:38.153
57	Keaton.Walsh81@yahoo.com	1-863-443-7583 x05093	Christine	Wyman	https://cloudflare-ipfs.com/ipfs/Qmd3W5DuhgHirLHGVixi6V76LhCkZUz6pnFt5AJBiyvHye/avatar/194.jpg	MALE	90	2022-02-01 00:20:36.183	2022-02-01 12:31:38.153
58	Cordell83@hotmail.com	411.327.9144 x2176	Maximillia	Nienow	https://cloudflare-ipfs.com/ipfs/Qmd3W5DuhgHirLHGVixi6V76LhCkZUz6pnFt5AJBiyvHye/avatar/705.jpg	MALE	71	2022-02-01 00:20:36.183	2022-02-01 12:31:38.153
59	Ara.Krajcik@hotmail.com	1-538-465-4304	Luna	Swift	https://cloudflare-ipfs.com/ipfs/Qmd3W5DuhgHirLHGVixi6V76LhCkZUz6pnFt5AJBiyvHye/avatar/832.jpg	MALE	44	2022-02-01 00:20:36.183	2022-02-01 12:31:38.153
60	Adah.Nitzsche45@gmail.com	872-584-6141 x946	Elisa	Doyle	https://cloudflare-ipfs.com/ipfs/Qmd3W5DuhgHirLHGVixi6V76LhCkZUz6pnFt5AJBiyvHye/avatar/607.jpg	FEMALE	14	2022-02-01 00:20:36.183	2022-02-01 12:31:38.153
61	Berniece57@hotmail.com	234-709-5525	Lynn	Kohler	https://cloudflare-ipfs.com/ipfs/Qmd3W5DuhgHirLHGVixi6V76LhCkZUz6pnFt5AJBiyvHye/avatar/138.jpg	MALE	50	2022-02-01 00:20:36.183	2022-02-01 12:31:38.153
62	Nia91@yahoo.com	598.619.5605 x7991	Agustin	Jacobson	https://cloudflare-ipfs.com/ipfs/Qmd3W5DuhgHirLHGVixi6V76LhCkZUz6pnFt5AJBiyvHye/avatar/1099.jpg	MALE	25	2022-02-01 00:20:36.183	2022-02-01 12:31:38.153
63	Francis32@hotmail.com	867-884-5458 x10744	Sidney	Mohr	https://cloudflare-ipfs.com/ipfs/Qmd3W5DuhgHirLHGVixi6V76LhCkZUz6pnFt5AJBiyvHye/avatar/1130.jpg	MALE	68	2022-02-01 00:20:36.183	2022-02-01 12:31:38.153
64	Armand.Bernhard66@hotmail.com	1-873-239-5691 x1791	Hollis	Schowalter	https://cloudflare-ipfs.com/ipfs/Qmd3W5DuhgHirLHGVixi6V76LhCkZUz6pnFt5AJBiyvHye/avatar/858.jpg	MALE	86	2022-02-01 00:20:36.183	2022-02-01 12:31:38.153
65	Darrel45@yahoo.com	(526) 625-9177 x267	Phoebe	Johnson	https://cloudflare-ipfs.com/ipfs/Qmd3W5DuhgHirLHGVixi6V76LhCkZUz6pnFt5AJBiyvHye/avatar/773.jpg	MALE	88	2022-02-01 00:20:36.183	2022-02-01 12:31:38.153
66	Colt5@yahoo.com	1-665-450-9729 x72782	Bertram	Veum	https://cloudflare-ipfs.com/ipfs/Qmd3W5DuhgHirLHGVixi6V76LhCkZUz6pnFt5AJBiyvHye/avatar/60.jpg	FEMALE	59	2022-02-01 00:20:36.183	2022-02-01 12:31:38.153
67	Ella.Jones7@gmail.com	1-203-859-5202	Tommie	Hodkiewicz	https://cloudflare-ipfs.com/ipfs/Qmd3W5DuhgHirLHGVixi6V76LhCkZUz6pnFt5AJBiyvHye/avatar/379.jpg	FEMALE	64	2022-02-01 00:20:36.183	2022-02-01 12:31:38.153
68	Raphaelle.Kunde@hotmail.com	642.648.9330 x159	Jennifer	Zieme	https://cloudflare-ipfs.com/ipfs/Qmd3W5DuhgHirLHGVixi6V76LhCkZUz6pnFt5AJBiyvHye/avatar/830.jpg	MALE	81	2022-02-01 00:20:36.183	2022-02-01 12:31:38.153
69	Vergie.Donnelly@hotmail.com	(728) 767-8220	Charlotte	Boyle	https://cloudflare-ipfs.com/ipfs/Qmd3W5DuhgHirLHGVixi6V76LhCkZUz6pnFt5AJBiyvHye/avatar/169.jpg	MALE	28	2022-02-01 00:20:36.183	2022-02-01 12:31:38.153
70	Vinnie_Dibbert5@gmail.com	(587) 629-6169 x13481	Blanca	Gerhold	https://cloudflare-ipfs.com/ipfs/Qmd3W5DuhgHirLHGVixi6V76LhCkZUz6pnFt5AJBiyvHye/avatar/1238.jpg	FEMALE	75	2022-02-01 00:20:36.183	2022-02-01 12:31:38.153
71	Trey26@hotmail.com	519-907-2072 x35408	Edmund	Corkery	https://cloudflare-ipfs.com/ipfs/Qmd3W5DuhgHirLHGVixi6V76LhCkZUz6pnFt5AJBiyvHye/avatar/866.jpg	FEMALE	58	2022-02-01 00:20:36.183	2022-02-01 12:31:38.153
72	Carley.Lind15@gmail.com	1-410-780-2859 x75996	Margie	Jacobson	https://cloudflare-ipfs.com/ipfs/Qmd3W5DuhgHirLHGVixi6V76LhCkZUz6pnFt5AJBiyvHye/avatar/88.jpg	FEMALE	87	2022-02-01 00:20:36.183	2022-02-01 12:31:38.153
73	Kaela_Hermann@gmail.com	(407) 613-1862 x142	Hayden	Shanahan	https://cloudflare-ipfs.com/ipfs/Qmd3W5DuhgHirLHGVixi6V76LhCkZUz6pnFt5AJBiyvHye/avatar/886.jpg	MALE	64	2022-02-01 00:20:36.183	2022-02-01 12:31:38.153
74	Yesenia.Nitzsche@hotmail.com	(600) 700-4178	Jerrell	Marquardt	https://cloudflare-ipfs.com/ipfs/Qmd3W5DuhgHirLHGVixi6V76LhCkZUz6pnFt5AJBiyvHye/avatar/832.jpg	MALE	56	2022-02-01 00:20:36.183	2022-02-01 12:31:38.153
75	Isabella25@hotmail.com	1-785-618-2109	Mattie	Dickens	https://cloudflare-ipfs.com/ipfs/Qmd3W5DuhgHirLHGVixi6V76LhCkZUz6pnFt5AJBiyvHye/avatar/1151.jpg	FEMALE	78	2022-02-01 00:20:36.183	2022-02-01 12:31:38.153
76	Noelia94@gmail.com	531-327-8152	Claudine	Vandervort	https://cloudflare-ipfs.com/ipfs/Qmd3W5DuhgHirLHGVixi6V76LhCkZUz6pnFt5AJBiyvHye/avatar/745.jpg	FEMALE	37	2022-02-01 00:20:36.183	2022-02-01 12:31:38.153
77	Cody52@gmail.com	1-826-565-7554 x269	Jaylin	Aufderhar	https://cloudflare-ipfs.com/ipfs/Qmd3W5DuhgHirLHGVixi6V76LhCkZUz6pnFt5AJBiyvHye/avatar/1216.jpg	FEMALE	94	2022-02-01 00:20:36.183	2022-02-01 12:31:38.153
78	Delphia.Reinger5@gmail.com	1-815-897-3407	Brenna	Johns	https://cloudflare-ipfs.com/ipfs/Qmd3W5DuhgHirLHGVixi6V76LhCkZUz6pnFt5AJBiyvHye/avatar/280.jpg	FEMALE	75	2022-02-01 00:20:36.183	2022-02-01 12:31:38.153
79	Lavern_Johns@hotmail.com	(855) 237-4841 x9489	Kaela	Hackett	https://cloudflare-ipfs.com/ipfs/Qmd3W5DuhgHirLHGVixi6V76LhCkZUz6pnFt5AJBiyvHye/avatar/449.jpg	MALE	31	2022-02-01 00:20:36.183	2022-02-01 12:31:38.153
80	Camilla_Dietrich10@hotmail.com	(269) 640-8472	Isac	Waelchi	https://cloudflare-ipfs.com/ipfs/Qmd3W5DuhgHirLHGVixi6V76LhCkZUz6pnFt5AJBiyvHye/avatar/555.jpg	MALE	59	2022-02-01 00:20:36.183	2022-02-01 12:31:38.153
81	Marjolaine.Cassin0@gmail.com	445.807.3494 x7308	Eda	Kuvalis	https://cloudflare-ipfs.com/ipfs/Qmd3W5DuhgHirLHGVixi6V76LhCkZUz6pnFt5AJBiyvHye/avatar/723.jpg	MALE	9	2022-02-01 00:20:36.183	2022-02-01 12:31:38.153
82	Caesar_McCullough14@gmail.com	259.599.5369 x1847	Edwina	Hoeger	https://cloudflare-ipfs.com/ipfs/Qmd3W5DuhgHirLHGVixi6V76LhCkZUz6pnFt5AJBiyvHye/avatar/149.jpg	MALE	50	2022-02-01 00:20:36.183	2022-02-01 12:31:38.153
83	Diego58@yahoo.com	822-833-2494 x80977	Johathan	Kub	https://cloudflare-ipfs.com/ipfs/Qmd3W5DuhgHirLHGVixi6V76LhCkZUz6pnFt5AJBiyvHye/avatar/947.jpg	FEMALE	97	2022-02-01 00:20:36.183	2022-02-01 12:31:38.153
84	Terry21@hotmail.com	610.593.8938 x49877	Vance	Marvin	https://cloudflare-ipfs.com/ipfs/Qmd3W5DuhgHirLHGVixi6V76LhCkZUz6pnFt5AJBiyvHye/avatar/630.jpg	FEMALE	50	2022-02-01 00:20:36.183	2022-02-01 12:31:38.153
85	Reginald.Hand81@yahoo.com	630.456.5183 x064	Jerome	Crist	https://cloudflare-ipfs.com/ipfs/Qmd3W5DuhgHirLHGVixi6V76LhCkZUz6pnFt5AJBiyvHye/avatar/809.jpg	MALE	72	2022-02-01 00:20:36.183	2022-02-01 12:31:38.153
86	Marquis_Goyette65@yahoo.com	526-422-2219 x71709	Adrianna	Ruecker	https://cloudflare-ipfs.com/ipfs/Qmd3W5DuhgHirLHGVixi6V76LhCkZUz6pnFt5AJBiyvHye/avatar/1124.jpg	MALE	62	2022-02-01 00:20:36.183	2022-02-01 12:31:38.153
87	Victoria.Osinski@gmail.com	1-222-734-9937 x11790	Sandy	Bruen	https://cloudflare-ipfs.com/ipfs/Qmd3W5DuhgHirLHGVixi6V76LhCkZUz6pnFt5AJBiyvHye/avatar/206.jpg	FEMALE	63	2022-02-01 00:20:36.183	2022-02-01 12:31:38.153
88	Max_Reinger83@yahoo.com	1-731-884-4585 x4889	Tremayne	Mayer	https://cloudflare-ipfs.com/ipfs/Qmd3W5DuhgHirLHGVixi6V76LhCkZUz6pnFt5AJBiyvHye/avatar/1055.jpg	FEMALE	15	2022-02-01 00:20:36.183	2022-02-01 12:31:38.153
89	Vivian.Stanton26@gmail.com	1-460-520-2368 x06393	Allen	Konopelski	https://cloudflare-ipfs.com/ipfs/Qmd3W5DuhgHirLHGVixi6V76LhCkZUz6pnFt5AJBiyvHye/avatar/953.jpg	FEMALE	28	2022-02-01 00:20:36.183	2022-02-01 12:31:38.153
90	Enrique.Wilkinson@hotmail.com	(536) 205-0437	Miguel	Welch	https://cloudflare-ipfs.com/ipfs/Qmd3W5DuhgHirLHGVixi6V76LhCkZUz6pnFt5AJBiyvHye/avatar/217.jpg	FEMALE	75	2022-02-01 00:20:36.183	2022-02-01 12:31:38.153
91	Adolph.Leffler21@hotmail.com	(892) 381-4705 x790	Aniyah	Schinner	https://cloudflare-ipfs.com/ipfs/Qmd3W5DuhgHirLHGVixi6V76LhCkZUz6pnFt5AJBiyvHye/avatar/1008.jpg	MALE	42	2022-02-01 00:20:36.183	2022-02-01 12:31:38.153
92	Lorna14@hotmail.com	1-480-227-8008 x1077	Elvera	Volkman	https://cloudflare-ipfs.com/ipfs/Qmd3W5DuhgHirLHGVixi6V76LhCkZUz6pnFt5AJBiyvHye/avatar/185.jpg	FEMALE	87	2022-02-01 00:20:36.183	2022-02-01 12:31:38.153
93	Maximus.Cummerata47@yahoo.com	810.805.8893 x6322	Mavis	Veum	https://cloudflare-ipfs.com/ipfs/Qmd3W5DuhgHirLHGVixi6V76LhCkZUz6pnFt5AJBiyvHye/avatar/689.jpg	FEMALE	7	2022-02-01 00:20:36.183	2022-02-01 12:31:38.153
94	Sage.Oberbrunner@yahoo.com	(721) 495-8072	Milo	Donnelly	https://cloudflare-ipfs.com/ipfs/Qmd3W5DuhgHirLHGVixi6V76LhCkZUz6pnFt5AJBiyvHye/avatar/178.jpg	MALE	58	2022-02-01 00:20:36.183	2022-02-01 12:31:38.153
95	Ahmed.Lind8@gmail.com	1-646-492-7000	Kaia	Hahn	https://cloudflare-ipfs.com/ipfs/Qmd3W5DuhgHirLHGVixi6V76LhCkZUz6pnFt5AJBiyvHye/avatar/826.jpg	FEMALE	35	2022-02-01 00:20:36.183	2022-02-01 12:31:38.153
96	Rosalia.Zieme23@yahoo.com	671.407.4682 x82875	Maia	Labadie	https://cloudflare-ipfs.com/ipfs/Qmd3W5DuhgHirLHGVixi6V76LhCkZUz6pnFt5AJBiyvHye/avatar/18.jpg	MALE	6	2022-02-01 00:20:36.183	2022-02-01 12:31:38.153
97	Arnaldo98@hotmail.com	966-402-5704 x47974	Easton	Bernier	https://cloudflare-ipfs.com/ipfs/Qmd3W5DuhgHirLHGVixi6V76LhCkZUz6pnFt5AJBiyvHye/avatar/428.jpg	MALE	57	2022-02-01 00:20:36.183	2022-02-01 12:31:38.153
98	Gennaro48@gmail.com	726-633-4861	Therese	Lowe	https://cloudflare-ipfs.com/ipfs/Qmd3W5DuhgHirLHGVixi6V76LhCkZUz6pnFt5AJBiyvHye/avatar/983.jpg	FEMALE	24	2022-02-01 00:20:36.183	2022-02-01 12:31:38.153
99	Lura84@gmail.com	(774) 545-1275 x749	Tony	Gleason	https://cloudflare-ipfs.com/ipfs/Qmd3W5DuhgHirLHGVixi6V76LhCkZUz6pnFt5AJBiyvHye/avatar/977.jpg	MALE	83	2022-02-01 00:20:36.183	2022-02-01 12:31:38.153
100	Xander_Funk0@yahoo.com	1-461-335-1181 x820	Toby	Fay	https://cloudflare-ipfs.com/ipfs/Qmd3W5DuhgHirLHGVixi6V76LhCkZUz6pnFt5AJBiyvHye/avatar/277.jpg	FEMALE	59	2022-02-01 00:20:36.183	2022-02-01 12:31:38.153
101	Dasia.Ledner@yahoo.com	1-869-844-9487 x858	Richie	Steuber	https://cloudflare-ipfs.com/ipfs/Qmd3W5DuhgHirLHGVixi6V76LhCkZUz6pnFt5AJBiyvHye/avatar/293.jpg	MALE	68	2022-02-01 00:20:36.183	2022-02-01 12:31:38.153
102	Conrad_Anderson10@gmail.com	1-885-778-2082	Jacquelyn	Kunze	https://cloudflare-ipfs.com/ipfs/Qmd3W5DuhgHirLHGVixi6V76LhCkZUz6pnFt5AJBiyvHye/avatar/983.jpg	FEMALE	88	2022-02-01 00:20:36.183	2022-02-01 12:31:38.153
103	Eric85@gmail.com	664-711-2271	Shannon	Boehm	https://cloudflare-ipfs.com/ipfs/Qmd3W5DuhgHirLHGVixi6V76LhCkZUz6pnFt5AJBiyvHye/avatar/634.jpg	MALE	91	2022-02-01 00:20:36.183	2022-02-01 12:31:38.153
104	Mateo34@hotmail.com	(679) 462-5809	Vivien	Leuschke	https://cloudflare-ipfs.com/ipfs/Qmd3W5DuhgHirLHGVixi6V76LhCkZUz6pnFt5AJBiyvHye/avatar/962.jpg	MALE	70	2022-02-01 00:20:36.183	2022-02-01 12:31:38.153
105	Talon.Sanford97@yahoo.com	(981) 661-1671	Edison	Green	https://cloudflare-ipfs.com/ipfs/Qmd3W5DuhgHirLHGVixi6V76LhCkZUz6pnFt5AJBiyvHye/avatar/1232.jpg	FEMALE	18	2022-02-01 00:20:36.183	2022-02-01 12:31:38.153
106	Teresa_Hyatt53@gmail.com	1-724-451-6527	Destiny	Pfannerstill	https://cloudflare-ipfs.com/ipfs/Qmd3W5DuhgHirLHGVixi6V76LhCkZUz6pnFt5AJBiyvHye/avatar/574.jpg	FEMALE	48	2022-02-01 00:20:36.183	2022-02-01 12:31:38.153
107	Porter29@yahoo.com	(580) 570-6645 x792	Diamond	Cormier	https://cloudflare-ipfs.com/ipfs/Qmd3W5DuhgHirLHGVixi6V76LhCkZUz6pnFt5AJBiyvHye/avatar/1032.jpg	MALE	73	2022-02-01 00:20:36.183	2022-02-01 12:31:38.153
108	Valerie.Robel@gmail.com	316-428-1733	Kameron	Torphy	https://cloudflare-ipfs.com/ipfs/Qmd3W5DuhgHirLHGVixi6V76LhCkZUz6pnFt5AJBiyvHye/avatar/454.jpg	FEMALE	26	2022-02-01 00:20:36.183	2022-02-01 12:31:38.153
109	Kassandra_Boyer63@hotmail.com	1-882-455-1494 x743	Unique	Moen	https://cloudflare-ipfs.com/ipfs/Qmd3W5DuhgHirLHGVixi6V76LhCkZUz6pnFt5AJBiyvHye/avatar/308.jpg	FEMALE	27	2022-02-01 00:20:36.183	2022-02-01 12:31:38.153
110	Rebekah_Bogan@yahoo.com	404-752-2032 x5634	Della	Heaney	https://cloudflare-ipfs.com/ipfs/Qmd3W5DuhgHirLHGVixi6V76LhCkZUz6pnFt5AJBiyvHye/avatar/842.jpg	MALE	41	2022-02-01 00:20:36.183	2022-02-01 12:31:38.153
111	Jaylan.Paucek@gmail.com	(365) 875-6478	Aimee	Beer	https://cloudflare-ipfs.com/ipfs/Qmd3W5DuhgHirLHGVixi6V76LhCkZUz6pnFt5AJBiyvHye/avatar/894.jpg	MALE	5	2022-02-01 00:20:36.183	2022-02-01 12:31:38.153
112	Freeman90@yahoo.com	584-862-1357	Deangelo	O'Conner	https://cloudflare-ipfs.com/ipfs/Qmd3W5DuhgHirLHGVixi6V76LhCkZUz6pnFt5AJBiyvHye/avatar/432.jpg	FEMALE	51	2022-02-01 00:20:36.183	2022-02-01 12:31:38.153
113	Otilia.Stehr16@yahoo.com	836-753-4970 x1265	Glen	Goodwin	https://cloudflare-ipfs.com/ipfs/Qmd3W5DuhgHirLHGVixi6V76LhCkZUz6pnFt5AJBiyvHye/avatar/294.jpg	FEMALE	89	2022-02-01 00:20:36.183	2022-02-01 12:31:38.153
114	Marlen_Goldner@yahoo.com	919-323-4479 x5555	Elaina	Crooks	https://cloudflare-ipfs.com/ipfs/Qmd3W5DuhgHirLHGVixi6V76LhCkZUz6pnFt5AJBiyvHye/avatar/1122.jpg	FEMALE	14	2022-02-01 00:20:36.183	2022-02-01 12:31:38.153
115	Earnest.Murazik@hotmail.com	(624) 323-8545 x437	Brenda	Krajcik	https://cloudflare-ipfs.com/ipfs/Qmd3W5DuhgHirLHGVixi6V76LhCkZUz6pnFt5AJBiyvHye/avatar/1230.jpg	MALE	15	2022-02-01 00:20:36.183	2022-02-01 12:31:38.153
116	Karlie.Heaney69@gmail.com	(342) 941-6892 x72715	Ocie	Ritchie	https://cloudflare-ipfs.com/ipfs/Qmd3W5DuhgHirLHGVixi6V76LhCkZUz6pnFt5AJBiyvHye/avatar/421.jpg	MALE	49	2022-02-01 00:20:36.183	2022-02-01 12:31:38.153
117	Alaina_OConnell@hotmail.com	(629) 983-2787	Bobby	Kunde	https://cloudflare-ipfs.com/ipfs/Qmd3W5DuhgHirLHGVixi6V76LhCkZUz6pnFt5AJBiyvHye/avatar/833.jpg	MALE	23	2022-02-01 00:20:36.183	2022-02-01 12:31:38.153
118	Melisa_Hammes29@hotmail.com	1-875-976-7920	Carmine	Reilly	https://cloudflare-ipfs.com/ipfs/Qmd3W5DuhgHirLHGVixi6V76LhCkZUz6pnFt5AJBiyvHye/avatar/520.jpg	MALE	69	2022-02-01 00:20:36.183	2022-02-01 12:31:38.153
119	Lou32@gmail.com	1-734-325-1544 x80271	Jennifer	Schneider	https://cloudflare-ipfs.com/ipfs/Qmd3W5DuhgHirLHGVixi6V76LhCkZUz6pnFt5AJBiyvHye/avatar/604.jpg	FEMALE	39	2022-02-01 00:20:36.183	2022-02-01 12:31:38.153
120	Salma87@yahoo.com	(992) 469-5650 x38757	Delbert	Little	https://cloudflare-ipfs.com/ipfs/Qmd3W5DuhgHirLHGVixi6V76LhCkZUz6pnFt5AJBiyvHye/avatar/855.jpg	MALE	92	2022-02-01 00:20:36.183	2022-02-01 12:31:38.153
121	Wilbert_Jacobs19@yahoo.com	(205) 266-7237 x446	Tavares	Shields	https://cloudflare-ipfs.com/ipfs/Qmd3W5DuhgHirLHGVixi6V76LhCkZUz6pnFt5AJBiyvHye/avatar/650.jpg	MALE	93	2022-02-01 00:20:36.183	2022-02-01 12:31:38.153
122	Murray_Bauch@gmail.com	1-463-608-0127 x151	Toney	Zboncak	https://cloudflare-ipfs.com/ipfs/Qmd3W5DuhgHirLHGVixi6V76LhCkZUz6pnFt5AJBiyvHye/avatar/518.jpg	FEMALE	85	2022-02-01 00:20:36.183	2022-02-01 12:31:38.153
123	Dino_Connelly@gmail.com	1-269-912-1409 x998	Muhammad	Corwin	https://cloudflare-ipfs.com/ipfs/Qmd3W5DuhgHirLHGVixi6V76LhCkZUz6pnFt5AJBiyvHye/avatar/402.jpg	FEMALE	4	2022-02-01 00:20:36.183	2022-02-01 12:31:38.153
124	Alice_Von18@hotmail.com	1-411-413-9387	Abdul	Hyatt	https://cloudflare-ipfs.com/ipfs/Qmd3W5DuhgHirLHGVixi6V76LhCkZUz6pnFt5AJBiyvHye/avatar/1061.jpg	MALE	68	2022-02-01 00:20:36.183	2022-02-01 12:31:38.153
125	Benjamin62@gmail.com	502.759.6373	Eliane	Rempel	https://cloudflare-ipfs.com/ipfs/Qmd3W5DuhgHirLHGVixi6V76LhCkZUz6pnFt5AJBiyvHye/avatar/452.jpg	MALE	55	2022-02-01 00:20:36.183	2022-02-01 12:31:38.153
126	Conner.Ritchie74@hotmail.com	721.385.3482	Monserrate	Schmitt	https://cloudflare-ipfs.com/ipfs/Qmd3W5DuhgHirLHGVixi6V76LhCkZUz6pnFt5AJBiyvHye/avatar/226.jpg	MALE	8	2022-02-01 00:20:36.183	2022-02-01 12:31:38.153
127	Jerry44@yahoo.com	706.485.8839	Mireille	Kerluke	https://cloudflare-ipfs.com/ipfs/Qmd3W5DuhgHirLHGVixi6V76LhCkZUz6pnFt5AJBiyvHye/avatar/379.jpg	MALE	60	2022-02-01 00:20:36.183	2022-02-01 12:31:38.153
128	Hester.Stanton@yahoo.com	(237) 552-6873 x53311	Willow	Lockman	https://cloudflare-ipfs.com/ipfs/Qmd3W5DuhgHirLHGVixi6V76LhCkZUz6pnFt5AJBiyvHye/avatar/943.jpg	FEMALE	30	2022-02-01 00:20:36.183	2022-02-01 12:31:38.153
129	Rebeka_Nitzsche81@gmail.com	1-935-617-7915 x993	Bria	Ernser	https://cloudflare-ipfs.com/ipfs/Qmd3W5DuhgHirLHGVixi6V76LhCkZUz6pnFt5AJBiyvHye/avatar/74.jpg	FEMALE	20	2022-02-01 00:20:36.183	2022-02-01 12:31:38.153
130	Donnie.Ortiz@yahoo.com	(719) 604-8522 x0328	Glenna	Lindgren	https://cloudflare-ipfs.com/ipfs/Qmd3W5DuhgHirLHGVixi6V76LhCkZUz6pnFt5AJBiyvHye/avatar/735.jpg	MALE	21	2022-02-01 00:20:36.183	2022-02-01 12:31:38.153
131	Kathlyn2@yahoo.com	312.939.0015	Kris	Douglas	https://cloudflare-ipfs.com/ipfs/Qmd3W5DuhgHirLHGVixi6V76LhCkZUz6pnFt5AJBiyvHye/avatar/412.jpg	FEMALE	20	2022-02-01 00:20:36.183	2022-02-01 12:31:38.153
132	Helena22@hotmail.com	1-342-951-3610 x7865	Jovani	Bayer	https://cloudflare-ipfs.com/ipfs/Qmd3W5DuhgHirLHGVixi6V76LhCkZUz6pnFt5AJBiyvHye/avatar/1148.jpg	FEMALE	24	2022-02-01 00:20:36.183	2022-02-01 12:31:38.153
133	Mariam_Stehr@hotmail.com	1-888-592-9473	Emelia	Block	https://cloudflare-ipfs.com/ipfs/Qmd3W5DuhgHirLHGVixi6V76LhCkZUz6pnFt5AJBiyvHye/avatar/710.jpg	FEMALE	72	2022-02-01 00:20:36.183	2022-02-01 12:31:38.153
134	Adonis.Howell@gmail.com	(333) 996-4270 x66340	Myrl	Cronin	https://cloudflare-ipfs.com/ipfs/Qmd3W5DuhgHirLHGVixi6V76LhCkZUz6pnFt5AJBiyvHye/avatar/97.jpg	FEMALE	61	2022-02-01 00:20:36.183	2022-02-01 12:31:38.153
135	Dewitt.Flatley60@yahoo.com	(555) 258-7683 x5929	Grace	Harber	https://cloudflare-ipfs.com/ipfs/Qmd3W5DuhgHirLHGVixi6V76LhCkZUz6pnFt5AJBiyvHye/avatar/1081.jpg	MALE	71	2022-02-01 00:20:36.183	2022-02-01 12:31:38.153
136	Rowan.Kuphal@hotmail.com	(316) 982-4282 x2705	Oral	Pacocha	https://cloudflare-ipfs.com/ipfs/Qmd3W5DuhgHirLHGVixi6V76LhCkZUz6pnFt5AJBiyvHye/avatar/1244.jpg	MALE	48	2022-02-01 00:20:36.183	2022-02-01 12:31:38.153
137	Yasmin_Kub@hotmail.com	955.417.5529	Kathleen	Wehner	https://cloudflare-ipfs.com/ipfs/Qmd3W5DuhgHirLHGVixi6V76LhCkZUz6pnFt5AJBiyvHye/avatar/166.jpg	MALE	42	2022-02-01 00:20:36.183	2022-02-01 12:31:38.153
138	Cornell44@hotmail.com	642-916-0859 x7473	Dillan	Haley	https://cloudflare-ipfs.com/ipfs/Qmd3W5DuhgHirLHGVixi6V76LhCkZUz6pnFt5AJBiyvHye/avatar/132.jpg	MALE	27	2022-02-01 00:20:36.183	2022-02-01 12:31:38.153
139	Annie80@yahoo.com	681-921-5234 x642	Luz	Anderson	https://cloudflare-ipfs.com/ipfs/Qmd3W5DuhgHirLHGVixi6V76LhCkZUz6pnFt5AJBiyvHye/avatar/282.jpg	MALE	13	2022-02-01 00:20:36.183	2022-02-01 12:31:38.153
140	Freda_Dietrich@yahoo.com	(573) 328-5107	Virgil	Rogahn	https://cloudflare-ipfs.com/ipfs/Qmd3W5DuhgHirLHGVixi6V76LhCkZUz6pnFt5AJBiyvHye/avatar/1065.jpg	FEMALE	84	2022-02-01 00:20:36.183	2022-02-01 12:31:38.153
141	Noemi75@yahoo.com	(738) 553-7515	Trystan	Gleichner	https://cloudflare-ipfs.com/ipfs/Qmd3W5DuhgHirLHGVixi6V76LhCkZUz6pnFt5AJBiyvHye/avatar/1086.jpg	FEMALE	33	2022-02-01 00:20:36.183	2022-02-01 12:31:38.153
142	Josh_Mayert@gmail.com	1-339-472-4438 x39025	Okey	Prohaska	https://cloudflare-ipfs.com/ipfs/Qmd3W5DuhgHirLHGVixi6V76LhCkZUz6pnFt5AJBiyvHye/avatar/510.jpg	MALE	32	2022-02-01 00:20:36.183	2022-02-01 12:31:38.153
143	Jaylin20@hotmail.com	759-311-1793 x9829	Lindsay	Fay	https://cloudflare-ipfs.com/ipfs/Qmd3W5DuhgHirLHGVixi6V76LhCkZUz6pnFt5AJBiyvHye/avatar/567.jpg	FEMALE	55	2022-02-01 00:20:36.183	2022-02-01 12:31:38.153
144	Giuseppe_Metz36@gmail.com	723.761.0052 x86481	Lafayette	Bode	https://cloudflare-ipfs.com/ipfs/Qmd3W5DuhgHirLHGVixi6V76LhCkZUz6pnFt5AJBiyvHye/avatar/478.jpg	FEMALE	44	2022-02-01 00:20:36.183	2022-02-01 12:31:38.153
145	Randi_Denesik99@hotmail.com	(283) 804-9755	Heather	Kovacek	https://cloudflare-ipfs.com/ipfs/Qmd3W5DuhgHirLHGVixi6V76LhCkZUz6pnFt5AJBiyvHye/avatar/890.jpg	MALE	40	2022-02-01 00:20:36.183	2022-02-01 12:31:38.153
146	Gavin_Reinger@yahoo.com	524.965.6911	Kellie	Kertzmann	https://cloudflare-ipfs.com/ipfs/Qmd3W5DuhgHirLHGVixi6V76LhCkZUz6pnFt5AJBiyvHye/avatar/1055.jpg	FEMALE	55	2022-02-01 00:20:36.183	2022-02-01 12:31:38.153
147	Marguerite_Metz@hotmail.com	609.457.7595	Wilfrid	Bartell	https://cloudflare-ipfs.com/ipfs/Qmd3W5DuhgHirLHGVixi6V76LhCkZUz6pnFt5AJBiyvHye/avatar/658.jpg	FEMALE	74	2022-02-01 00:20:36.183	2022-02-01 12:31:38.153
148	Jayda_Dare90@gmail.com	329-333-9095 x65408	Alize	Kautzer	https://cloudflare-ipfs.com/ipfs/Qmd3W5DuhgHirLHGVixi6V76LhCkZUz6pnFt5AJBiyvHye/avatar/45.jpg	FEMALE	18	2022-02-01 00:20:36.183	2022-02-01 12:31:38.153
149	Jasmin_Cormier86@hotmail.com	384.271.7569	Cooper	Mosciski	https://cloudflare-ipfs.com/ipfs/Qmd3W5DuhgHirLHGVixi6V76LhCkZUz6pnFt5AJBiyvHye/avatar/1112.jpg	FEMALE	93	2022-02-01 00:20:36.183	2022-02-01 12:31:38.153
150	Henriette.Emard@gmail.com	(914) 745-8087 x629	Camden	Roob	https://cloudflare-ipfs.com/ipfs/Qmd3W5DuhgHirLHGVixi6V76LhCkZUz6pnFt5AJBiyvHye/avatar/1050.jpg	FEMALE	23	2022-02-01 00:20:36.183	2022-02-01 12:31:38.153
151	Rozella_Hayes19@hotmail.com	1-905-698-5579 x47109	Neoma	Simonis	https://cloudflare-ipfs.com/ipfs/Qmd3W5DuhgHirLHGVixi6V76LhCkZUz6pnFt5AJBiyvHye/avatar/814.jpg	FEMALE	28	2022-02-01 00:20:36.183	2022-02-01 12:31:38.153
152	Mae.Ortiz@gmail.com	(861) 551-8593	Geovanny	Yost	https://cloudflare-ipfs.com/ipfs/Qmd3W5DuhgHirLHGVixi6V76LhCkZUz6pnFt5AJBiyvHye/avatar/45.jpg	FEMALE	8	2022-02-01 00:20:36.183	2022-02-01 12:31:38.153
153	Ansley26@yahoo.com	(632) 329-4370 x94413	Breanna	Olson	https://cloudflare-ipfs.com/ipfs/Qmd3W5DuhgHirLHGVixi6V76LhCkZUz6pnFt5AJBiyvHye/avatar/240.jpg	MALE	26	2022-02-01 00:20:36.183	2022-02-01 12:31:38.153
154	Einar67@yahoo.com	(428) 298-0650 x911	Kennedy	Herman	https://cloudflare-ipfs.com/ipfs/Qmd3W5DuhgHirLHGVixi6V76LhCkZUz6pnFt5AJBiyvHye/avatar/1217.jpg	FEMALE	5	2022-02-01 00:20:36.183	2022-02-01 12:31:38.153
155	Cordie.Pouros@yahoo.com	(376) 735-9777	Bart	Quigley	https://cloudflare-ipfs.com/ipfs/Qmd3W5DuhgHirLHGVixi6V76LhCkZUz6pnFt5AJBiyvHye/avatar/735.jpg	MALE	21	2022-02-01 00:20:36.183	2022-02-01 12:31:38.153
156	Herminia.Kovacek5@yahoo.com	1-217-583-2274	Harrison	Howe	https://cloudflare-ipfs.com/ipfs/Qmd3W5DuhgHirLHGVixi6V76LhCkZUz6pnFt5AJBiyvHye/avatar/658.jpg	FEMALE	86	2022-02-01 00:20:36.183	2022-02-01 12:31:38.153
157	Gerda_Kohler24@yahoo.com	1-332-307-2062 x1539	Bertram	Nolan	https://cloudflare-ipfs.com/ipfs/Qmd3W5DuhgHirLHGVixi6V76LhCkZUz6pnFt5AJBiyvHye/avatar/1071.jpg	MALE	79	2022-02-01 00:20:36.183	2022-02-01 12:31:38.153
158	Sallie.Thiel@gmail.com	832-921-5696	Simeon	Marks	https://cloudflare-ipfs.com/ipfs/Qmd3W5DuhgHirLHGVixi6V76LhCkZUz6pnFt5AJBiyvHye/avatar/1147.jpg	FEMALE	78	2022-02-01 00:20:36.183	2022-02-01 12:31:38.153
159	Elvie.Wilderman98@gmail.com	1-437-753-3637	Lavinia	Wuckert	https://cloudflare-ipfs.com/ipfs/Qmd3W5DuhgHirLHGVixi6V76LhCkZUz6pnFt5AJBiyvHye/avatar/955.jpg	FEMALE	60	2022-02-01 00:20:36.183	2022-02-01 12:31:38.153
160	Margot.Bode@gmail.com	(968) 553-9890	Alba	Rath	https://cloudflare-ipfs.com/ipfs/Qmd3W5DuhgHirLHGVixi6V76LhCkZUz6pnFt5AJBiyvHye/avatar/185.jpg	MALE	85	2022-02-01 00:20:36.183	2022-02-01 12:31:38.153
161	Braxton.Schmitt56@gmail.com	1-864-211-8598 x8242	Scarlett	McDermott	https://cloudflare-ipfs.com/ipfs/Qmd3W5DuhgHirLHGVixi6V76LhCkZUz6pnFt5AJBiyvHye/avatar/3.jpg	FEMALE	97	2022-02-01 00:20:36.183	2022-02-01 12:31:38.153
162	Boris92@gmail.com	(939) 650-3427	Lonny	Veum	https://cloudflare-ipfs.com/ipfs/Qmd3W5DuhgHirLHGVixi6V76LhCkZUz6pnFt5AJBiyvHye/avatar/487.jpg	MALE	54	2022-02-01 00:20:36.183	2022-02-01 12:31:38.153
163	Narciso_Treutel42@yahoo.com	(692) 422-5865	Adelle	Pagac	https://cloudflare-ipfs.com/ipfs/Qmd3W5DuhgHirLHGVixi6V76LhCkZUz6pnFt5AJBiyvHye/avatar/822.jpg	MALE	69	2022-02-01 00:20:36.183	2022-02-01 12:31:38.153
164	Lera.Metz@gmail.com	1-502-435-4038 x0006	May	Goldner	https://cloudflare-ipfs.com/ipfs/Qmd3W5DuhgHirLHGVixi6V76LhCkZUz6pnFt5AJBiyvHye/avatar/704.jpg	FEMALE	14	2022-02-01 00:20:36.183	2022-02-01 12:31:38.153
165	Cesar70@gmail.com	968-805-8182	Harry	Kunze	https://cloudflare-ipfs.com/ipfs/Qmd3W5DuhgHirLHGVixi6V76LhCkZUz6pnFt5AJBiyvHye/avatar/1149.jpg	FEMALE	82	2022-02-01 00:20:36.183	2022-02-01 12:31:38.153
166	Jackie.Johns2@yahoo.com	(730) 688-9814 x82715	Dillan	Johnston	https://cloudflare-ipfs.com/ipfs/Qmd3W5DuhgHirLHGVixi6V76LhCkZUz6pnFt5AJBiyvHye/avatar/856.jpg	MALE	73	2022-02-01 00:20:36.183	2022-02-01 12:31:38.153
167	Emmett68@hotmail.com	559-518-8898	Wellington	Hodkiewicz	https://cloudflare-ipfs.com/ipfs/Qmd3W5DuhgHirLHGVixi6V76LhCkZUz6pnFt5AJBiyvHye/avatar/1126.jpg	MALE	26	2022-02-01 00:20:36.183	2022-02-01 12:31:38.153
168	Eliane89@gmail.com	852-339-5900	Fredy	Cruickshank	https://cloudflare-ipfs.com/ipfs/Qmd3W5DuhgHirLHGVixi6V76LhCkZUz6pnFt5AJBiyvHye/avatar/715.jpg	MALE	76	2022-02-01 00:20:36.183	2022-02-01 12:31:38.153
169	Jessy_Ryan32@hotmail.com	1-663-646-4927	Noel	Farrell	https://cloudflare-ipfs.com/ipfs/Qmd3W5DuhgHirLHGVixi6V76LhCkZUz6pnFt5AJBiyvHye/avatar/1208.jpg	FEMALE	52	2022-02-01 00:20:36.183	2022-02-01 12:31:38.153
170	Lelia.Shields74@hotmail.com	807-526-1403	Cheyanne	Cormier	https://cloudflare-ipfs.com/ipfs/Qmd3W5DuhgHirLHGVixi6V76LhCkZUz6pnFt5AJBiyvHye/avatar/52.jpg	FEMALE	19	2022-02-01 00:20:36.183	2022-02-01 12:31:38.153
171	Audrey_Rohan@gmail.com	1-273-338-0507	Jackson	Kuphal	https://cloudflare-ipfs.com/ipfs/Qmd3W5DuhgHirLHGVixi6V76LhCkZUz6pnFt5AJBiyvHye/avatar/314.jpg	MALE	33	2022-02-01 00:20:36.183	2022-02-01 12:31:38.153
172	Juana64@gmail.com	1-221-751-8971	Derek	Stoltenberg	https://cloudflare-ipfs.com/ipfs/Qmd3W5DuhgHirLHGVixi6V76LhCkZUz6pnFt5AJBiyvHye/avatar/1036.jpg	MALE	43	2022-02-01 00:20:36.183	2022-02-01 12:31:38.153
173	Moises.Dietrich@yahoo.com	423-305-9008 x9167	Lucile	Hauck	https://cloudflare-ipfs.com/ipfs/Qmd3W5DuhgHirLHGVixi6V76LhCkZUz6pnFt5AJBiyvHye/avatar/270.jpg	FEMALE	22	2022-02-01 00:20:36.183	2022-02-01 12:31:38.153
174	Guadalupe_Johnson74@gmail.com	1-822-308-6021	Eino	Rempel	https://cloudflare-ipfs.com/ipfs/Qmd3W5DuhgHirLHGVixi6V76LhCkZUz6pnFt5AJBiyvHye/avatar/500.jpg	MALE	25	2022-02-01 00:20:36.183	2022-02-01 12:31:38.153
175	Audreanne.Kirlin@yahoo.com	1-420-354-1922 x475	Trenton	Terry	https://cloudflare-ipfs.com/ipfs/Qmd3W5DuhgHirLHGVixi6V76LhCkZUz6pnFt5AJBiyvHye/avatar/915.jpg	MALE	7	2022-02-01 00:20:36.183	2022-02-01 12:31:38.153
176	Ken.Hyatt@hotmail.com	880.812.0184	Cali	Gerlach	https://cloudflare-ipfs.com/ipfs/Qmd3W5DuhgHirLHGVixi6V76LhCkZUz6pnFt5AJBiyvHye/avatar/951.jpg	MALE	63	2022-02-01 00:20:36.183	2022-02-01 12:31:38.153
177	Henderson16@yahoo.com	917.215.2293	Danny	Koelpin	https://cloudflare-ipfs.com/ipfs/Qmd3W5DuhgHirLHGVixi6V76LhCkZUz6pnFt5AJBiyvHye/avatar/1022.jpg	MALE	69	2022-02-01 00:20:36.183	2022-02-01 12:31:38.153
178	Tre.Anderson61@yahoo.com	424.576.6587 x49038	Domingo	Gusikowski	https://cloudflare-ipfs.com/ipfs/Qmd3W5DuhgHirLHGVixi6V76LhCkZUz6pnFt5AJBiyvHye/avatar/690.jpg	FEMALE	92	2022-02-01 00:20:36.183	2022-02-01 12:31:38.153
179	Thad.Leuschke@yahoo.com	1-988-240-4779	Conner	Harber	https://cloudflare-ipfs.com/ipfs/Qmd3W5DuhgHirLHGVixi6V76LhCkZUz6pnFt5AJBiyvHye/avatar/127.jpg	MALE	55	2022-02-01 00:20:36.183	2022-02-01 12:31:38.153
180	Dwight_Mante@gmail.com	(341) 372-5265	Mozell	Feil	https://cloudflare-ipfs.com/ipfs/Qmd3W5DuhgHirLHGVixi6V76LhCkZUz6pnFt5AJBiyvHye/avatar/265.jpg	MALE	85	2022-02-01 00:20:36.183	2022-02-01 12:31:38.153
181	Allie_Wolf80@gmail.com	308-681-6618 x8947	Estefania	Walsh	https://cloudflare-ipfs.com/ipfs/Qmd3W5DuhgHirLHGVixi6V76LhCkZUz6pnFt5AJBiyvHye/avatar/995.jpg	FEMALE	26	2022-02-01 00:20:36.183	2022-02-01 12:31:38.153
182	Amaya.Bosco36@hotmail.com	(742) 655-0819 x090	Aidan	Stroman	https://cloudflare-ipfs.com/ipfs/Qmd3W5DuhgHirLHGVixi6V76LhCkZUz6pnFt5AJBiyvHye/avatar/691.jpg	FEMALE	69	2022-02-01 00:20:36.183	2022-02-01 12:31:38.153
183	Cara_Cruickshank@hotmail.com	439.259.6004	Layla	Kertzmann	https://cloudflare-ipfs.com/ipfs/Qmd3W5DuhgHirLHGVixi6V76LhCkZUz6pnFt5AJBiyvHye/avatar/1203.jpg	MALE	59	2022-02-01 00:20:36.183	2022-02-01 12:31:38.153
184	Tobin43@yahoo.com	219.675.3368 x41860	Olga	Upton	https://cloudflare-ipfs.com/ipfs/Qmd3W5DuhgHirLHGVixi6V76LhCkZUz6pnFt5AJBiyvHye/avatar/946.jpg	MALE	71	2022-02-01 00:20:36.183	2022-02-01 12:31:38.153
185	Jayne_Treutel@yahoo.com	811-267-5713 x164	Lexie	Grant	https://cloudflare-ipfs.com/ipfs/Qmd3W5DuhgHirLHGVixi6V76LhCkZUz6pnFt5AJBiyvHye/avatar/750.jpg	MALE	1	2022-02-01 00:20:36.183	2022-02-01 12:31:38.153
186	Burdette.Collier@gmail.com	271-558-6221	Oda	Lesch	https://cloudflare-ipfs.com/ipfs/Qmd3W5DuhgHirLHGVixi6V76LhCkZUz6pnFt5AJBiyvHye/avatar/1163.jpg	FEMALE	82	2022-02-01 00:20:36.183	2022-02-01 12:31:38.153
187	Chris_Metz@yahoo.com	1-947-890-5187	Beau	Daniel	https://cloudflare-ipfs.com/ipfs/Qmd3W5DuhgHirLHGVixi6V76LhCkZUz6pnFt5AJBiyvHye/avatar/179.jpg	MALE	21	2022-02-01 00:20:36.183	2022-02-01 12:31:38.153
188	Elisabeth76@hotmail.com	378.615.8440	Colton	Schmidt	https://cloudflare-ipfs.com/ipfs/Qmd3W5DuhgHirLHGVixi6V76LhCkZUz6pnFt5AJBiyvHye/avatar/375.jpg	FEMALE	53	2022-02-01 00:20:36.183	2022-02-01 12:31:38.153
189	Anabelle64@gmail.com	(298) 881-5794	Ardith	Prohaska	https://cloudflare-ipfs.com/ipfs/Qmd3W5DuhgHirLHGVixi6V76LhCkZUz6pnFt5AJBiyvHye/avatar/24.jpg	MALE	53	2022-02-01 00:20:36.183	2022-02-01 12:31:38.153
190	Alycia30@hotmail.com	699-278-8425	Celia	Barton	https://cloudflare-ipfs.com/ipfs/Qmd3W5DuhgHirLHGVixi6V76LhCkZUz6pnFt5AJBiyvHye/avatar/1172.jpg	MALE	74	2022-02-01 00:20:36.183	2022-02-01 12:31:38.153
191	Harmon_Rogahn20@yahoo.com	846.214.2932	Isabella	Goldner	https://cloudflare-ipfs.com/ipfs/Qmd3W5DuhgHirLHGVixi6V76LhCkZUz6pnFt5AJBiyvHye/avatar/676.jpg	MALE	59	2022-02-01 00:20:36.183	2022-02-01 12:31:38.153
192	Deon.Fadel97@yahoo.com	1-880-520-0357 x2916	Marty	Ondricka	https://cloudflare-ipfs.com/ipfs/Qmd3W5DuhgHirLHGVixi6V76LhCkZUz6pnFt5AJBiyvHye/avatar/218.jpg	FEMALE	77	2022-02-01 00:20:36.183	2022-02-01 12:31:38.153
193	Bailey_Schneider@yahoo.com	878.542.5278 x854	Marty	Huels	https://cloudflare-ipfs.com/ipfs/Qmd3W5DuhgHirLHGVixi6V76LhCkZUz6pnFt5AJBiyvHye/avatar/1043.jpg	MALE	37	2022-02-01 00:20:36.183	2022-02-01 12:31:38.153
194	Dora.Donnelly@gmail.com	821.833.5027	Juston	Batz	https://cloudflare-ipfs.com/ipfs/Qmd3W5DuhgHirLHGVixi6V76LhCkZUz6pnFt5AJBiyvHye/avatar/733.jpg	MALE	55	2022-02-01 00:20:36.183	2022-02-01 12:31:38.153
195	Emmy9@hotmail.com	911-981-2641 x0082	Aron	Baumbach	https://cloudflare-ipfs.com/ipfs/Qmd3W5DuhgHirLHGVixi6V76LhCkZUz6pnFt5AJBiyvHye/avatar/944.jpg	MALE	10	2022-02-01 00:20:36.183	2022-02-01 12:31:38.153
196	Xavier.Schmitt@yahoo.com	714.681.5567	Jean	Kuhlman	https://cloudflare-ipfs.com/ipfs/Qmd3W5DuhgHirLHGVixi6V76LhCkZUz6pnFt5AJBiyvHye/avatar/960.jpg	FEMALE	31	2022-02-01 00:20:36.183	2022-02-01 12:31:38.153
197	Jailyn74@gmail.com	(258) 544-2876 x4774	Gayle	Labadie	https://cloudflare-ipfs.com/ipfs/Qmd3W5DuhgHirLHGVixi6V76LhCkZUz6pnFt5AJBiyvHye/avatar/786.jpg	FEMALE	10	2022-02-01 00:20:36.183	2022-02-01 12:31:38.153
198	Amie76@gmail.com	1-345-897-2830 x5853	Garry	Haley	https://cloudflare-ipfs.com/ipfs/Qmd3W5DuhgHirLHGVixi6V76LhCkZUz6pnFt5AJBiyvHye/avatar/962.jpg	MALE	85	2022-02-01 00:20:36.183	2022-02-01 12:31:38.153
199	Yazmin.Medhurst@yahoo.com	(337) 812-4887	Orrin	Metz	https://cloudflare-ipfs.com/ipfs/Qmd3W5DuhgHirLHGVixi6V76LhCkZUz6pnFt5AJBiyvHye/avatar/243.jpg	MALE	54	2022-02-01 00:20:36.183	2022-02-01 12:31:38.153
200	Susan24@gmail.com	1-688-291-1607	Eulah	Little	https://cloudflare-ipfs.com/ipfs/Qmd3W5DuhgHirLHGVixi6V76LhCkZUz6pnFt5AJBiyvHye/avatar/428.jpg	MALE	20	2022-02-01 00:20:36.183	2022-02-01 12:31:38.153
201	Angel_Pouros99@yahoo.com	1-283-321-5733 x67291	Eleazar	Lowe	https://cloudflare-ipfs.com/ipfs/Qmd3W5DuhgHirLHGVixi6V76LhCkZUz6pnFt5AJBiyvHye/avatar/1008.jpg	MALE	57	2022-02-01 00:20:36.183	2022-02-01 12:31:38.153
202	Suzanne.Bailey71@hotmail.com	587-861-3761	Antonietta	Osinski	https://cloudflare-ipfs.com/ipfs/Qmd3W5DuhgHirLHGVixi6V76LhCkZUz6pnFt5AJBiyvHye/avatar/733.jpg	MALE	14	2022-02-01 00:20:36.183	2022-02-01 12:31:38.153
203	Bradly.Thiel67@yahoo.com	(325) 624-1132 x723	Kane	Grant	https://cloudflare-ipfs.com/ipfs/Qmd3W5DuhgHirLHGVixi6V76LhCkZUz6pnFt5AJBiyvHye/avatar/1043.jpg	MALE	3	2022-02-01 00:20:36.183	2022-02-01 12:31:38.153
204	Kaleigh_Orn53@yahoo.com	320-301-9830	Noble	Pouros	https://cloudflare-ipfs.com/ipfs/Qmd3W5DuhgHirLHGVixi6V76LhCkZUz6pnFt5AJBiyvHye/avatar/771.jpg	MALE	27	2022-02-01 00:20:36.183	2022-02-01 12:31:38.153
205	Darlene.Fahey@gmail.com	885-243-3764 x79307	Santa	Ebert	https://cloudflare-ipfs.com/ipfs/Qmd3W5DuhgHirLHGVixi6V76LhCkZUz6pnFt5AJBiyvHye/avatar/818.jpg	FEMALE	65	2022-02-01 00:20:36.183	2022-02-01 12:31:38.153
206	Lavern_Dicki@hotmail.com	567-810-1196 x6625	Beaulah	Raynor	https://cloudflare-ipfs.com/ipfs/Qmd3W5DuhgHirLHGVixi6V76LhCkZUz6pnFt5AJBiyvHye/avatar/1242.jpg	MALE	63	2022-02-01 00:20:36.183	2022-02-01 12:31:38.153
207	Alfonso76@hotmail.com	(515) 856-8205 x379	Gabrielle	Champlin	https://cloudflare-ipfs.com/ipfs/Qmd3W5DuhgHirLHGVixi6V76LhCkZUz6pnFt5AJBiyvHye/avatar/402.jpg	FEMALE	98	2022-02-01 00:20:36.183	2022-02-01 12:31:38.153
208	Wilber_Davis@yahoo.com	1-270-376-2351 x078	Sandra	Terry	https://cloudflare-ipfs.com/ipfs/Qmd3W5DuhgHirLHGVixi6V76LhCkZUz6pnFt5AJBiyvHye/avatar/1223.jpg	MALE	66	2022-02-01 00:20:36.183	2022-02-01 12:31:38.153
209	Nolan20@hotmail.com	(983) 809-5659 x860	Stuart	Schiller	https://cloudflare-ipfs.com/ipfs/Qmd3W5DuhgHirLHGVixi6V76LhCkZUz6pnFt5AJBiyvHye/avatar/199.jpg	MALE	43	2022-02-01 00:20:36.183	2022-02-01 12:31:38.153
210	Giuseppe36@yahoo.com	1-885-562-4777	Gunnar	Hane	https://cloudflare-ipfs.com/ipfs/Qmd3W5DuhgHirLHGVixi6V76LhCkZUz6pnFt5AJBiyvHye/avatar/116.jpg	MALE	43	2022-02-01 00:20:36.183	2022-02-01 12:31:38.153
211	Brenden51@yahoo.com	(763) 622-5551	Frederik	Nolan	https://cloudflare-ipfs.com/ipfs/Qmd3W5DuhgHirLHGVixi6V76LhCkZUz6pnFt5AJBiyvHye/avatar/653.jpg	MALE	61	2022-02-01 00:20:36.183	2022-02-01 12:31:38.153
212	Nona46@gmail.com	273-776-9295 x48359	Deven	Stiedemann	https://cloudflare-ipfs.com/ipfs/Qmd3W5DuhgHirLHGVixi6V76LhCkZUz6pnFt5AJBiyvHye/avatar/1029.jpg	FEMALE	71	2022-02-01 00:20:36.183	2022-02-01 12:31:38.153
213	Desmond_Schoen34@yahoo.com	(742) 993-1734 x8926	Eden	Williamson	https://cloudflare-ipfs.com/ipfs/Qmd3W5DuhgHirLHGVixi6V76LhCkZUz6pnFt5AJBiyvHye/avatar/675.jpg	MALE	92	2022-02-01 00:20:36.183	2022-02-01 12:31:38.153
214	Drake31@yahoo.com	479.945.6103 x55145	Devin	Rutherford	https://cloudflare-ipfs.com/ipfs/Qmd3W5DuhgHirLHGVixi6V76LhCkZUz6pnFt5AJBiyvHye/avatar/621.jpg	MALE	68	2022-02-01 00:20:36.183	2022-02-01 12:31:38.153
215	Stephany_Pollich@gmail.com	(816) 281-7879 x3878	Milan	Rodriguez	https://cloudflare-ipfs.com/ipfs/Qmd3W5DuhgHirLHGVixi6V76LhCkZUz6pnFt5AJBiyvHye/avatar/359.jpg	FEMALE	58	2022-02-01 00:20:36.183	2022-02-01 12:31:38.153
216	Gussie14@yahoo.com	(270) 760-8219 x7628	Ellen	Toy	https://cloudflare-ipfs.com/ipfs/Qmd3W5DuhgHirLHGVixi6V76LhCkZUz6pnFt5AJBiyvHye/avatar/990.jpg	FEMALE	94	2022-02-01 00:20:36.183	2022-02-01 12:31:38.153
217	Abner44@hotmail.com	1-834-469-3368	Glennie	Douglas	https://cloudflare-ipfs.com/ipfs/Qmd3W5DuhgHirLHGVixi6V76LhCkZUz6pnFt5AJBiyvHye/avatar/1091.jpg	FEMALE	8	2022-02-01 00:20:36.183	2022-02-01 12:31:38.153
218	Tracy.Grady27@yahoo.com	895-437-8983 x1731	David	Doyle	https://cloudflare-ipfs.com/ipfs/Qmd3W5DuhgHirLHGVixi6V76LhCkZUz6pnFt5AJBiyvHye/avatar/1016.jpg	MALE	72	2022-02-01 00:20:36.183	2022-02-01 12:31:38.153
219	Gia5@hotmail.com	1-452-612-0586 x451	Velma	Gislason	https://cloudflare-ipfs.com/ipfs/Qmd3W5DuhgHirLHGVixi6V76LhCkZUz6pnFt5AJBiyvHye/avatar/36.jpg	MALE	36	2022-02-01 00:20:36.183	2022-02-01 12:31:38.153
220	Garland90@hotmail.com	(956) 217-3114	Elsa	Quigley	https://cloudflare-ipfs.com/ipfs/Qmd3W5DuhgHirLHGVixi6V76LhCkZUz6pnFt5AJBiyvHye/avatar/385.jpg	MALE	10	2022-02-01 00:20:36.183	2022-02-01 12:31:38.153
221	Fredy76@hotmail.com	671-210-6018	Jadon	Kerluke	https://cloudflare-ipfs.com/ipfs/Qmd3W5DuhgHirLHGVixi6V76LhCkZUz6pnFt5AJBiyvHye/avatar/597.jpg	MALE	64	2022-02-01 00:20:36.183	2022-02-01 12:31:38.153
222	Darrick4@gmail.com	598.378.3823 x6473	Dawn	Brakus	https://cloudflare-ipfs.com/ipfs/Qmd3W5DuhgHirLHGVixi6V76LhCkZUz6pnFt5AJBiyvHye/avatar/521.jpg	MALE	97	2022-02-01 00:20:36.183	2022-02-01 12:31:38.153
223	Helmer.Haley@yahoo.com	1-870-610-9533 x10809	Anderson	Marks	https://cloudflare-ipfs.com/ipfs/Qmd3W5DuhgHirLHGVixi6V76LhCkZUz6pnFt5AJBiyvHye/avatar/1077.jpg	MALE	60	2022-02-01 00:20:36.183	2022-02-01 12:31:38.153
224	Jasmin.Rau34@yahoo.com	(359) 590-1971	Phyllis	Gutkowski	https://cloudflare-ipfs.com/ipfs/Qmd3W5DuhgHirLHGVixi6V76LhCkZUz6pnFt5AJBiyvHye/avatar/367.jpg	MALE	4	2022-02-01 00:20:36.183	2022-02-01 12:31:38.153
225	Kelly58@yahoo.com	748-346-8015 x064	Ona	Gibson	https://cloudflare-ipfs.com/ipfs/Qmd3W5DuhgHirLHGVixi6V76LhCkZUz6pnFt5AJBiyvHye/avatar/949.jpg	MALE	95	2022-02-01 00:20:36.183	2022-02-01 12:31:38.153
226	Samir.Crona@gmail.com	1-702-740-9497 x25506	Misael	Bahringer	https://cloudflare-ipfs.com/ipfs/Qmd3W5DuhgHirLHGVixi6V76LhCkZUz6pnFt5AJBiyvHye/avatar/288.jpg	MALE	5	2022-02-01 00:20:36.183	2022-02-01 12:31:38.153
227	Bennie_Stehr@hotmail.com	399-529-2416	Carson	Dickens	https://cloudflare-ipfs.com/ipfs/Qmd3W5DuhgHirLHGVixi6V76LhCkZUz6pnFt5AJBiyvHye/avatar/633.jpg	FEMALE	29	2022-02-01 00:20:36.183	2022-02-01 12:31:38.153
228	Kailee77@hotmail.com	265-248-3582	Vicky	Monahan	https://cloudflare-ipfs.com/ipfs/Qmd3W5DuhgHirLHGVixi6V76LhCkZUz6pnFt5AJBiyvHye/avatar/62.jpg	FEMALE	40	2022-02-01 00:20:36.183	2022-02-01 12:31:38.153
229	Darrin.Altenwerth@hotmail.com	1-260-905-5703	Devonte	Okuneva	https://cloudflare-ipfs.com/ipfs/Qmd3W5DuhgHirLHGVixi6V76LhCkZUz6pnFt5AJBiyvHye/avatar/236.jpg	FEMALE	100	2022-02-01 00:20:36.183	2022-02-01 12:31:38.153
230	Daron.Hettinger32@hotmail.com	483.788.5299 x9691	Jane	Satterfield	https://cloudflare-ipfs.com/ipfs/Qmd3W5DuhgHirLHGVixi6V76LhCkZUz6pnFt5AJBiyvHye/avatar/748.jpg	FEMALE	16	2022-02-01 00:20:36.183	2022-02-01 12:31:38.153
231	Garnett_Schiller@yahoo.com	1-842-749-5811	Tressa	Skiles	https://cloudflare-ipfs.com/ipfs/Qmd3W5DuhgHirLHGVixi6V76LhCkZUz6pnFt5AJBiyvHye/avatar/1016.jpg	FEMALE	62	2022-02-01 00:20:36.183	2022-02-01 12:31:38.153
232	Lourdes_Waters@gmail.com	(578) 345-0616 x89588	Kathryne	Hickle	https://cloudflare-ipfs.com/ipfs/Qmd3W5DuhgHirLHGVixi6V76LhCkZUz6pnFt5AJBiyvHye/avatar/214.jpg	FEMALE	94	2022-02-01 00:20:36.183	2022-02-01 12:31:38.153
233	Otha30@gmail.com	1-441-586-0852 x930	Armani	Conroy	https://cloudflare-ipfs.com/ipfs/Qmd3W5DuhgHirLHGVixi6V76LhCkZUz6pnFt5AJBiyvHye/avatar/950.jpg	FEMALE	17	2022-02-01 00:20:36.183	2022-02-01 12:31:38.153
234	Piper_McKenzie@yahoo.com	875.368.1826 x32784	Kevon	Goodwin	https://cloudflare-ipfs.com/ipfs/Qmd3W5DuhgHirLHGVixi6V76LhCkZUz6pnFt5AJBiyvHye/avatar/173.jpg	MALE	31	2022-02-01 00:20:36.183	2022-02-01 12:31:38.153
235	Loy88@gmail.com	1-743-711-5935 x09495	Kip	Hickle	https://cloudflare-ipfs.com/ipfs/Qmd3W5DuhgHirLHGVixi6V76LhCkZUz6pnFt5AJBiyvHye/avatar/988.jpg	FEMALE	78	2022-02-01 00:20:36.183	2022-02-01 12:31:38.153
236	Orlo.Boyer@hotmail.com	475-591-4954 x69213	Andres	Stracke	https://cloudflare-ipfs.com/ipfs/Qmd3W5DuhgHirLHGVixi6V76LhCkZUz6pnFt5AJBiyvHye/avatar/1141.jpg	MALE	81	2022-02-01 00:20:36.183	2022-02-01 12:31:38.153
237	Mohamed.Steuber@gmail.com	634-590-2415	Columbus	Schneider	https://cloudflare-ipfs.com/ipfs/Qmd3W5DuhgHirLHGVixi6V76LhCkZUz6pnFt5AJBiyvHye/avatar/885.jpg	FEMALE	48	2022-02-01 00:20:36.183	2022-02-01 12:31:38.153
238	Ruth4@hotmail.com	544.400.8553	Melyssa	Fahey	https://cloudflare-ipfs.com/ipfs/Qmd3W5DuhgHirLHGVixi6V76LhCkZUz6pnFt5AJBiyvHye/avatar/698.jpg	FEMALE	74	2022-02-01 00:20:36.183	2022-02-01 12:31:38.153
239	Kris.Reichel46@gmail.com	643.415.1449 x3780	Hayden	Wehner	https://cloudflare-ipfs.com/ipfs/Qmd3W5DuhgHirLHGVixi6V76LhCkZUz6pnFt5AJBiyvHye/avatar/762.jpg	MALE	23	2022-02-01 00:20:36.183	2022-02-01 12:31:38.153
240	Iva83@hotmail.com	1-395-833-9609 x0881	Mavis	Lubowitz	https://cloudflare-ipfs.com/ipfs/Qmd3W5DuhgHirLHGVixi6V76LhCkZUz6pnFt5AJBiyvHye/avatar/937.jpg	MALE	30	2022-02-01 00:20:36.183	2022-02-01 12:31:38.153
241	Lavon.Welch43@yahoo.com	1-388-292-0307 x6587	Toni	Windler	https://cloudflare-ipfs.com/ipfs/Qmd3W5DuhgHirLHGVixi6V76LhCkZUz6pnFt5AJBiyvHye/avatar/267.jpg	MALE	94	2022-02-01 00:20:36.183	2022-02-01 12:31:38.153
242	Monserrate_Raynor@hotmail.com	481.627.5489 x8282	Emelia	Treutel	https://cloudflare-ipfs.com/ipfs/Qmd3W5DuhgHirLHGVixi6V76LhCkZUz6pnFt5AJBiyvHye/avatar/1052.jpg	FEMALE	59	2022-02-01 00:20:36.183	2022-02-01 12:31:38.153
243	Lon.Bednar@hotmail.com	1-842-585-2546 x161	Emery	Feest	https://cloudflare-ipfs.com/ipfs/Qmd3W5DuhgHirLHGVixi6V76LhCkZUz6pnFt5AJBiyvHye/avatar/819.jpg	MALE	14	2022-02-01 00:20:36.183	2022-02-01 12:31:38.153
244	Evangeline_Volkman79@gmail.com	1-696-238-3414	Kale	Bins	https://cloudflare-ipfs.com/ipfs/Qmd3W5DuhgHirLHGVixi6V76LhCkZUz6pnFt5AJBiyvHye/avatar/494.jpg	FEMALE	83	2022-02-01 00:20:36.183	2022-02-01 12:31:38.153
245	Priscilla47@hotmail.com	1-607-985-2381 x35640	Makayla	Heaney	https://cloudflare-ipfs.com/ipfs/Qmd3W5DuhgHirLHGVixi6V76LhCkZUz6pnFt5AJBiyvHye/avatar/429.jpg	MALE	59	2022-02-01 00:20:36.183	2022-02-01 12:31:38.153
246	Daija78@gmail.com	1-207-842-7436 x17104	Alessia	MacGyver	https://cloudflare-ipfs.com/ipfs/Qmd3W5DuhgHirLHGVixi6V76LhCkZUz6pnFt5AJBiyvHye/avatar/303.jpg	FEMALE	65	2022-02-01 00:20:36.183	2022-02-01 12:31:38.153
247	Lewis3@gmail.com	394-732-2759 x2226	Rickie	Spinka	https://cloudflare-ipfs.com/ipfs/Qmd3W5DuhgHirLHGVixi6V76LhCkZUz6pnFt5AJBiyvHye/avatar/1229.jpg	FEMALE	28	2022-02-01 00:20:36.183	2022-02-01 12:31:38.153
248	Alexis49@yahoo.com	968.586.1246	Tobin	Champlin	https://cloudflare-ipfs.com/ipfs/Qmd3W5DuhgHirLHGVixi6V76LhCkZUz6pnFt5AJBiyvHye/avatar/648.jpg	FEMALE	43	2022-02-01 00:20:36.183	2022-02-01 12:31:38.153
249	Tressa_Kihn@hotmail.com	835.431.4945	Camilla	Kuphal	https://cloudflare-ipfs.com/ipfs/Qmd3W5DuhgHirLHGVixi6V76LhCkZUz6pnFt5AJBiyvHye/avatar/188.jpg	FEMALE	25	2022-02-01 00:20:36.183	2022-02-01 12:31:38.153
250	Corrine.Halvorson44@yahoo.com	932-285-2562 x111	Mariah	Purdy	https://cloudflare-ipfs.com/ipfs/Qmd3W5DuhgHirLHGVixi6V76LhCkZUz6pnFt5AJBiyvHye/avatar/304.jpg	FEMALE	60	2022-02-01 00:20:36.183	2022-02-01 12:31:38.153
251	Karolann.Mosciski90@gmail.com	762.265.1604	Ludwig	Rogahn	https://cloudflare-ipfs.com/ipfs/Qmd3W5DuhgHirLHGVixi6V76LhCkZUz6pnFt5AJBiyvHye/avatar/1102.jpg	MALE	10	2022-02-01 00:20:36.183	2022-02-01 12:31:38.153
252	Bella12@gmail.com	776.217.0827 x060	Betsy	O'Keefe	https://cloudflare-ipfs.com/ipfs/Qmd3W5DuhgHirLHGVixi6V76LhCkZUz6pnFt5AJBiyvHye/avatar/645.jpg	FEMALE	98	2022-02-01 00:20:36.183	2022-02-01 12:31:38.153
253	Kathlyn60@yahoo.com	455-307-4654 x160	Jedidiah	Stamm	https://cloudflare-ipfs.com/ipfs/Qmd3W5DuhgHirLHGVixi6V76LhCkZUz6pnFt5AJBiyvHye/avatar/1122.jpg	MALE	66	2022-02-01 00:20:36.183	2022-02-01 12:31:38.153
254	Edythe_Skiles@yahoo.com	(658) 508-1973	Eden	Dickens	https://cloudflare-ipfs.com/ipfs/Qmd3W5DuhgHirLHGVixi6V76LhCkZUz6pnFt5AJBiyvHye/avatar/950.jpg	FEMALE	20	2022-02-01 00:20:36.183	2022-02-01 12:31:38.153
255	Nick_Baumbach@yahoo.com	576.892.0858	Margaretta	Hyatt	https://cloudflare-ipfs.com/ipfs/Qmd3W5DuhgHirLHGVixi6V76LhCkZUz6pnFt5AJBiyvHye/avatar/474.jpg	FEMALE	33	2022-02-01 00:20:36.183	2022-02-01 12:31:38.153
256	Germaine77@gmail.com	740-363-1439 x8183	Noemi	Stoltenberg	https://cloudflare-ipfs.com/ipfs/Qmd3W5DuhgHirLHGVixi6V76LhCkZUz6pnFt5AJBiyvHye/avatar/15.jpg	FEMALE	74	2022-02-01 00:20:36.183	2022-02-01 12:31:38.153
257	Jarret_Lemke8@gmail.com	387-969-6145	Graciela	Towne	https://cloudflare-ipfs.com/ipfs/Qmd3W5DuhgHirLHGVixi6V76LhCkZUz6pnFt5AJBiyvHye/avatar/287.jpg	MALE	67	2022-02-01 00:20:36.183	2022-02-01 12:31:38.153
258	Sabrina.Kunze50@gmail.com	1-291-873-4919 x64288	Paula	Farrell	https://cloudflare-ipfs.com/ipfs/Qmd3W5DuhgHirLHGVixi6V76LhCkZUz6pnFt5AJBiyvHye/avatar/472.jpg	MALE	71	2022-02-01 00:20:36.183	2022-02-01 12:31:38.153
259	Maryam_Lebsack71@yahoo.com	513.551.9167 x9413	Kristofer	Runolfsdottir	https://cloudflare-ipfs.com/ipfs/Qmd3W5DuhgHirLHGVixi6V76LhCkZUz6pnFt5AJBiyvHye/avatar/1002.jpg	MALE	84	2022-02-01 00:20:36.183	2022-02-01 12:31:38.153
260	Meaghan_Funk@yahoo.com	1-577-826-1966 x620	Adolph	Mayer	https://cloudflare-ipfs.com/ipfs/Qmd3W5DuhgHirLHGVixi6V76LhCkZUz6pnFt5AJBiyvHye/avatar/249.jpg	FEMALE	38	2022-02-01 00:20:36.183	2022-02-01 12:31:38.153
261	Hilbert86@yahoo.com	(414) 590-3128	Stanton	McClure	https://cloudflare-ipfs.com/ipfs/Qmd3W5DuhgHirLHGVixi6V76LhCkZUz6pnFt5AJBiyvHye/avatar/478.jpg	MALE	19	2022-02-01 00:20:36.183	2022-02-01 12:31:38.153
262	Dawn89@yahoo.com	255-401-9818 x506	Matteo	Wisozk	https://cloudflare-ipfs.com/ipfs/Qmd3W5DuhgHirLHGVixi6V76LhCkZUz6pnFt5AJBiyvHye/avatar/588.jpg	MALE	2	2022-02-01 00:20:36.183	2022-02-01 12:31:38.153
263	Athena.Grant26@gmail.com	1-508-714-0844 x4199	Irwin	Will	https://cloudflare-ipfs.com/ipfs/Qmd3W5DuhgHirLHGVixi6V76LhCkZUz6pnFt5AJBiyvHye/avatar/86.jpg	MALE	52	2022-02-01 00:20:36.183	2022-02-01 12:31:38.153
264	Wilburn2@yahoo.com	(511) 291-4175	Aryanna	Beatty	https://cloudflare-ipfs.com/ipfs/Qmd3W5DuhgHirLHGVixi6V76LhCkZUz6pnFt5AJBiyvHye/avatar/815.jpg	MALE	33	2022-02-01 00:20:36.183	2022-02-01 12:31:38.153
265	Reynold.Braun75@yahoo.com	1-683-490-8813	Lea	Douglas	https://cloudflare-ipfs.com/ipfs/Qmd3W5DuhgHirLHGVixi6V76LhCkZUz6pnFt5AJBiyvHye/avatar/465.jpg	FEMALE	77	2022-02-01 00:20:36.183	2022-02-01 12:31:38.153
266	Paige15@gmail.com	454-289-7454 x045	Lavada	Klein	https://cloudflare-ipfs.com/ipfs/Qmd3W5DuhgHirLHGVixi6V76LhCkZUz6pnFt5AJBiyvHye/avatar/309.jpg	FEMALE	96	2022-02-01 00:20:36.183	2022-02-01 12:31:38.153
267	Lori89@gmail.com	373.582.2559 x213	Rahul	Marks	https://cloudflare-ipfs.com/ipfs/Qmd3W5DuhgHirLHGVixi6V76LhCkZUz6pnFt5AJBiyvHye/avatar/657.jpg	FEMALE	8	2022-02-01 00:20:36.183	2022-02-01 12:31:38.153
268	Amparo.Kemmer16@gmail.com	(339) 417-6051	Estelle	Daniel	https://cloudflare-ipfs.com/ipfs/Qmd3W5DuhgHirLHGVixi6V76LhCkZUz6pnFt5AJBiyvHye/avatar/822.jpg	MALE	7	2022-02-01 00:20:36.183	2022-02-01 12:31:38.153
269	Clarissa_Padberg12@gmail.com	407.996.2170 x236	Aliyah	White	https://cloudflare-ipfs.com/ipfs/Qmd3W5DuhgHirLHGVixi6V76LhCkZUz6pnFt5AJBiyvHye/avatar/228.jpg	FEMALE	23	2022-02-01 00:20:36.183	2022-02-01 12:31:38.153
270	Rickey24@hotmail.com	1-315-503-4154	Crystal	Runte	https://cloudflare-ipfs.com/ipfs/Qmd3W5DuhgHirLHGVixi6V76LhCkZUz6pnFt5AJBiyvHye/avatar/898.jpg	MALE	11	2022-02-01 00:20:36.183	2022-02-01 12:31:38.153
271	Sharon.Considine@yahoo.com	221.883.7338	Glenna	Greenholt	https://cloudflare-ipfs.com/ipfs/Qmd3W5DuhgHirLHGVixi6V76LhCkZUz6pnFt5AJBiyvHye/avatar/97.jpg	FEMALE	14	2022-02-01 00:20:36.183	2022-02-01 12:31:38.153
272	Dagmar_Stracke@gmail.com	425-547-9076	Hortense	Jones	https://cloudflare-ipfs.com/ipfs/Qmd3W5DuhgHirLHGVixi6V76LhCkZUz6pnFt5AJBiyvHye/avatar/546.jpg	FEMALE	62	2022-02-01 00:20:36.183	2022-02-01 12:31:38.153
273	Mina_Nicolas@hotmail.com	776.318.7982	Torrey	Zboncak	https://cloudflare-ipfs.com/ipfs/Qmd3W5DuhgHirLHGVixi6V76LhCkZUz6pnFt5AJBiyvHye/avatar/137.jpg	FEMALE	62	2022-02-01 00:20:36.183	2022-02-01 12:31:38.153
274	Marcel_Quitzon@hotmail.com	1-800-412-1073	Keenan	Dooley	https://cloudflare-ipfs.com/ipfs/Qmd3W5DuhgHirLHGVixi6V76LhCkZUz6pnFt5AJBiyvHye/avatar/670.jpg	FEMALE	23	2022-02-01 00:20:36.183	2022-02-01 12:31:38.153
275	Bernhard.Kemmer77@gmail.com	964-846-9281 x431	Uriel	Bogisich	https://cloudflare-ipfs.com/ipfs/Qmd3W5DuhgHirLHGVixi6V76LhCkZUz6pnFt5AJBiyvHye/avatar/568.jpg	MALE	43	2022-02-01 00:20:36.183	2022-02-01 12:31:38.153
276	Leora10@gmail.com	1-291-972-8569	Lexi	Bergnaum	https://cloudflare-ipfs.com/ipfs/Qmd3W5DuhgHirLHGVixi6V76LhCkZUz6pnFt5AJBiyvHye/avatar/1219.jpg	FEMALE	76	2022-02-01 00:20:36.183	2022-02-01 12:31:38.153
277	Ron3@hotmail.com	824.813.4465 x841	Marc	Heller	https://cloudflare-ipfs.com/ipfs/Qmd3W5DuhgHirLHGVixi6V76LhCkZUz6pnFt5AJBiyvHye/avatar/517.jpg	MALE	38	2022-02-01 00:20:36.183	2022-02-01 12:31:38.153
278	Nelle_Green@gmail.com	1-591-920-0529 x368	Daron	Kirlin	https://cloudflare-ipfs.com/ipfs/Qmd3W5DuhgHirLHGVixi6V76LhCkZUz6pnFt5AJBiyvHye/avatar/927.jpg	MALE	98	2022-02-01 00:20:36.183	2022-02-01 12:31:38.153
279	Savannah40@gmail.com	690.266.5502 x42865	Johathan	Schowalter	https://cloudflare-ipfs.com/ipfs/Qmd3W5DuhgHirLHGVixi6V76LhCkZUz6pnFt5AJBiyvHye/avatar/575.jpg	FEMALE	53	2022-02-01 00:20:36.183	2022-02-01 12:31:38.153
280	Violet_Stracke3@hotmail.com	608-548-0525	Naomie	Rippin	https://cloudflare-ipfs.com/ipfs/Qmd3W5DuhgHirLHGVixi6V76LhCkZUz6pnFt5AJBiyvHye/avatar/278.jpg	MALE	79	2022-02-01 00:20:36.183	2022-02-01 12:31:38.153
281	Antwan_Haley28@yahoo.com	377-970-1809 x0590	Angelica	Leffler	https://cloudflare-ipfs.com/ipfs/Qmd3W5DuhgHirLHGVixi6V76LhCkZUz6pnFt5AJBiyvHye/avatar/785.jpg	MALE	29	2022-02-01 00:20:36.183	2022-02-01 12:31:38.153
282	Julian_Bednar@yahoo.com	1-788-409-7276 x35652	Wade	Harvey	https://cloudflare-ipfs.com/ipfs/Qmd3W5DuhgHirLHGVixi6V76LhCkZUz6pnFt5AJBiyvHye/avatar/697.jpg	MALE	57	2022-02-01 00:20:36.183	2022-02-01 12:31:38.153
283	Tyra_Bergnaum@yahoo.com	(592) 299-5734	Darrel	Nikolaus	https://cloudflare-ipfs.com/ipfs/Qmd3W5DuhgHirLHGVixi6V76LhCkZUz6pnFt5AJBiyvHye/avatar/946.jpg	MALE	98	2022-02-01 00:20:36.183	2022-02-01 12:31:38.153
284	Jamil_Bailey@hotmail.com	(338) 879-1940	Paris	Haag	https://cloudflare-ipfs.com/ipfs/Qmd3W5DuhgHirLHGVixi6V76LhCkZUz6pnFt5AJBiyvHye/avatar/162.jpg	FEMALE	51	2022-02-01 00:20:36.183	2022-02-01 12:31:38.153
285	Lisette75@yahoo.com	743-633-5358	Ollie	Upton	https://cloudflare-ipfs.com/ipfs/Qmd3W5DuhgHirLHGVixi6V76LhCkZUz6pnFt5AJBiyvHye/avatar/662.jpg	FEMALE	38	2022-02-01 00:20:36.183	2022-02-01 12:31:38.153
286	Lionel_Heidenreich17@gmail.com	998-308-9508 x29000	Esperanza	Stokes	https://cloudflare-ipfs.com/ipfs/Qmd3W5DuhgHirLHGVixi6V76LhCkZUz6pnFt5AJBiyvHye/avatar/599.jpg	FEMALE	88	2022-02-01 00:20:36.183	2022-02-01 12:31:38.153
287	Glen12@hotmail.com	1-961-675-6963	Hermann	Daniel	https://cloudflare-ipfs.com/ipfs/Qmd3W5DuhgHirLHGVixi6V76LhCkZUz6pnFt5AJBiyvHye/avatar/102.jpg	FEMALE	35	2022-02-01 00:20:36.183	2022-02-01 12:31:38.153
288	Claudine13@hotmail.com	1-361-393-2608 x802	Erich	Rogahn	https://cloudflare-ipfs.com/ipfs/Qmd3W5DuhgHirLHGVixi6V76LhCkZUz6pnFt5AJBiyvHye/avatar/925.jpg	FEMALE	67	2022-02-01 00:20:36.183	2022-02-01 12:31:38.153
289	Verdie.Price49@hotmail.com	1-214-848-5588	Adam	Champlin	https://cloudflare-ipfs.com/ipfs/Qmd3W5DuhgHirLHGVixi6V76LhCkZUz6pnFt5AJBiyvHye/avatar/862.jpg	FEMALE	75	2022-02-01 00:20:36.183	2022-02-01 12:31:38.153
290	Jess35@gmail.com	702.959.8538 x4733	Rosalind	Bogan	https://cloudflare-ipfs.com/ipfs/Qmd3W5DuhgHirLHGVixi6V76LhCkZUz6pnFt5AJBiyvHye/avatar/277.jpg	FEMALE	69	2022-02-01 00:20:36.183	2022-02-01 12:31:38.153
291	Eulah.Kemmer54@yahoo.com	930.851.3645	Sage	Bergstrom	https://cloudflare-ipfs.com/ipfs/Qmd3W5DuhgHirLHGVixi6V76LhCkZUz6pnFt5AJBiyvHye/avatar/46.jpg	FEMALE	8	2022-02-01 00:20:36.183	2022-02-01 12:31:38.153
292	Dangelo.Zboncak54@gmail.com	481-436-8407	Mafalda	Koch	https://cloudflare-ipfs.com/ipfs/Qmd3W5DuhgHirLHGVixi6V76LhCkZUz6pnFt5AJBiyvHye/avatar/3.jpg	FEMALE	78	2022-02-01 00:20:36.183	2022-02-01 12:31:38.153
293	Gerry_Lind@yahoo.com	893.230.1409 x77103	Ed	Mayer	https://cloudflare-ipfs.com/ipfs/Qmd3W5DuhgHirLHGVixi6V76LhCkZUz6pnFt5AJBiyvHye/avatar/98.jpg	FEMALE	82	2022-02-01 00:20:36.183	2022-02-01 12:31:38.153
294	Austyn75@hotmail.com	493-322-1834 x0518	Werner	Ratke	https://cloudflare-ipfs.com/ipfs/Qmd3W5DuhgHirLHGVixi6V76LhCkZUz6pnFt5AJBiyvHye/avatar/685.jpg	MALE	14	2022-02-01 00:20:36.183	2022-02-01 12:31:38.153
295	Phyllis.Dibbert@hotmail.com	1-569-651-6345 x67959	Delphine	Cruickshank	https://cloudflare-ipfs.com/ipfs/Qmd3W5DuhgHirLHGVixi6V76LhCkZUz6pnFt5AJBiyvHye/avatar/943.jpg	FEMALE	7	2022-02-01 00:20:36.183	2022-02-01 12:31:38.153
296	Anais.Bernier99@hotmail.com	(943) 953-9184	Velda	Bruen	https://cloudflare-ipfs.com/ipfs/Qmd3W5DuhgHirLHGVixi6V76LhCkZUz6pnFt5AJBiyvHye/avatar/226.jpg	MALE	50	2022-02-01 00:20:36.183	2022-02-01 12:31:38.153
297	Shirley.Stamm74@hotmail.com	(768) 348-8954	Gregory	Douglas	https://cloudflare-ipfs.com/ipfs/Qmd3W5DuhgHirLHGVixi6V76LhCkZUz6pnFt5AJBiyvHye/avatar/378.jpg	MALE	50	2022-02-01 00:20:36.183	2022-02-01 12:31:38.153
298	Lemuel.Shields@gmail.com	1-716-758-3756 x211	Neil	Mueller	https://cloudflare-ipfs.com/ipfs/Qmd3W5DuhgHirLHGVixi6V76LhCkZUz6pnFt5AJBiyvHye/avatar/879.jpg	FEMALE	77	2022-02-01 00:20:36.183	2022-02-01 12:31:38.153
299	Berry87@yahoo.com	697.742.5894	Enrico	Bednar	https://cloudflare-ipfs.com/ipfs/Qmd3W5DuhgHirLHGVixi6V76LhCkZUz6pnFt5AJBiyvHye/avatar/581.jpg	MALE	76	2022-02-01 00:20:36.183	2022-02-01 12:31:38.153
300	Monty_Jast43@yahoo.com	920-747-0350 x94259	Forrest	Parisian	https://cloudflare-ipfs.com/ipfs/Qmd3W5DuhgHirLHGVixi6V76LhCkZUz6pnFt5AJBiyvHye/avatar/926.jpg	MALE	23	2022-02-01 00:20:36.183	2022-02-01 12:31:38.153
301	Lera11@hotmail.com	1-688-416-5242 x492	Consuelo	Predovic	https://cloudflare-ipfs.com/ipfs/Qmd3W5DuhgHirLHGVixi6V76LhCkZUz6pnFt5AJBiyvHye/avatar/18.jpg	FEMALE	93	2022-02-01 00:20:36.183	2022-02-01 12:31:38.153
302	Jeffery1@gmail.com	251.225.9715 x3724	Chyna	Bruen	https://cloudflare-ipfs.com/ipfs/Qmd3W5DuhgHirLHGVixi6V76LhCkZUz6pnFt5AJBiyvHye/avatar/1211.jpg	MALE	6	2022-02-01 00:20:36.183	2022-02-01 12:31:38.153
303	Herminia24@yahoo.com	361-444-0505	Angel	Lakin	https://cloudflare-ipfs.com/ipfs/Qmd3W5DuhgHirLHGVixi6V76LhCkZUz6pnFt5AJBiyvHye/avatar/377.jpg	FEMALE	23	2022-02-01 00:20:36.183	2022-02-01 12:31:38.153
304	Rossie87@yahoo.com	605-736-9175	Laurianne	Sawayn	https://cloudflare-ipfs.com/ipfs/Qmd3W5DuhgHirLHGVixi6V76LhCkZUz6pnFt5AJBiyvHye/avatar/254.jpg	FEMALE	6	2022-02-01 00:20:36.183	2022-02-01 12:31:38.153
305	Lavern58@gmail.com	1-508-248-9661	Curt	Mills	https://cloudflare-ipfs.com/ipfs/Qmd3W5DuhgHirLHGVixi6V76LhCkZUz6pnFt5AJBiyvHye/avatar/262.jpg	MALE	59	2022-02-01 00:20:36.183	2022-02-01 12:31:38.153
306	Elliott43@hotmail.com	(340) 824-1589 x58427	Elouise	Moen	https://cloudflare-ipfs.com/ipfs/Qmd3W5DuhgHirLHGVixi6V76LhCkZUz6pnFt5AJBiyvHye/avatar/171.jpg	FEMALE	55	2022-02-01 00:20:36.183	2022-02-01 12:31:38.153
307	Theodore.Bashirian@hotmail.com	1-596-287-8437 x8411	Lulu	Gleichner	https://cloudflare-ipfs.com/ipfs/Qmd3W5DuhgHirLHGVixi6V76LhCkZUz6pnFt5AJBiyvHye/avatar/436.jpg	MALE	99	2022-02-01 00:20:36.183	2022-02-01 12:31:38.153
308	Marietta_Schuppe@yahoo.com	(435) 401-8395 x5822	Meredith	Block	https://cloudflare-ipfs.com/ipfs/Qmd3W5DuhgHirLHGVixi6V76LhCkZUz6pnFt5AJBiyvHye/avatar/795.jpg	FEMALE	37	2022-02-01 00:20:36.183	2022-02-01 12:31:38.153
309	Karelle_Kovacek98@hotmail.com	1-566-415-0425	Rebeca	Trantow	https://cloudflare-ipfs.com/ipfs/Qmd3W5DuhgHirLHGVixi6V76LhCkZUz6pnFt5AJBiyvHye/avatar/285.jpg	MALE	95	2022-02-01 00:20:36.183	2022-02-01 12:31:38.153
310	Jett.Trantow@hotmail.com	1-672-791-4687 x281	Matteo	Schroeder	https://cloudflare-ipfs.com/ipfs/Qmd3W5DuhgHirLHGVixi6V76LhCkZUz6pnFt5AJBiyvHye/avatar/1105.jpg	FEMALE	4	2022-02-01 00:20:36.183	2022-02-01 12:31:38.153
311	Antwan.Reichel60@hotmail.com	(240) 922-9753	Felipe	Kuphal	https://cloudflare-ipfs.com/ipfs/Qmd3W5DuhgHirLHGVixi6V76LhCkZUz6pnFt5AJBiyvHye/avatar/749.jpg	MALE	9	2022-02-01 00:20:36.183	2022-02-01 12:31:38.153
312	Blake12@yahoo.com	(672) 737-3564 x05477	Erin	Baumbach	https://cloudflare-ipfs.com/ipfs/Qmd3W5DuhgHirLHGVixi6V76LhCkZUz6pnFt5AJBiyvHye/avatar/160.jpg	FEMALE	80	2022-02-01 00:20:36.183	2022-02-01 12:31:38.153
313	Joanie.Walsh20@gmail.com	502-516-5414 x501	Lilyan	Rodriguez	https://cloudflare-ipfs.com/ipfs/Qmd3W5DuhgHirLHGVixi6V76LhCkZUz6pnFt5AJBiyvHye/avatar/961.jpg	MALE	38	2022-02-01 00:20:36.183	2022-02-01 12:31:38.153
314	Lemuel.Cronin@gmail.com	(829) 609-1401	Retta	McLaughlin	https://cloudflare-ipfs.com/ipfs/Qmd3W5DuhgHirLHGVixi6V76LhCkZUz6pnFt5AJBiyvHye/avatar/529.jpg	MALE	86	2022-02-01 00:20:36.183	2022-02-01 12:31:38.153
315	Bernhard60@gmail.com	841-855-1028	Adalberto	Schaefer	https://cloudflare-ipfs.com/ipfs/Qmd3W5DuhgHirLHGVixi6V76LhCkZUz6pnFt5AJBiyvHye/avatar/54.jpg	FEMALE	1	2022-02-01 00:20:36.183	2022-02-01 12:31:38.153
316	Fermin.Hirthe@hotmail.com	952.851.1470 x149	Koby	Leffler	https://cloudflare-ipfs.com/ipfs/Qmd3W5DuhgHirLHGVixi6V76LhCkZUz6pnFt5AJBiyvHye/avatar/1197.jpg	MALE	29	2022-02-01 00:20:36.183	2022-02-01 12:31:38.153
317	Alfonzo.Spencer@gmail.com	813.862.7744	Dejon	Batz	https://cloudflare-ipfs.com/ipfs/Qmd3W5DuhgHirLHGVixi6V76LhCkZUz6pnFt5AJBiyvHye/avatar/88.jpg	MALE	27	2022-02-01 00:20:36.183	2022-02-01 12:31:38.153
318	Skye_Yundt@gmail.com	1-362-315-6480	Lorenzo	Little	https://cloudflare-ipfs.com/ipfs/Qmd3W5DuhgHirLHGVixi6V76LhCkZUz6pnFt5AJBiyvHye/avatar/1121.jpg	MALE	22	2022-02-01 00:20:36.183	2022-02-01 12:31:38.153
319	Tad57@gmail.com	1-630-683-0391 x435	Jerad	Kovacek	https://cloudflare-ipfs.com/ipfs/Qmd3W5DuhgHirLHGVixi6V76LhCkZUz6pnFt5AJBiyvHye/avatar/1043.jpg	FEMALE	13	2022-02-01 00:20:36.183	2022-02-01 12:31:38.153
320	Jayda.Walker@gmail.com	1-965-848-1022	Lew	Kub	https://cloudflare-ipfs.com/ipfs/Qmd3W5DuhgHirLHGVixi6V76LhCkZUz6pnFt5AJBiyvHye/avatar/577.jpg	FEMALE	17	2022-02-01 00:20:36.183	2022-02-01 12:31:38.153
321	Roberta.Corwin37@gmail.com	721.381.5038 x20759	Angus	Corwin	https://cloudflare-ipfs.com/ipfs/Qmd3W5DuhgHirLHGVixi6V76LhCkZUz6pnFt5AJBiyvHye/avatar/876.jpg	MALE	4	2022-02-01 00:20:36.183	2022-02-01 12:31:38.153
322	Jazmyne5@yahoo.com	(262) 276-6414 x26821	Adrain	Cormier	https://cloudflare-ipfs.com/ipfs/Qmd3W5DuhgHirLHGVixi6V76LhCkZUz6pnFt5AJBiyvHye/avatar/642.jpg	FEMALE	19	2022-02-01 00:20:36.183	2022-02-01 12:31:38.153
323	Brennon.Dibbert21@yahoo.com	572.428.3308 x51507	Sheila	Sipes	https://cloudflare-ipfs.com/ipfs/Qmd3W5DuhgHirLHGVixi6V76LhCkZUz6pnFt5AJBiyvHye/avatar/1106.jpg	FEMALE	47	2022-02-01 00:20:36.183	2022-02-01 12:31:38.153
324	Edwin57@hotmail.com	(453) 949-2496 x5817	Jeramy	Parker	https://cloudflare-ipfs.com/ipfs/Qmd3W5DuhgHirLHGVixi6V76LhCkZUz6pnFt5AJBiyvHye/avatar/735.jpg	FEMALE	43	2022-02-01 00:20:36.183	2022-02-01 12:31:38.153
325	Tess41@gmail.com	(719) 320-7511 x9470	Eileen	Roob	https://cloudflare-ipfs.com/ipfs/Qmd3W5DuhgHirLHGVixi6V76LhCkZUz6pnFt5AJBiyvHye/avatar/346.jpg	FEMALE	29	2022-02-01 00:20:36.183	2022-02-01 12:31:38.153
326	Jazmin.Torp@gmail.com	820.351.5626 x0069	Jaylon	Kertzmann	https://cloudflare-ipfs.com/ipfs/Qmd3W5DuhgHirLHGVixi6V76LhCkZUz6pnFt5AJBiyvHye/avatar/1137.jpg	FEMALE	61	2022-02-01 00:20:36.183	2022-02-01 12:31:38.153
327	Eunice31@gmail.com	(567) 849-3545	Rahsaan	Dibbert	https://cloudflare-ipfs.com/ipfs/Qmd3W5DuhgHirLHGVixi6V76LhCkZUz6pnFt5AJBiyvHye/avatar/94.jpg	FEMALE	71	2022-02-01 00:20:36.183	2022-02-01 12:31:38.153
328	Cooper95@yahoo.com	746.603.5055 x9938	Vesta	Schultz	https://cloudflare-ipfs.com/ipfs/Qmd3W5DuhgHirLHGVixi6V76LhCkZUz6pnFt5AJBiyvHye/avatar/1107.jpg	FEMALE	26	2022-02-01 00:20:36.183	2022-02-01 12:31:38.153
329	Carmelo.Kling18@hotmail.com	(615) 808-3427 x109	Katelynn	Towne	https://cloudflare-ipfs.com/ipfs/Qmd3W5DuhgHirLHGVixi6V76LhCkZUz6pnFt5AJBiyvHye/avatar/395.jpg	FEMALE	44	2022-02-01 00:20:36.183	2022-02-01 12:31:38.153
330	Tristian17@yahoo.com	1-243-655-8874 x170	Kali	Koch	https://cloudflare-ipfs.com/ipfs/Qmd3W5DuhgHirLHGVixi6V76LhCkZUz6pnFt5AJBiyvHye/avatar/328.jpg	MALE	60	2022-02-01 00:20:36.183	2022-02-01 12:31:38.153
331	Brandy_Lynch@gmail.com	1-726-982-4585 x199	Teagan	Lehner	https://cloudflare-ipfs.com/ipfs/Qmd3W5DuhgHirLHGVixi6V76LhCkZUz6pnFt5AJBiyvHye/avatar/961.jpg	MALE	53	2022-02-01 00:20:36.183	2022-02-01 12:31:38.153
332	Zander.Wintheiser67@hotmail.com	1-604-954-3945	Catalina	Daugherty	https://cloudflare-ipfs.com/ipfs/Qmd3W5DuhgHirLHGVixi6V76LhCkZUz6pnFt5AJBiyvHye/avatar/203.jpg	MALE	51	2022-02-01 00:20:36.183	2022-02-01 12:31:38.153
333	Sylvia5@yahoo.com	482.660.0420	Nelle	Upton	https://cloudflare-ipfs.com/ipfs/Qmd3W5DuhgHirLHGVixi6V76LhCkZUz6pnFt5AJBiyvHye/avatar/250.jpg	MALE	62	2022-02-01 00:20:36.183	2022-02-01 12:31:38.153
334	Jeanette.Funk@yahoo.com	1-696-410-1860 x84450	Zion	McGlynn	https://cloudflare-ipfs.com/ipfs/Qmd3W5DuhgHirLHGVixi6V76LhCkZUz6pnFt5AJBiyvHye/avatar/16.jpg	MALE	52	2022-02-01 00:20:36.183	2022-02-01 12:31:38.153
335	Keanu37@gmail.com	895.346.1511 x21045	Athena	Stroman	https://cloudflare-ipfs.com/ipfs/Qmd3W5DuhgHirLHGVixi6V76LhCkZUz6pnFt5AJBiyvHye/avatar/591.jpg	FEMALE	90	2022-02-01 00:20:36.183	2022-02-01 12:31:38.153
336	Felix.Collins@yahoo.com	1-842-626-7086	Jena	Waters	https://cloudflare-ipfs.com/ipfs/Qmd3W5DuhgHirLHGVixi6V76LhCkZUz6pnFt5AJBiyvHye/avatar/559.jpg	FEMALE	83	2022-02-01 00:20:36.183	2022-02-01 12:31:38.153
337	Maverick_Corwin58@hotmail.com	387.934.7575	Darrel	Cassin	https://cloudflare-ipfs.com/ipfs/Qmd3W5DuhgHirLHGVixi6V76LhCkZUz6pnFt5AJBiyvHye/avatar/168.jpg	FEMALE	76	2022-02-01 00:20:36.183	2022-02-01 12:31:38.153
338	Rogers_Gorczany@gmail.com	450-264-3794 x4959	Nadia	Grimes	https://cloudflare-ipfs.com/ipfs/Qmd3W5DuhgHirLHGVixi6V76LhCkZUz6pnFt5AJBiyvHye/avatar/663.jpg	FEMALE	92	2022-02-01 00:20:36.183	2022-02-01 12:31:38.153
339	Gilberto.Langosh@gmail.com	785-682-3743 x620	Ricardo	Quigley	https://cloudflare-ipfs.com/ipfs/Qmd3W5DuhgHirLHGVixi6V76LhCkZUz6pnFt5AJBiyvHye/avatar/522.jpg	MALE	75	2022-02-01 00:20:36.183	2022-02-01 12:31:38.153
340	Major.Donnelly@hotmail.com	981-497-0108 x392	Merlin	Pacocha	https://cloudflare-ipfs.com/ipfs/Qmd3W5DuhgHirLHGVixi6V76LhCkZUz6pnFt5AJBiyvHye/avatar/623.jpg	MALE	51	2022-02-01 00:20:36.183	2022-02-01 12:31:38.153
341	Robbie.Legros21@hotmail.com	958-768-0542	Unique	King	https://cloudflare-ipfs.com/ipfs/Qmd3W5DuhgHirLHGVixi6V76LhCkZUz6pnFt5AJBiyvHye/avatar/198.jpg	MALE	69	2022-02-01 00:20:36.183	2022-02-01 12:31:38.153
342	Susie52@gmail.com	998-993-1003	Bethel	Kihn	https://cloudflare-ipfs.com/ipfs/Qmd3W5DuhgHirLHGVixi6V76LhCkZUz6pnFt5AJBiyvHye/avatar/729.jpg	MALE	34	2022-02-01 00:20:36.183	2022-02-01 12:31:38.153
343	Lilliana44@yahoo.com	854-677-8277	Verner	Stroman	https://cloudflare-ipfs.com/ipfs/Qmd3W5DuhgHirLHGVixi6V76LhCkZUz6pnFt5AJBiyvHye/avatar/763.jpg	FEMALE	70	2022-02-01 00:20:36.183	2022-02-01 12:31:38.153
344	Jacky75@yahoo.com	(778) 298-5041 x44310	Claude	Feil	https://cloudflare-ipfs.com/ipfs/Qmd3W5DuhgHirLHGVixi6V76LhCkZUz6pnFt5AJBiyvHye/avatar/959.jpg	MALE	21	2022-02-01 00:20:36.183	2022-02-01 12:31:38.153
345	Sonya93@hotmail.com	754.801.1064	Vanessa	Yundt	https://cloudflare-ipfs.com/ipfs/Qmd3W5DuhgHirLHGVixi6V76LhCkZUz6pnFt5AJBiyvHye/avatar/591.jpg	FEMALE	68	2022-02-01 00:20:36.183	2022-02-01 12:31:38.153
346	Eileen.Wolff@hotmail.com	1-611-241-2350 x363	Flavie	Rath	https://cloudflare-ipfs.com/ipfs/Qmd3W5DuhgHirLHGVixi6V76LhCkZUz6pnFt5AJBiyvHye/avatar/1073.jpg	FEMALE	29	2022-02-01 00:20:36.183	2022-02-01 12:31:38.153
347	Nigel93@yahoo.com	650.236.5844 x1511	Eleanore	Schamberger	https://cloudflare-ipfs.com/ipfs/Qmd3W5DuhgHirLHGVixi6V76LhCkZUz6pnFt5AJBiyvHye/avatar/944.jpg	MALE	95	2022-02-01 00:20:36.183	2022-02-01 12:31:38.153
348	Earnestine.Aufderhar@gmail.com	1-608-467-3112 x75903	Annabelle	Waters	https://cloudflare-ipfs.com/ipfs/Qmd3W5DuhgHirLHGVixi6V76LhCkZUz6pnFt5AJBiyvHye/avatar/893.jpg	MALE	64	2022-02-01 00:20:36.183	2022-02-01 12:31:38.153
349	Alberta_Greenfelder@hotmail.com	1-370-465-2535	Angie	Hackett	https://cloudflare-ipfs.com/ipfs/Qmd3W5DuhgHirLHGVixi6V76LhCkZUz6pnFt5AJBiyvHye/avatar/254.jpg	FEMALE	84	2022-02-01 00:20:36.183	2022-02-01 12:31:38.153
350	Bridgette_DuBuque6@yahoo.com	1-695-478-1707 x312	Jaylan	Cartwright	https://cloudflare-ipfs.com/ipfs/Qmd3W5DuhgHirLHGVixi6V76LhCkZUz6pnFt5AJBiyvHye/avatar/326.jpg	MALE	1	2022-02-01 00:20:36.183	2022-02-01 12:31:38.153
351	Prudence.Hegmann53@yahoo.com	(247) 331-5130	Stephania	Robel	https://cloudflare-ipfs.com/ipfs/Qmd3W5DuhgHirLHGVixi6V76LhCkZUz6pnFt5AJBiyvHye/avatar/1077.jpg	MALE	4	2022-02-01 00:20:36.183	2022-02-01 12:31:38.153
352	Destany.Tromp9@hotmail.com	884-993-6384 x847	Demario	Grant	https://cloudflare-ipfs.com/ipfs/Qmd3W5DuhgHirLHGVixi6V76LhCkZUz6pnFt5AJBiyvHye/avatar/1044.jpg	FEMALE	6	2022-02-01 00:20:36.183	2022-02-01 12:31:38.153
353	Sammy.Kunze@gmail.com	818-245-4618 x0643	Salvador	Gutmann	https://cloudflare-ipfs.com/ipfs/Qmd3W5DuhgHirLHGVixi6V76LhCkZUz6pnFt5AJBiyvHye/avatar/447.jpg	FEMALE	73	2022-02-01 00:20:36.183	2022-02-01 12:31:38.153
354	Stanley_Smitham74@hotmail.com	476-258-9025 x384	Casimer	Lueilwitz	https://cloudflare-ipfs.com/ipfs/Qmd3W5DuhgHirLHGVixi6V76LhCkZUz6pnFt5AJBiyvHye/avatar/591.jpg	FEMALE	56	2022-02-01 00:20:36.183	2022-02-01 12:31:38.153
355	Clementina94@gmail.com	866-689-6865 x4539	Arden	Schinner	https://cloudflare-ipfs.com/ipfs/Qmd3W5DuhgHirLHGVixi6V76LhCkZUz6pnFt5AJBiyvHye/avatar/364.jpg	MALE	50	2022-02-01 00:20:36.183	2022-02-01 12:31:38.153
356	Clair47@hotmail.com	(724) 398-8546	Laila	Jones	https://cloudflare-ipfs.com/ipfs/Qmd3W5DuhgHirLHGVixi6V76LhCkZUz6pnFt5AJBiyvHye/avatar/360.jpg	MALE	44	2022-02-01 00:20:36.183	2022-02-01 12:31:38.153
357	Freddie_Crona67@hotmail.com	846-553-8965	Angela	Schowalter	https://cloudflare-ipfs.com/ipfs/Qmd3W5DuhgHirLHGVixi6V76LhCkZUz6pnFt5AJBiyvHye/avatar/585.jpg	MALE	90	2022-02-01 00:20:36.183	2022-02-01 12:31:38.153
358	Enos4@gmail.com	888.612.6591	Noe	Aufderhar	https://cloudflare-ipfs.com/ipfs/Qmd3W5DuhgHirLHGVixi6V76LhCkZUz6pnFt5AJBiyvHye/avatar/633.jpg	MALE	4	2022-02-01 00:20:36.183	2022-02-01 12:31:38.153
359	Amira.Kemmer61@yahoo.com	(518) 897-3560 x280	Humberto	Metz	https://cloudflare-ipfs.com/ipfs/Qmd3W5DuhgHirLHGVixi6V76LhCkZUz6pnFt5AJBiyvHye/avatar/307.jpg	FEMALE	17	2022-02-01 00:20:36.183	2022-02-01 12:31:38.153
360	Montana.Romaguera47@gmail.com	1-341-809-2585 x352	Horacio	Schmeler	https://cloudflare-ipfs.com/ipfs/Qmd3W5DuhgHirLHGVixi6V76LhCkZUz6pnFt5AJBiyvHye/avatar/737.jpg	FEMALE	2	2022-02-01 00:20:36.183	2022-02-01 12:31:38.153
361	Seth_Rice@gmail.com	466-746-9653 x65791	Bart	Sawayn	https://cloudflare-ipfs.com/ipfs/Qmd3W5DuhgHirLHGVixi6V76LhCkZUz6pnFt5AJBiyvHye/avatar/265.jpg	MALE	49	2022-02-01 00:20:36.183	2022-02-01 12:31:38.153
362	Freida.DuBuque@hotmail.com	778-756-6102 x088	Justina	Leffler	https://cloudflare-ipfs.com/ipfs/Qmd3W5DuhgHirLHGVixi6V76LhCkZUz6pnFt5AJBiyvHye/avatar/417.jpg	FEMALE	64	2022-02-01 00:20:36.183	2022-02-01 12:31:38.153
363	Marcelle92@gmail.com	1-275-265-2892	Roosevelt	Carter	https://cloudflare-ipfs.com/ipfs/Qmd3W5DuhgHirLHGVixi6V76LhCkZUz6pnFt5AJBiyvHye/avatar/516.jpg	MALE	3	2022-02-01 00:20:36.183	2022-02-01 12:31:38.153
364	Dillan66@hotmail.com	(320) 266-2390 x935	Roberto	Bergnaum	https://cloudflare-ipfs.com/ipfs/Qmd3W5DuhgHirLHGVixi6V76LhCkZUz6pnFt5AJBiyvHye/avatar/495.jpg	FEMALE	33	2022-02-01 00:20:36.183	2022-02-01 12:31:38.153
365	Kenna61@hotmail.com	518-459-7120	Yoshiko	Ankunding	https://cloudflare-ipfs.com/ipfs/Qmd3W5DuhgHirLHGVixi6V76LhCkZUz6pnFt5AJBiyvHye/avatar/1097.jpg	FEMALE	2	2022-02-01 00:20:36.183	2022-02-01 12:31:38.153
366	Hubert_Waters74@yahoo.com	335.402.5860 x230	Orin	Schneider	https://cloudflare-ipfs.com/ipfs/Qmd3W5DuhgHirLHGVixi6V76LhCkZUz6pnFt5AJBiyvHye/avatar/990.jpg	MALE	64	2022-02-01 00:20:36.183	2022-02-01 12:31:38.153
367	Rachel_Hauck@gmail.com	(763) 505-9358	Alberto	Feest	https://cloudflare-ipfs.com/ipfs/Qmd3W5DuhgHirLHGVixi6V76LhCkZUz6pnFt5AJBiyvHye/avatar/645.jpg	MALE	14	2022-02-01 00:20:36.183	2022-02-01 12:31:38.153
368	Kathryne41@gmail.com	684.742.0469 x58645	Arno	Lang	https://cloudflare-ipfs.com/ipfs/Qmd3W5DuhgHirLHGVixi6V76LhCkZUz6pnFt5AJBiyvHye/avatar/0.jpg	FEMALE	65	2022-02-01 00:20:36.183	2022-02-01 12:31:38.153
369	Marley.Murazik@yahoo.com	937-609-3119	Jayde	Hagenes	https://cloudflare-ipfs.com/ipfs/Qmd3W5DuhgHirLHGVixi6V76LhCkZUz6pnFt5AJBiyvHye/avatar/602.jpg	MALE	39	2022-02-01 00:20:36.183	2022-02-01 12:31:38.153
370	Ima59@yahoo.com	372.277.5484 x40165	Emmanuel	MacGyver	https://cloudflare-ipfs.com/ipfs/Qmd3W5DuhgHirLHGVixi6V76LhCkZUz6pnFt5AJBiyvHye/avatar/796.jpg	MALE	37	2022-02-01 00:20:36.183	2022-02-01 12:31:38.153
371	Jazmin_Emard@hotmail.com	1-831-696-4726	Kellie	Heathcote	https://cloudflare-ipfs.com/ipfs/Qmd3W5DuhgHirLHGVixi6V76LhCkZUz6pnFt5AJBiyvHye/avatar/293.jpg	FEMALE	98	2022-02-01 00:20:36.183	2022-02-01 12:31:38.153
372	Vesta.Borer8@hotmail.com	659.895.1559 x6030	Flavio	Bartell	https://cloudflare-ipfs.com/ipfs/Qmd3W5DuhgHirLHGVixi6V76LhCkZUz6pnFt5AJBiyvHye/avatar/105.jpg	MALE	38	2022-02-01 00:20:36.183	2022-02-01 12:31:38.153
373	Kaden56@gmail.com	(680) 246-3474 x3526	Daisy	Kuphal	https://cloudflare-ipfs.com/ipfs/Qmd3W5DuhgHirLHGVixi6V76LhCkZUz6pnFt5AJBiyvHye/avatar/979.jpg	FEMALE	93	2022-02-01 00:20:36.183	2022-02-01 12:31:38.153
374	Frankie8@hotmail.com	288.318.3663 x0569	Jedidiah	Schmitt	https://cloudflare-ipfs.com/ipfs/Qmd3W5DuhgHirLHGVixi6V76LhCkZUz6pnFt5AJBiyvHye/avatar/326.jpg	FEMALE	22	2022-02-01 00:20:36.183	2022-02-01 12:31:38.153
375	Lamar67@yahoo.com	343.870.1902 x4732	Dessie	Morar	https://cloudflare-ipfs.com/ipfs/Qmd3W5DuhgHirLHGVixi6V76LhCkZUz6pnFt5AJBiyvHye/avatar/749.jpg	MALE	22	2022-02-01 00:20:36.183	2022-02-01 12:31:38.153
376	Ken_Marquardt98@gmail.com	(748) 463-4343	Issac	Balistreri	https://cloudflare-ipfs.com/ipfs/Qmd3W5DuhgHirLHGVixi6V76LhCkZUz6pnFt5AJBiyvHye/avatar/859.jpg	MALE	91	2022-02-01 00:20:36.183	2022-02-01 12:31:38.153
377	Mozelle_Kutch@gmail.com	(235) 483-9153 x311	Toney	Schoen	https://cloudflare-ipfs.com/ipfs/Qmd3W5DuhgHirLHGVixi6V76LhCkZUz6pnFt5AJBiyvHye/avatar/862.jpg	FEMALE	59	2022-02-01 00:20:36.183	2022-02-01 12:31:38.153
378	Shanna.Moen@gmail.com	227-311-9877 x367	Duane	Ortiz	https://cloudflare-ipfs.com/ipfs/Qmd3W5DuhgHirLHGVixi6V76LhCkZUz6pnFt5AJBiyvHye/avatar/81.jpg	FEMALE	49	2022-02-01 00:20:36.183	2022-02-01 12:31:38.153
379	Eli.Howell@hotmail.com	816.656.0669	Dayna	Weimann	https://cloudflare-ipfs.com/ipfs/Qmd3W5DuhgHirLHGVixi6V76LhCkZUz6pnFt5AJBiyvHye/avatar/99.jpg	FEMALE	15	2022-02-01 00:20:36.183	2022-02-01 12:31:38.153
380	Selena63@hotmail.com	(562) 847-1653 x544	Maggie	Bailey	https://cloudflare-ipfs.com/ipfs/Qmd3W5DuhgHirLHGVixi6V76LhCkZUz6pnFt5AJBiyvHye/avatar/608.jpg	MALE	26	2022-02-01 00:20:36.183	2022-02-01 12:31:38.153
381	Maybelle.Predovic@yahoo.com	1-526-791-0429	Claudia	McClure	https://cloudflare-ipfs.com/ipfs/Qmd3W5DuhgHirLHGVixi6V76LhCkZUz6pnFt5AJBiyvHye/avatar/946.jpg	FEMALE	64	2022-02-01 00:20:36.183	2022-02-01 12:31:38.153
382	Felicita70@yahoo.com	(393) 554-8513 x1304	Vaughn	Franey	https://cloudflare-ipfs.com/ipfs/Qmd3W5DuhgHirLHGVixi6V76LhCkZUz6pnFt5AJBiyvHye/avatar/578.jpg	FEMALE	56	2022-02-01 00:20:36.183	2022-02-01 12:31:38.153
383	Caesar52@hotmail.com	1-288-750-4226 x9501	David	Kertzmann	https://cloudflare-ipfs.com/ipfs/Qmd3W5DuhgHirLHGVixi6V76LhCkZUz6pnFt5AJBiyvHye/avatar/777.jpg	MALE	5	2022-02-01 00:20:36.183	2022-02-01 12:31:38.153
384	Celia74@hotmail.com	1-235-369-5659	Bridie	Schimmel	https://cloudflare-ipfs.com/ipfs/Qmd3W5DuhgHirLHGVixi6V76LhCkZUz6pnFt5AJBiyvHye/avatar/521.jpg	MALE	98	2022-02-01 00:20:36.183	2022-02-01 12:31:38.153
385	Lelah57@gmail.com	854.837.6438	Anya	Satterfield	https://cloudflare-ipfs.com/ipfs/Qmd3W5DuhgHirLHGVixi6V76LhCkZUz6pnFt5AJBiyvHye/avatar/401.jpg	MALE	62	2022-02-01 00:20:36.183	2022-02-01 12:31:38.153
386	Gladyce.Nader95@yahoo.com	394.316.1625	Natalie	Barton	https://cloudflare-ipfs.com/ipfs/Qmd3W5DuhgHirLHGVixi6V76LhCkZUz6pnFt5AJBiyvHye/avatar/124.jpg	MALE	44	2022-02-01 00:20:36.183	2022-02-01 12:31:38.153
387	Novella.Pollich@yahoo.com	(867) 720-6202	Gaston	Wyman	https://cloudflare-ipfs.com/ipfs/Qmd3W5DuhgHirLHGVixi6V76LhCkZUz6pnFt5AJBiyvHye/avatar/683.jpg	MALE	61	2022-02-01 00:20:36.183	2022-02-01 12:31:38.153
388	Theresia91@gmail.com	1-248-966-9151 x2198	Aniya	Hamill	https://cloudflare-ipfs.com/ipfs/Qmd3W5DuhgHirLHGVixi6V76LhCkZUz6pnFt5AJBiyvHye/avatar/919.jpg	FEMALE	43	2022-02-01 00:20:36.183	2022-02-01 12:31:38.153
389	Bruce_Emmerich@gmail.com	994.201.5337	Celestino	Grant	https://cloudflare-ipfs.com/ipfs/Qmd3W5DuhgHirLHGVixi6V76LhCkZUz6pnFt5AJBiyvHye/avatar/959.jpg	MALE	96	2022-02-01 00:20:36.183	2022-02-01 12:31:38.153
390	Ramiro63@hotmail.com	414.900.0792 x61282	Vena	Reinger	https://cloudflare-ipfs.com/ipfs/Qmd3W5DuhgHirLHGVixi6V76LhCkZUz6pnFt5AJBiyvHye/avatar/220.jpg	MALE	94	2022-02-01 00:20:36.183	2022-02-01 12:31:38.153
391	Glenna7@hotmail.com	1-699-945-6839 x1997	Layla	Hilll	https://cloudflare-ipfs.com/ipfs/Qmd3W5DuhgHirLHGVixi6V76LhCkZUz6pnFt5AJBiyvHye/avatar/1194.jpg	MALE	79	2022-02-01 00:20:36.183	2022-02-01 12:31:38.153
392	Graham63@gmail.com	462.674.4607	Dominic	Kilback	https://cloudflare-ipfs.com/ipfs/Qmd3W5DuhgHirLHGVixi6V76LhCkZUz6pnFt5AJBiyvHye/avatar/1032.jpg	MALE	100	2022-02-01 00:20:36.183	2022-02-01 12:31:38.153
393	Abe_Tillman@yahoo.com	327.229.7885	Helmer	Hilll	https://cloudflare-ipfs.com/ipfs/Qmd3W5DuhgHirLHGVixi6V76LhCkZUz6pnFt5AJBiyvHye/avatar/176.jpg	MALE	33	2022-02-01 00:20:36.183	2022-02-01 12:31:38.153
394	Dewitt_McGlynn10@hotmail.com	565.272.4522	Suzanne	Wuckert	https://cloudflare-ipfs.com/ipfs/Qmd3W5DuhgHirLHGVixi6V76LhCkZUz6pnFt5AJBiyvHye/avatar/533.jpg	FEMALE	95	2022-02-01 00:20:36.183	2022-02-01 12:31:38.153
395	Roosevelt77@hotmail.com	1-837-230-0898 x761	Imani	Walsh	https://cloudflare-ipfs.com/ipfs/Qmd3W5DuhgHirLHGVixi6V76LhCkZUz6pnFt5AJBiyvHye/avatar/624.jpg	MALE	18	2022-02-01 00:20:36.183	2022-02-01 12:31:38.153
396	Elenor_Stoltenberg@gmail.com	439-702-6091 x69010	Gerald	Conn	https://cloudflare-ipfs.com/ipfs/Qmd3W5DuhgHirLHGVixi6V76LhCkZUz6pnFt5AJBiyvHye/avatar/1067.jpg	FEMALE	6	2022-02-01 00:20:36.183	2022-02-01 12:31:38.153
397	Loyce.Ziemann87@hotmail.com	292.805.4485 x096	Robin	Macejkovic	https://cloudflare-ipfs.com/ipfs/Qmd3W5DuhgHirLHGVixi6V76LhCkZUz6pnFt5AJBiyvHye/avatar/692.jpg	MALE	58	2022-02-01 00:20:36.183	2022-02-01 12:31:38.153
398	Lexie.Wolf43@yahoo.com	736-755-9978	Marianna	Parisian	https://cloudflare-ipfs.com/ipfs/Qmd3W5DuhgHirLHGVixi6V76LhCkZUz6pnFt5AJBiyvHye/avatar/705.jpg	FEMALE	12	2022-02-01 00:20:36.183	2022-02-01 12:31:38.153
399	Meaghan.Kozey@yahoo.com	465.317.9574 x412	Toy	Bosco	https://cloudflare-ipfs.com/ipfs/Qmd3W5DuhgHirLHGVixi6V76LhCkZUz6pnFt5AJBiyvHye/avatar/70.jpg	MALE	68	2022-02-01 00:20:36.183	2022-02-01 12:31:38.153
400	Mackenzie11@gmail.com	539.342.9644	Leanna	Kshlerin	https://cloudflare-ipfs.com/ipfs/Qmd3W5DuhgHirLHGVixi6V76LhCkZUz6pnFt5AJBiyvHye/avatar/364.jpg	FEMALE	11	2022-02-01 00:20:36.183	2022-02-01 12:31:38.153
401	Sarina_OConner37@yahoo.com	590-982-4360	Benedict	Ryan	https://cloudflare-ipfs.com/ipfs/Qmd3W5DuhgHirLHGVixi6V76LhCkZUz6pnFt5AJBiyvHye/avatar/1038.jpg	MALE	63	2022-02-01 00:20:36.183	2022-02-01 12:31:38.153
402	Patsy.Hilll@gmail.com	495-525-3725 x4144	Evan	Mayert	https://cloudflare-ipfs.com/ipfs/Qmd3W5DuhgHirLHGVixi6V76LhCkZUz6pnFt5AJBiyvHye/avatar/1055.jpg	FEMALE	45	2022-02-01 00:20:36.183	2022-02-01 12:31:38.153
403	Wayne.Collins45@gmail.com	1-550-603-0068 x6142	Joey	Wunsch	https://cloudflare-ipfs.com/ipfs/Qmd3W5DuhgHirLHGVixi6V76LhCkZUz6pnFt5AJBiyvHye/avatar/534.jpg	FEMALE	4	2022-02-01 00:20:36.183	2022-02-01 12:31:38.153
404	Keaton.Schiller@gmail.com	804-757-9228	Columbus	Simonis	https://cloudflare-ipfs.com/ipfs/Qmd3W5DuhgHirLHGVixi6V76LhCkZUz6pnFt5AJBiyvHye/avatar/522.jpg	MALE	66	2022-02-01 00:20:36.183	2022-02-01 12:31:38.153
405	Austen.Hartmann@gmail.com	331-864-3873 x89932	Curtis	Bednar	https://cloudflare-ipfs.com/ipfs/Qmd3W5DuhgHirLHGVixi6V76LhCkZUz6pnFt5AJBiyvHye/avatar/1203.jpg	FEMALE	43	2022-02-01 00:20:36.183	2022-02-01 12:31:38.153
406	Richie_Welch5@gmail.com	826-395-8539 x27256	Gilbert	Schaefer	https://cloudflare-ipfs.com/ipfs/Qmd3W5DuhgHirLHGVixi6V76LhCkZUz6pnFt5AJBiyvHye/avatar/1215.jpg	MALE	47	2022-02-01 00:20:36.183	2022-02-01 12:31:38.153
407	Dewitt79@gmail.com	837-766-9048	Rahsaan	Grimes	https://cloudflare-ipfs.com/ipfs/Qmd3W5DuhgHirLHGVixi6V76LhCkZUz6pnFt5AJBiyvHye/avatar/34.jpg	MALE	83	2022-02-01 00:20:36.183	2022-02-01 12:31:38.153
408	Mittie46@hotmail.com	1-407-785-4192	Nyasia	Mraz	https://cloudflare-ipfs.com/ipfs/Qmd3W5DuhgHirLHGVixi6V76LhCkZUz6pnFt5AJBiyvHye/avatar/273.jpg	MALE	5	2022-02-01 00:20:36.183	2022-02-01 12:31:38.153
409	Makenzie.Quigley73@hotmail.com	(894) 439-1234 x87646	Magnolia	Kihn	https://cloudflare-ipfs.com/ipfs/Qmd3W5DuhgHirLHGVixi6V76LhCkZUz6pnFt5AJBiyvHye/avatar/527.jpg	FEMALE	51	2022-02-01 00:20:36.183	2022-02-01 12:31:38.153
410	Elizabeth.Koch@gmail.com	(891) 705-8356 x135	Sylvan	Oberbrunner	https://cloudflare-ipfs.com/ipfs/Qmd3W5DuhgHirLHGVixi6V76LhCkZUz6pnFt5AJBiyvHye/avatar/385.jpg	FEMALE	45	2022-02-01 00:20:36.183	2022-02-01 12:31:38.153
411	Rodrick77@yahoo.com	974-889-1366 x6828	Hettie	Turner	https://cloudflare-ipfs.com/ipfs/Qmd3W5DuhgHirLHGVixi6V76LhCkZUz6pnFt5AJBiyvHye/avatar/883.jpg	FEMALE	49	2022-02-01 00:20:36.183	2022-02-01 12:31:38.153
412	Eleanore.Cassin@gmail.com	1-291-547-5023	Shanel	Shanahan	https://cloudflare-ipfs.com/ipfs/Qmd3W5DuhgHirLHGVixi6V76LhCkZUz6pnFt5AJBiyvHye/avatar/1122.jpg	FEMALE	76	2022-02-01 00:20:36.183	2022-02-01 12:31:38.153
413	Henry.Tromp89@yahoo.com	(663) 482-2283	Favian	Hartmann	https://cloudflare-ipfs.com/ipfs/Qmd3W5DuhgHirLHGVixi6V76LhCkZUz6pnFt5AJBiyvHye/avatar/77.jpg	MALE	70	2022-02-01 00:20:36.183	2022-02-01 12:31:38.153
414	Doyle_Gusikowski@yahoo.com	1-277-851-9146 x987	Steve	Bergnaum	https://cloudflare-ipfs.com/ipfs/Qmd3W5DuhgHirLHGVixi6V76LhCkZUz6pnFt5AJBiyvHye/avatar/572.jpg	MALE	49	2022-02-01 00:20:36.183	2022-02-01 12:31:38.153
415	Caroline.Little18@hotmail.com	1-421-640-6634	Dejah	Pollich	https://cloudflare-ipfs.com/ipfs/Qmd3W5DuhgHirLHGVixi6V76LhCkZUz6pnFt5AJBiyvHye/avatar/102.jpg	FEMALE	19	2022-02-01 00:20:36.183	2022-02-01 12:31:38.153
416	Dakota_Lehner45@gmail.com	885-315-1095 x5610	Jefferey	Gerlach	https://cloudflare-ipfs.com/ipfs/Qmd3W5DuhgHirLHGVixi6V76LhCkZUz6pnFt5AJBiyvHye/avatar/336.jpg	MALE	85	2022-02-01 00:20:36.183	2022-02-01 12:31:38.153
417	Eunice_Thiel@yahoo.com	1-600-777-8433 x30932	Leonora	Gleichner	https://cloudflare-ipfs.com/ipfs/Qmd3W5DuhgHirLHGVixi6V76LhCkZUz6pnFt5AJBiyvHye/avatar/1168.jpg	MALE	57	2022-02-01 00:20:36.183	2022-02-01 12:31:38.153
418	Jayme.Wehner@hotmail.com	1-622-683-0750 x50085	Jared	Hickle	https://cloudflare-ipfs.com/ipfs/Qmd3W5DuhgHirLHGVixi6V76LhCkZUz6pnFt5AJBiyvHye/avatar/772.jpg	MALE	17	2022-02-01 00:20:36.183	2022-02-01 12:31:38.153
419	Lavern_Grady@gmail.com	346.757.1284	Justina	Heidenreich	https://cloudflare-ipfs.com/ipfs/Qmd3W5DuhgHirLHGVixi6V76LhCkZUz6pnFt5AJBiyvHye/avatar/108.jpg	FEMALE	48	2022-02-01 00:20:36.183	2022-02-01 12:31:38.153
420	Leda.Lindgren@gmail.com	1-415-855-7412	Davion	Grady	https://cloudflare-ipfs.com/ipfs/Qmd3W5DuhgHirLHGVixi6V76LhCkZUz6pnFt5AJBiyvHye/avatar/265.jpg	FEMALE	5	2022-02-01 00:20:36.183	2022-02-01 12:31:38.153
421	Haley.Emard@hotmail.com	1-757-956-4084 x973	Izaiah	Schulist	https://cloudflare-ipfs.com/ipfs/Qmd3W5DuhgHirLHGVixi6V76LhCkZUz6pnFt5AJBiyvHye/avatar/1132.jpg	FEMALE	65	2022-02-01 00:20:36.183	2022-02-01 12:31:38.153
422	Carissa.Batz23@hotmail.com	923.240.0846	Robert	Cole	https://cloudflare-ipfs.com/ipfs/Qmd3W5DuhgHirLHGVixi6V76LhCkZUz6pnFt5AJBiyvHye/avatar/736.jpg	FEMALE	98	2022-02-01 00:20:36.183	2022-02-01 12:31:38.153
423	Maryse.Marks77@yahoo.com	(754) 397-5212	Mya	Windler	https://cloudflare-ipfs.com/ipfs/Qmd3W5DuhgHirLHGVixi6V76LhCkZUz6pnFt5AJBiyvHye/avatar/273.jpg	FEMALE	88	2022-02-01 00:20:36.183	2022-02-01 12:31:38.153
424	Lily81@yahoo.com	1-294-461-9179 x604	Mike	Howe	https://cloudflare-ipfs.com/ipfs/Qmd3W5DuhgHirLHGVixi6V76LhCkZUz6pnFt5AJBiyvHye/avatar/834.jpg	FEMALE	40	2022-02-01 00:20:36.183	2022-02-01 12:31:38.153
425	Maritza.Ryan@hotmail.com	448.489.3857 x9107	Greg	Bernier	https://cloudflare-ipfs.com/ipfs/Qmd3W5DuhgHirLHGVixi6V76LhCkZUz6pnFt5AJBiyvHye/avatar/576.jpg	FEMALE	53	2022-02-01 00:20:36.183	2022-02-01 12:31:38.153
426	Esmeralda95@yahoo.com	972.420.6729	Lavonne	Swaniawski	https://cloudflare-ipfs.com/ipfs/Qmd3W5DuhgHirLHGVixi6V76LhCkZUz6pnFt5AJBiyvHye/avatar/448.jpg	MALE	62	2022-02-01 00:20:36.183	2022-02-01 12:31:38.153
427	Jermey33@yahoo.com	1-563-630-7900	Moriah	Hermiston	https://cloudflare-ipfs.com/ipfs/Qmd3W5DuhgHirLHGVixi6V76LhCkZUz6pnFt5AJBiyvHye/avatar/1025.jpg	FEMALE	47	2022-02-01 00:20:36.183	2022-02-01 12:31:38.153
428	Brady77@hotmail.com	(899) 311-2228 x168	Karl	Anderson	https://cloudflare-ipfs.com/ipfs/Qmd3W5DuhgHirLHGVixi6V76LhCkZUz6pnFt5AJBiyvHye/avatar/881.jpg	MALE	52	2022-02-01 00:20:36.183	2022-02-01 12:31:38.153
429	Timothy10@hotmail.com	212.356.8963	Nigel	Marvin	https://cloudflare-ipfs.com/ipfs/Qmd3W5DuhgHirLHGVixi6V76LhCkZUz6pnFt5AJBiyvHye/avatar/502.jpg	FEMALE	66	2022-02-01 00:20:36.183	2022-02-01 12:31:38.153
430	Wilhelm_Cole19@hotmail.com	1-493-999-8002	Antwon	Rempel	https://cloudflare-ipfs.com/ipfs/Qmd3W5DuhgHirLHGVixi6V76LhCkZUz6pnFt5AJBiyvHye/avatar/442.jpg	FEMALE	18	2022-02-01 00:20:36.183	2022-02-01 12:31:38.153
431	Eileen.Huels89@gmail.com	(251) 231-3432 x437	Juliana	Feest	https://cloudflare-ipfs.com/ipfs/Qmd3W5DuhgHirLHGVixi6V76LhCkZUz6pnFt5AJBiyvHye/avatar/610.jpg	MALE	91	2022-02-01 00:20:36.183	2022-02-01 12:31:38.153
432	Anabelle.Keebler87@gmail.com	872.380.0318	Abbie	Vandervort	https://cloudflare-ipfs.com/ipfs/Qmd3W5DuhgHirLHGVixi6V76LhCkZUz6pnFt5AJBiyvHye/avatar/836.jpg	FEMALE	62	2022-02-01 00:20:36.183	2022-02-01 12:31:38.153
433	Esta79@hotmail.com	(266) 538-6881	Braulio	Osinski	https://cloudflare-ipfs.com/ipfs/Qmd3W5DuhgHirLHGVixi6V76LhCkZUz6pnFt5AJBiyvHye/avatar/966.jpg	FEMALE	80	2022-02-01 00:20:36.183	2022-02-01 12:31:38.153
434	Mazie.Hettinger@gmail.com	627-902-2324	Jerrell	Emard	https://cloudflare-ipfs.com/ipfs/Qmd3W5DuhgHirLHGVixi6V76LhCkZUz6pnFt5AJBiyvHye/avatar/942.jpg	FEMALE	70	2022-02-01 00:20:36.183	2022-02-01 12:31:38.153
435	Geovany21@yahoo.com	413.995.3612	Holly	Prohaska	https://cloudflare-ipfs.com/ipfs/Qmd3W5DuhgHirLHGVixi6V76LhCkZUz6pnFt5AJBiyvHye/avatar/832.jpg	MALE	31	2022-02-01 00:20:36.183	2022-02-01 12:31:38.153
436	Lorena_Morissette0@yahoo.com	(943) 769-9290	Gwendolyn	Kertzmann	https://cloudflare-ipfs.com/ipfs/Qmd3W5DuhgHirLHGVixi6V76LhCkZUz6pnFt5AJBiyvHye/avatar/450.jpg	MALE	60	2022-02-01 00:20:36.183	2022-02-01 12:31:38.153
437	Jane.Jacobi76@yahoo.com	(815) 916-0437 x5125	Shea	Witting	https://cloudflare-ipfs.com/ipfs/Qmd3W5DuhgHirLHGVixi6V76LhCkZUz6pnFt5AJBiyvHye/avatar/603.jpg	FEMALE	70	2022-02-01 00:20:36.183	2022-02-01 12:31:38.153
438	Benedict26@yahoo.com	547.312.5752 x258	Earline	Zboncak	https://cloudflare-ipfs.com/ipfs/Qmd3W5DuhgHirLHGVixi6V76LhCkZUz6pnFt5AJBiyvHye/avatar/348.jpg	FEMALE	98	2022-02-01 00:20:36.183	2022-02-01 12:31:38.153
439	Corine.Hayes63@yahoo.com	641-632-6049	Ova	Hand	https://cloudflare-ipfs.com/ipfs/Qmd3W5DuhgHirLHGVixi6V76LhCkZUz6pnFt5AJBiyvHye/avatar/524.jpg	FEMALE	8	2022-02-01 00:20:36.183	2022-02-01 12:31:38.153
440	Vivian15@gmail.com	998-305-1248 x8527	Darian	Yundt	https://cloudflare-ipfs.com/ipfs/Qmd3W5DuhgHirLHGVixi6V76LhCkZUz6pnFt5AJBiyvHye/avatar/162.jpg	FEMALE	34	2022-02-01 00:20:36.183	2022-02-01 12:31:38.153
441	Millie.Abernathy9@yahoo.com	(964) 539-3930	Cesar	Schaefer	https://cloudflare-ipfs.com/ipfs/Qmd3W5DuhgHirLHGVixi6V76LhCkZUz6pnFt5AJBiyvHye/avatar/543.jpg	FEMALE	99	2022-02-01 00:20:36.183	2022-02-01 12:31:38.153
442	Herta.Schmidt38@hotmail.com	961.589.8351 x8700	Vilma	Kshlerin	https://cloudflare-ipfs.com/ipfs/Qmd3W5DuhgHirLHGVixi6V76LhCkZUz6pnFt5AJBiyvHye/avatar/998.jpg	MALE	48	2022-02-01 00:20:36.183	2022-02-01 12:31:38.153
443	Manuel86@yahoo.com	1-257-335-5538 x12659	Alejandrin	Mayert	https://cloudflare-ipfs.com/ipfs/Qmd3W5DuhgHirLHGVixi6V76LhCkZUz6pnFt5AJBiyvHye/avatar/254.jpg	FEMALE	11	2022-02-01 00:20:36.183	2022-02-01 12:31:38.153
444	Ezequiel_Hane47@yahoo.com	950.927.2766	Florencio	Donnelly	https://cloudflare-ipfs.com/ipfs/Qmd3W5DuhgHirLHGVixi6V76LhCkZUz6pnFt5AJBiyvHye/avatar/1240.jpg	FEMALE	54	2022-02-01 00:20:36.183	2022-02-01 12:31:38.153
445	Orville76@yahoo.com	(224) 357-7998 x43472	Giovani	Swift	https://cloudflare-ipfs.com/ipfs/Qmd3W5DuhgHirLHGVixi6V76LhCkZUz6pnFt5AJBiyvHye/avatar/599.jpg	MALE	36	2022-02-01 00:20:36.183	2022-02-01 12:31:38.153
446	Lola_Nicolas@yahoo.com	1-223-479-5743	Cathrine	Funk	https://cloudflare-ipfs.com/ipfs/Qmd3W5DuhgHirLHGVixi6V76LhCkZUz6pnFt5AJBiyvHye/avatar/816.jpg	FEMALE	36	2022-02-01 00:20:36.183	2022-02-01 12:31:38.153
447	Marlee59@yahoo.com	478.633.3451 x57645	Ramiro	Cassin	https://cloudflare-ipfs.com/ipfs/Qmd3W5DuhgHirLHGVixi6V76LhCkZUz6pnFt5AJBiyvHye/avatar/330.jpg	FEMALE	32	2022-02-01 00:20:36.183	2022-02-01 12:31:38.153
448	Mariam_Heller@hotmail.com	633.557.5871 x678	Halle	Hyatt	https://cloudflare-ipfs.com/ipfs/Qmd3W5DuhgHirLHGVixi6V76LhCkZUz6pnFt5AJBiyvHye/avatar/569.jpg	FEMALE	79	2022-02-01 00:20:36.183	2022-02-01 12:31:38.153
449	Walker_Green44@gmail.com	480.683.8495	Johann	Vandervort	https://cloudflare-ipfs.com/ipfs/Qmd3W5DuhgHirLHGVixi6V76LhCkZUz6pnFt5AJBiyvHye/avatar/389.jpg	FEMALE	9	2022-02-01 00:20:36.183	2022-02-01 12:31:38.153
450	Bernardo93@gmail.com	512-649-4412	Kurt	Daniel	https://cloudflare-ipfs.com/ipfs/Qmd3W5DuhgHirLHGVixi6V76LhCkZUz6pnFt5AJBiyvHye/avatar/265.jpg	FEMALE	53	2022-02-01 00:20:36.183	2022-02-01 12:31:38.153
451	Isabelle_Marquardt58@hotmail.com	1-801-834-8112	Bradford	Prohaska	https://cloudflare-ipfs.com/ipfs/Qmd3W5DuhgHirLHGVixi6V76LhCkZUz6pnFt5AJBiyvHye/avatar/712.jpg	FEMALE	2	2022-02-01 00:20:36.183	2022-02-01 12:31:38.153
452	Lera.Schneider18@hotmail.com	398.299.4954 x9831	Hoyt	Frami	https://cloudflare-ipfs.com/ipfs/Qmd3W5DuhgHirLHGVixi6V76LhCkZUz6pnFt5AJBiyvHye/avatar/1106.jpg	MALE	17	2022-02-01 00:20:36.183	2022-02-01 12:31:38.153
453	Cydney.Stroman@hotmail.com	740.393.8909 x549	Antwan	Herman	https://cloudflare-ipfs.com/ipfs/Qmd3W5DuhgHirLHGVixi6V76LhCkZUz6pnFt5AJBiyvHye/avatar/810.jpg	MALE	21	2022-02-01 00:20:36.183	2022-02-01 12:31:38.153
454	Johnson9@hotmail.com	219-742-5554	Reyes	Wuckert	https://cloudflare-ipfs.com/ipfs/Qmd3W5DuhgHirLHGVixi6V76LhCkZUz6pnFt5AJBiyvHye/avatar/1050.jpg	MALE	72	2022-02-01 00:20:36.183	2022-02-01 12:31:38.153
455	Orlo.Blick@gmail.com	1-896-547-2349	Heather	Rosenbaum	https://cloudflare-ipfs.com/ipfs/Qmd3W5DuhgHirLHGVixi6V76LhCkZUz6pnFt5AJBiyvHye/avatar/524.jpg	FEMALE	9	2022-02-01 00:20:36.183	2022-02-01 12:31:38.153
456	Mariano32@hotmail.com	(386) 201-2369 x791	Werner	Kris	https://cloudflare-ipfs.com/ipfs/Qmd3W5DuhgHirLHGVixi6V76LhCkZUz6pnFt5AJBiyvHye/avatar/372.jpg	MALE	95	2022-02-01 00:20:36.183	2022-02-01 12:31:38.153
457	Eusebio_Mosciski@hotmail.com	(697) 935-9869	Markus	Reichel	https://cloudflare-ipfs.com/ipfs/Qmd3W5DuhgHirLHGVixi6V76LhCkZUz6pnFt5AJBiyvHye/avatar/596.jpg	FEMALE	78	2022-02-01 00:20:36.183	2022-02-01 12:31:38.153
458	Kaitlyn_Heathcote@hotmail.com	(243) 208-0781 x74457	Colby	Ferry	https://cloudflare-ipfs.com/ipfs/Qmd3W5DuhgHirLHGVixi6V76LhCkZUz6pnFt5AJBiyvHye/avatar/978.jpg	MALE	57	2022-02-01 00:20:36.183	2022-02-01 12:31:38.153
459	Janet_Bechtelar@yahoo.com	448-825-3054	Irma	Murazik	https://cloudflare-ipfs.com/ipfs/Qmd3W5DuhgHirLHGVixi6V76LhCkZUz6pnFt5AJBiyvHye/avatar/1100.jpg	MALE	87	2022-02-01 00:20:36.183	2022-02-01 12:31:38.153
460	Jayne60@gmail.com	(914) 522-9325 x6042	Lyda	Rice	https://cloudflare-ipfs.com/ipfs/Qmd3W5DuhgHirLHGVixi6V76LhCkZUz6pnFt5AJBiyvHye/avatar/1009.jpg	MALE	33	2022-02-01 00:20:36.183	2022-02-01 12:31:38.153
461	Jamarcus_Ritchie@gmail.com	604.750.7875 x548	Skylar	Feil	https://cloudflare-ipfs.com/ipfs/Qmd3W5DuhgHirLHGVixi6V76LhCkZUz6pnFt5AJBiyvHye/avatar/263.jpg	FEMALE	79	2022-02-01 00:20:36.183	2022-02-01 12:31:38.153
462	Ashley_McClure@yahoo.com	338-418-9731	Eldridge	Stiedemann	https://cloudflare-ipfs.com/ipfs/Qmd3W5DuhgHirLHGVixi6V76LhCkZUz6pnFt5AJBiyvHye/avatar/430.jpg	MALE	60	2022-02-01 00:20:36.183	2022-02-01 12:31:38.153
463	Arthur_Trantow@hotmail.com	675.327.1721	Kaleb	Lindgren	https://cloudflare-ipfs.com/ipfs/Qmd3W5DuhgHirLHGVixi6V76LhCkZUz6pnFt5AJBiyvHye/avatar/1100.jpg	MALE	78	2022-02-01 00:20:36.183	2022-02-01 12:31:38.153
464	Mittie_Dare@hotmail.com	420.254.0946	Vince	Terry	https://cloudflare-ipfs.com/ipfs/Qmd3W5DuhgHirLHGVixi6V76LhCkZUz6pnFt5AJBiyvHye/avatar/691.jpg	FEMALE	97	2022-02-01 00:20:36.183	2022-02-01 12:31:38.153
465	Betsy_Moore5@hotmail.com	1-883-629-8666	Alvina	Beier	https://cloudflare-ipfs.com/ipfs/Qmd3W5DuhgHirLHGVixi6V76LhCkZUz6pnFt5AJBiyvHye/avatar/1101.jpg	MALE	48	2022-02-01 00:20:36.183	2022-02-01 12:31:38.153
466	Augustus.McDermott93@yahoo.com	748.952.9868	Martina	Green	https://cloudflare-ipfs.com/ipfs/Qmd3W5DuhgHirLHGVixi6V76LhCkZUz6pnFt5AJBiyvHye/avatar/660.jpg	MALE	62	2022-02-01 00:20:36.183	2022-02-01 12:31:38.153
467	Vinnie.Howe87@yahoo.com	532-754-2389	Kory	Vandervort	https://cloudflare-ipfs.com/ipfs/Qmd3W5DuhgHirLHGVixi6V76LhCkZUz6pnFt5AJBiyvHye/avatar/47.jpg	MALE	11	2022-02-01 00:20:36.183	2022-02-01 12:31:38.153
468	Cesar83@gmail.com	(404) 591-4442 x637	Leanne	Schulist	https://cloudflare-ipfs.com/ipfs/Qmd3W5DuhgHirLHGVixi6V76LhCkZUz6pnFt5AJBiyvHye/avatar/542.jpg	FEMALE	53	2022-02-01 00:20:36.183	2022-02-01 12:31:38.153
469	Reinhold_Will29@gmail.com	(658) 281-1725 x9435	Jed	Dare	https://cloudflare-ipfs.com/ipfs/Qmd3W5DuhgHirLHGVixi6V76LhCkZUz6pnFt5AJBiyvHye/avatar/246.jpg	MALE	23	2022-02-01 00:20:36.183	2022-02-01 12:31:38.153
470	Josefa97@yahoo.com	1-528-988-5957	Lilian	Yundt	https://cloudflare-ipfs.com/ipfs/Qmd3W5DuhgHirLHGVixi6V76LhCkZUz6pnFt5AJBiyvHye/avatar/867.jpg	MALE	56	2022-02-01 00:20:36.183	2022-02-01 12:31:38.153
471	Caterina.Sanford62@gmail.com	630.407.0316 x2423	Annabell	Schamberger	https://cloudflare-ipfs.com/ipfs/Qmd3W5DuhgHirLHGVixi6V76LhCkZUz6pnFt5AJBiyvHye/avatar/401.jpg	MALE	63	2022-02-01 00:20:36.183	2022-02-01 12:31:38.153
472	Leonard74@hotmail.com	233.832.4718	Jakob	Baumbach	https://cloudflare-ipfs.com/ipfs/Qmd3W5DuhgHirLHGVixi6V76LhCkZUz6pnFt5AJBiyvHye/avatar/826.jpg	FEMALE	9	2022-02-01 00:20:36.183	2022-02-01 12:31:38.153
473	Santino_Dibbert36@yahoo.com	278.353.0658 x71050	Nova	Yundt	https://cloudflare-ipfs.com/ipfs/Qmd3W5DuhgHirLHGVixi6V76LhCkZUz6pnFt5AJBiyvHye/avatar/687.jpg	MALE	84	2022-02-01 00:20:36.183	2022-02-01 12:31:38.153
474	Palma.Terry92@gmail.com	(564) 457-7612 x0352	Patricia	McCullough	https://cloudflare-ipfs.com/ipfs/Qmd3W5DuhgHirLHGVixi6V76LhCkZUz6pnFt5AJBiyvHye/avatar/572.jpg	MALE	72	2022-02-01 00:20:36.183	2022-02-01 12:31:38.153
475	Cooper33@gmail.com	427.860.7970	Colt	Murazik	https://cloudflare-ipfs.com/ipfs/Qmd3W5DuhgHirLHGVixi6V76LhCkZUz6pnFt5AJBiyvHye/avatar/22.jpg	MALE	75	2022-02-01 00:20:36.183	2022-02-01 12:31:38.153
476	Daphney.Hayes4@gmail.com	(204) 351-3408	Freddy	Bosco	https://cloudflare-ipfs.com/ipfs/Qmd3W5DuhgHirLHGVixi6V76LhCkZUz6pnFt5AJBiyvHye/avatar/241.jpg	FEMALE	65	2022-02-01 00:20:36.183	2022-02-01 12:31:38.153
477	Otto.Leffler98@gmail.com	1-895-938-7463 x24360	Gillian	Johnson	https://cloudflare-ipfs.com/ipfs/Qmd3W5DuhgHirLHGVixi6V76LhCkZUz6pnFt5AJBiyvHye/avatar/1220.jpg	FEMALE	9	2022-02-01 00:20:36.183	2022-02-01 12:31:38.153
478	Nikko.Willms@yahoo.com	711.576.8372 x83082	Keshawn	Jaskolski	https://cloudflare-ipfs.com/ipfs/Qmd3W5DuhgHirLHGVixi6V76LhCkZUz6pnFt5AJBiyvHye/avatar/1157.jpg	MALE	4	2022-02-01 00:20:36.183	2022-02-01 12:31:38.153
479	Jacynthe17@gmail.com	707-646-9485 x50086	Chasity	Jerde	https://cloudflare-ipfs.com/ipfs/Qmd3W5DuhgHirLHGVixi6V76LhCkZUz6pnFt5AJBiyvHye/avatar/593.jpg	FEMALE	30	2022-02-01 00:20:36.183	2022-02-01 12:31:38.153
480	Jean77@yahoo.com	991.425.6328 x361	Irving	Lowe	https://cloudflare-ipfs.com/ipfs/Qmd3W5DuhgHirLHGVixi6V76LhCkZUz6pnFt5AJBiyvHye/avatar/792.jpg	MALE	27	2022-02-01 00:20:36.183	2022-02-01 12:31:38.153
481	Demetrius.Kilback43@yahoo.com	303-769-0835 x52546	Dejah	Veum	https://cloudflare-ipfs.com/ipfs/Qmd3W5DuhgHirLHGVixi6V76LhCkZUz6pnFt5AJBiyvHye/avatar/1207.jpg	MALE	96	2022-02-01 00:20:36.183	2022-02-01 12:31:38.153
482	Scotty75@hotmail.com	505-480-9564	Emanuel	Ortiz	https://cloudflare-ipfs.com/ipfs/Qmd3W5DuhgHirLHGVixi6V76LhCkZUz6pnFt5AJBiyvHye/avatar/601.jpg	FEMALE	68	2022-02-01 00:20:36.183	2022-02-01 12:31:38.153
483	Vaughn_Moore@hotmail.com	(631) 919-9747	Crawford	Kunde	https://cloudflare-ipfs.com/ipfs/Qmd3W5DuhgHirLHGVixi6V76LhCkZUz6pnFt5AJBiyvHye/avatar/895.jpg	MALE	6	2022-02-01 00:20:36.183	2022-02-01 12:31:38.153
484	Merritt75@gmail.com	1-250-842-1321	Karianne	Marquardt	https://cloudflare-ipfs.com/ipfs/Qmd3W5DuhgHirLHGVixi6V76LhCkZUz6pnFt5AJBiyvHye/avatar/1187.jpg	FEMALE	31	2022-02-01 00:20:36.183	2022-02-01 12:31:38.153
485	Wilhelm27@yahoo.com	230-255-9994	Alexandro	Roberts	https://cloudflare-ipfs.com/ipfs/Qmd3W5DuhgHirLHGVixi6V76LhCkZUz6pnFt5AJBiyvHye/avatar/598.jpg	FEMALE	30	2022-02-01 00:20:36.183	2022-02-01 12:31:38.153
486	Sigmund5@gmail.com	1-381-769-7652	Maud	Streich	https://cloudflare-ipfs.com/ipfs/Qmd3W5DuhgHirLHGVixi6V76LhCkZUz6pnFt5AJBiyvHye/avatar/942.jpg	MALE	5	2022-02-01 00:20:36.183	2022-02-01 12:31:38.153
487	Tamara.Crooks71@yahoo.com	773-516-1929 x3874	Morton	D'Amore	https://cloudflare-ipfs.com/ipfs/Qmd3W5DuhgHirLHGVixi6V76LhCkZUz6pnFt5AJBiyvHye/avatar/734.jpg	MALE	78	2022-02-01 00:20:36.183	2022-02-01 12:31:38.153
488	Marlen.Schulist@yahoo.com	(780) 211-0316 x7829	Kylee	Klein	https://cloudflare-ipfs.com/ipfs/Qmd3W5DuhgHirLHGVixi6V76LhCkZUz6pnFt5AJBiyvHye/avatar/1147.jpg	FEMALE	86	2022-02-01 00:20:36.183	2022-02-01 12:31:38.153
489	Evie.Bogan@yahoo.com	1-757-479-3348 x093	Clarabelle	Jacobs	https://cloudflare-ipfs.com/ipfs/Qmd3W5DuhgHirLHGVixi6V76LhCkZUz6pnFt5AJBiyvHye/avatar/388.jpg	FEMALE	54	2022-02-01 00:20:36.183	2022-02-01 12:31:38.153
490	Bridie16@hotmail.com	395.919.0705	Winston	Cole	https://cloudflare-ipfs.com/ipfs/Qmd3W5DuhgHirLHGVixi6V76LhCkZUz6pnFt5AJBiyvHye/avatar/975.jpg	FEMALE	78	2022-02-01 00:20:36.183	2022-02-01 12:31:38.153
491	Justina11@gmail.com	307-224-5042 x70842	Roscoe	Swaniawski	https://cloudflare-ipfs.com/ipfs/Qmd3W5DuhgHirLHGVixi6V76LhCkZUz6pnFt5AJBiyvHye/avatar/1008.jpg	MALE	96	2022-02-01 00:20:36.183	2022-02-01 12:31:38.153
492	Thalia_Hirthe@hotmail.com	580.591.0652	Joaquin	Mertz	https://cloudflare-ipfs.com/ipfs/Qmd3W5DuhgHirLHGVixi6V76LhCkZUz6pnFt5AJBiyvHye/avatar/1141.jpg	MALE	71	2022-02-01 00:20:36.183	2022-02-01 12:31:38.153
493	Wilson_Padberg54@yahoo.com	434.374.3425 x374	Layla	Murray	https://cloudflare-ipfs.com/ipfs/Qmd3W5DuhgHirLHGVixi6V76LhCkZUz6pnFt5AJBiyvHye/avatar/785.jpg	MALE	73	2022-02-01 00:20:36.183	2022-02-01 12:31:38.153
494	Emile34@gmail.com	225-919-8594 x0519	Jovan	Parisian	https://cloudflare-ipfs.com/ipfs/Qmd3W5DuhgHirLHGVixi6V76LhCkZUz6pnFt5AJBiyvHye/avatar/680.jpg	FEMALE	59	2022-02-01 00:20:36.183	2022-02-01 12:31:38.153
495	Elbert.Mertz@gmail.com	(474) 475-4934 x1303	Joey	Klein	https://cloudflare-ipfs.com/ipfs/Qmd3W5DuhgHirLHGVixi6V76LhCkZUz6pnFt5AJBiyvHye/avatar/889.jpg	FEMALE	96	2022-02-01 00:20:36.183	2022-02-01 12:31:38.153
496	Jason_Schmidt@hotmail.com	(996) 770-9735	Carli	Koss	https://cloudflare-ipfs.com/ipfs/Qmd3W5DuhgHirLHGVixi6V76LhCkZUz6pnFt5AJBiyvHye/avatar/329.jpg	MALE	29	2022-02-01 00:20:36.183	2022-02-01 12:31:38.153
497	Angus39@hotmail.com	1-274-257-2474 x5431	Corene	Homenick	https://cloudflare-ipfs.com/ipfs/Qmd3W5DuhgHirLHGVixi6V76LhCkZUz6pnFt5AJBiyvHye/avatar/304.jpg	FEMALE	90	2022-02-01 00:20:36.183	2022-02-01 12:31:38.153
498	Jonatan.King@hotmail.com	(836) 270-8656	Zoe	Langosh	https://cloudflare-ipfs.com/ipfs/Qmd3W5DuhgHirLHGVixi6V76LhCkZUz6pnFt5AJBiyvHye/avatar/552.jpg	MALE	1	2022-02-01 00:20:36.183	2022-02-01 12:31:38.153
499	Deonte83@hotmail.com	398-778-2671	Ottilie	Donnelly	https://cloudflare-ipfs.com/ipfs/Qmd3W5DuhgHirLHGVixi6V76LhCkZUz6pnFt5AJBiyvHye/avatar/342.jpg	FEMALE	1	2022-02-01 00:20:36.183	2022-02-01 12:31:38.153
500	Patricia.Rau@gmail.com	420-895-7635 x7835	Juliana	Windler	https://cloudflare-ipfs.com/ipfs/Qmd3W5DuhgHirLHGVixi6V76LhCkZUz6pnFt5AJBiyvHye/avatar/1009.jpg	MALE	9	2022-02-01 00:20:36.183	2022-02-01 12:31:38.153
501	ndirangu.mepawa	0746477884	Peter	Geroson	https://avatar.uimaterial.com/?setId=SRnIheFCkAUeM9QjtOCa&name=Austin	MALE	2	2022-02-01 11:03:14.707	2022-02-01 00:20:36.183
502	ndirangu.mepawa	0746477884	Peter	Geroson	https://avatar.uimaterial.com/?setId=SRnIheFCkAUeM9QjtOCa&name=Austin	MALE	2	2022-02-02 12:02:23.681	2022-02-01 00:20:36.183
503	\N	0746649576	George	Ndirangu		MALE	10	2022-02-02 14:52:17.924	2000-01-29 14:51:51
504	\N	5782878678	George	Peter		MALE	3	2022-02-02 14:57:13.427	2000-01-29 14:51:51
505	\N	475758658	fffgddf	gsdgsdgs		MALE	1	2022-02-02 14:58:38.249	2022-02-17 14:58:10
506	\N		ththdjdjd	jufyudtudtu		MALE	1	2022-02-02 14:59:53.917	2022-02-10 14:59:49
507	\N					MALE	1	2022-02-02 19:45:22.242	2022-02-17 19:45:01
508	\N	0746649576	Cynthia	Gloria		MALE	1	2022-02-08 05:55:56.963	2022-02-08 05:55:53
\.


--
-- TOC entry 3166 (class 0 OID 51359)
-- Dependencies: 204
-- Data for Name: Section; Type: TABLE DATA; Schema: public; Owner: pendo
--

COPY public."Section" (id, code, "adminId") FROM stdin;
1	A	2
2	B	3
3	C 	4
4	D	5
\.


--
-- TOC entry 3164 (class 0 OID 51348)
-- Dependencies: 202
-- Data for Name: Tent; Type: TABLE DATA; Schema: public; Owner: pendo
--

COPY public."Tent" (id, code, "sectionId") FROM stdin;
1	TG-1	2
2	TG-2	1
3	TG-3	3
4	TG-4	1
5	TG-5	4
6	TG-6	4
7	TG-7	3
8	TG-8	1
9	TG-9	4
10	TG-10	4
11	TG-11	3
12	TG-12	4
13	TG-13	1
14	TG-14	3
15	TG-15	2
16	TG-16	2
17	TG-17	1
18	TG-18	4
19	TG-19	3
20	TG-20	1
21	TG-21	2
22	TG-22	2
23	TG-23	3
24	TG-24	4
25	TG-25	2
26	TG-26	4
27	TG-27	3
28	TG-28	4
29	TG-29	2
30	TG-30	1
31	TG-31	2
32	TG-32	3
33	TG-33	1
34	TG-34	3
35	TG-35	1
36	TG-36	4
37	TG-37	2
38	TG-38	4
39	TG-39	4
40	TG-40	1
41	TG-41	3
42	TG-42	2
43	TG-43	4
44	TG-44	3
45	TG-45	2
46	TG-46	4
47	TG-47	3
48	TG-48	1
49	TG-49	4
50	TG-50	4
51	TG-51	1
52	TG-52	3
53	TG-53	2
54	TG-54	3
55	TG-55	2
56	TG-56	4
57	TG-57	1
58	TG-58	3
59	TG-59	3
60	TG-60	4
61	TG-61	2
62	TG-62	1
63	TG-63	4
64	TG-64	1
65	TG-65	3
66	TG-66	3
67	TG-67	2
68	TG-68	3
69	TG-69	1
70	TG-70	3
71	TG-71	3
72	TG-72	3
73	TG-73	1
74	TG-74	3
75	TG-75	4
76	TG-76	4
77	TG-77	2
78	TG-78	4
79	TG-79	3
80	TG-80	3
81	TG-81	1
82	TG-82	2
83	TG-83	4
84	TG-84	1
85	TG-85	4
86	TG-86	3
87	TG-87	3
88	TG-88	1
89	TG-89	1
90	TG-90	3
91	TG-91	2
92	TG-92	2
93	TG-93	1
94	TG-94	4
95	TG-95	2
96	TG-96	4
97	TG-97	2
98	TG-98	4
99	TG-99	4
100	TG-100	2
\.


--
-- TOC entry 3168 (class 0 OID 51382)
-- Dependencies: 206
-- Data for Name: Transaction; Type: TABLE DATA; Schema: public; Owner: pendo
--

COPY public."Transaction" (id, amount, "transactionType", "createdAt", "adminId", "sectionId", "refugeeId", ref) FROM stdin;
4	14	ADMIN_TO_SECTION	2022-01-22 20:08:24.81	1	2	\N	87ab5f22-f4e9-4c6c-b0e0-0c4f6c64622d
6	62	ADMIN_TO_SECTION	2022-01-22 20:08:24.843	1	4	\N	888879ec-43be-41ad-8b64-e4d703c46e48
1045	45	ADMIN_TO_INDIVIDUAL	2022-02-08 11:18:10.183	3	\N	34	f8c2b585-999e-41ff-ba52-f697a42a111c
10	45	ADMIN_TO_SECTION	2022-01-22 20:08:24.933	1	1	\N	320e523f-ae92-4a41-b504-98778c9b038f
14	51	ADMIN_TO_SECTION	2022-01-22 20:08:25.012	1	2	\N	fdf18a0a-d87e-49ea-acdc-0b94c6d01f66
18	64	ADMIN_TO_SECTION	2022-01-22 20:08:25.065	1	2	\N	9df2d979-32fc-4ab6-98f2-424980e1d601
26	75	ADMIN_TO_SECTION	2022-01-22 20:08:25.231	1	3	\N	59ed29fd-4d56-4194-bdaf-cfcdc643a9f5
34	83	ADMIN_TO_SECTION	2022-01-22 20:08:25.354	1	2	\N	6d66d146-5e74-4c3a-8317-8a7b67ca6d73
36	27	ADMIN_TO_SECTION	2022-01-22 20:08:25.389	1	4	\N	e273ffed-01e2-4812-8c48-91b1f28ddae5
38	99	ADMIN_TO_SECTION	2022-01-22 20:08:25.431	1	2	\N	944d3536-fdae-471f-99a5-091efcca2655
44	71	ADMIN_TO_SECTION	2022-01-22 20:08:25.52	1	4	\N	bb25caf9-a6a4-4dc3-a754-8a8cb10f3e0a
50	59	ADMIN_TO_SECTION	2022-01-22 20:08:25.631	1	1	\N	8eb259c5-9021-49e1-a709-6ce5b53671ff
52	49	ADMIN_TO_SECTION	2022-01-22 20:08:25.653	1	1	\N	257b98d9-5b3b-4448-8bb4-1d400488be93
54	24	ADMIN_TO_SECTION	2022-01-22 20:08:25.675	1	3	\N	04feb8d0-f8d2-408d-8293-774ec579ab70
56	49	ADMIN_TO_SECTION	2022-01-22 20:08:25.721	1	2	\N	1411bed0-6316-4837-a5ce-9386259292ff
64	90	ADMIN_TO_SECTION	2022-01-22 20:08:25.831	1	4	\N	397077ed-14df-483a-836d-7b2254191197
66	37	ADMIN_TO_SECTION	2022-01-22 20:08:25.874	1	4	\N	e8266766-804a-4307-8227-6754f222987d
70	22	ADMIN_TO_SECTION	2022-01-22 20:08:25.95	1	3	\N	7e425b02-c1d6-4363-be28-fe85b758dc5a
72	5	ADMIN_TO_SECTION	2022-01-22 20:08:25.976	1	1	\N	e8491da2-3b0a-4aef-9b91-d6bd1f495d7a
82	29	ADMIN_TO_SECTION	2022-01-22 20:08:26.272	1	4	\N	08c37b32-98ff-468e-b65c-8858124350c0
84	27	ADMIN_TO_SECTION	2022-01-22 20:08:26.319	1	4	\N	0f708246-5458-4885-949b-9754c96b9b46
86	1	ADMIN_TO_SECTION	2022-01-22 20:08:26.363	1	3	\N	a7f659b3-1ac5-4db4-be64-315784b15221
88	88	ADMIN_TO_SECTION	2022-01-22 20:08:26.383	1	1	\N	182f0514-7c06-44b3-a546-a6ce97fd7fb2
98	100	ADMIN_TO_SECTION	2022-01-22 20:08:26.517	1	3	\N	41f6298b-6a98-40e0-8422-14c1e9facb81
100	4	ADMIN_TO_SECTION	2022-01-22 20:08:26.539	1	1	\N	d22442d2-67f8-4294-8f23-d3a48b7d7e10
104	85	ADMIN_TO_SECTION	2022-01-22 20:08:26.594	1	2	\N	d6d9bd83-20f2-4614-8787-e074620aa651
108	94	ADMIN_TO_SECTION	2022-01-22 20:08:26.67	1	4	\N	25579807-91b4-46e2-9091-a64f9dc8fb0f
112	93	ADMIN_TO_SECTION	2022-01-22 20:08:26.726	1	4	\N	d458cced-3f58-4954-8cf9-e6104c7d7017
114	94	ADMIN_TO_SECTION	2022-01-22 20:08:26.748	1	2	\N	2b51db53-1ea8-4c0a-9568-7ec126f5bb98
116	62	ADMIN_TO_SECTION	2022-01-22 20:08:26.77	1	3	\N	9bc5ef84-fc94-4481-b8e4-c7a42344a7db
118	33	ADMIN_TO_SECTION	2022-01-22 20:08:26.794	1	3	\N	3edec0bf-f5bc-4524-a7cc-9491a75b91e7
1034	11	ADMIN_TO_SECTION	2022-02-08 07:41:55.858	1	3	\N	51fb31bd-ff60-47d8-81e2-a4403cd2feac
1036	1	ADMIN_TO_SECTION	2022-02-08 07:45:43.152	1	3	\N	c5ec039c-159b-43af-9522-4229a27931f5
1038	2	ADMIN_TO_SECTION	2022-02-08 07:49:32.222	1	3	\N	bc5c4e7d-3cff-47a3-8a89-fc1a8341a8b9
1040	4	ADMIN_TO_SECTION	2022-02-08 07:54:24.063	1	3	\N	85052234-d147-4d4c-82c2-4d5467f4e8d7
1042	2	ADMIN_TO_SECTION	2022-02-08 07:58:13.464	1	1	\N	2f0d9987-9e7b-42ad-b6a3-034aaad934a7
1044	10	ADMIN_TO_SECTION	2022-02-08 08:00:41.465	1	2	\N	ab5746c5-2924-4ce8-aa7f-a4d61caf80fc
1046	1	ADMIN_TO_INDIVIDUAL	2022-02-08 11:18:38.778	3	\N	17	1ec821b2-4902-48db-b48c-8c7e11d8b8cb
122	24	ADMIN_TO_SECTION	2022-01-22 20:08:26.864	1	4	\N	d1033f25-947a-4fdc-96fd-749361c56445
124	67	ADMIN_TO_SECTION	2022-01-22 20:08:26.925	1	3	\N	80eb876a-6f41-45cf-b592-aeef5d330a1b
126	29	ADMIN_TO_SECTION	2022-01-22 20:08:26.969	1	2	\N	b400dbb9-f0b8-4776-aa26-d9718005fa22
128	90	ADMIN_TO_SECTION	2022-01-22 20:08:26.992	1	1	\N	a8178176-20cc-4e2c-8cbb-32ae585b91e5
130	87	ADMIN_TO_SECTION	2022-01-22 20:08:27.035	1	4	\N	32f00133-28d0-4a25-b10a-1380cf595222
132	3	ADMIN_TO_SECTION	2022-01-22 20:08:27.071	1	3	\N	15bdc149-a64d-4dc4-8a33-e74e79b16b51
138	97	ADMIN_TO_SECTION	2022-01-22 20:08:27.269	1	2	\N	f97cafee-cd5a-45dc-aa97-6b0e28f7aa20
140	24	ADMIN_TO_SECTION	2022-01-22 20:08:27.691	1	4	\N	4b0d212d-74d8-4e9c-a916-d61988cbc721
142	23	ADMIN_TO_SECTION	2022-01-22 20:08:28.166	1	3	\N	92e930e6-9025-4b71-817c-c7859c706e4a
144	14	ADMIN_TO_SECTION	2022-01-22 20:08:28.21	1	1	\N	e1d3db24-972d-4f0d-897b-6df9b900cc25
148	46	ADMIN_TO_SECTION	2022-01-22 20:08:28.256	1	2	\N	f4077e41-74fa-4d8f-a27c-fccf6d53f1a6
170	13	ADMIN_TO_SECTION	2022-01-22 20:08:28.621	1	1	\N	41ccc3ac-64f0-4db8-ab4e-a94fb9e8e417
174	76	ADMIN_TO_SECTION	2022-01-22 20:08:28.686	1	1	\N	cd3ea9cf-08ea-40ac-a920-3dc8a18884c3
176	6	ADMIN_TO_SECTION	2022-01-22 20:08:28.721	1	4	\N	914252c0-3d38-47da-8a73-a2384afe7ddd
186	81	ADMIN_TO_SECTION	2022-01-22 20:08:28.885	1	1	\N	4d74dfc0-6132-485a-bca8-7f786b1b2692
190	37	ADMIN_TO_SECTION	2022-01-22 20:08:29.002	1	4	\N	02211b63-b694-4afb-ac20-8b5e067add4f
192	98	ADMIN_TO_SECTION	2022-01-22 20:08:29.063	1	1	\N	83109017-9cb3-4f4b-b149-4b16a65e5d99
196	32	ADMIN_TO_SECTION	2022-01-22 20:08:29.178	1	3	\N	95601f6b-7cc9-444a-a6d9-96e54c195c8f
200	4	ADMIN_TO_SECTION	2022-01-22 20:08:29.317	1	1	\N	d6487392-6638-4b41-bbc4-a7dcf9bafcac
208	87	ADMIN_TO_SECTION	2022-01-22 20:08:29.494	1	2	\N	e7900cf4-cb93-4e16-aa0f-97ac5e66f271
210	54	ADMIN_TO_SECTION	2022-01-22 20:08:29.516	1	2	\N	29fbbbdc-c15f-43e7-9d48-05ae95ab6860
212	54	ADMIN_TO_SECTION	2022-01-22 20:08:29.538	1	2	\N	5ce71111-9f26-48bf-9092-a739693556b7
214	82	ADMIN_TO_SECTION	2022-01-22 20:08:29.563	1	2	\N	76217c60-f7c0-4afb-a9dd-9fc55110ebc2
216	77	ADMIN_TO_SECTION	2022-01-22 20:08:29.617	1	4	\N	29ec2221-f4ab-4a62-8f91-4463d9b37518
220	14	ADMIN_TO_SECTION	2022-01-22 20:08:29.683	1	4	\N	7017b35f-9a23-474e-a260-19c1169eec3f
222	36	ADMIN_TO_SECTION	2022-01-22 20:08:29.737	1	3	\N	b3baf719-0aea-4077-b0e6-67ca200f9d07
224	52	ADMIN_TO_SECTION	2022-01-22 20:08:29.76	1	1	\N	20dd9e1d-1da0-4bad-962a-6873414f2733
230	93	ADMIN_TO_SECTION	2022-01-22 20:08:29.896	1	2	\N	b883ce55-b2cb-4253-842c-a65d7160082a
232	19	ADMIN_TO_SECTION	2022-01-22 20:08:29.97	1	4	\N	eb631cbc-ede8-47fe-ae60-35208e36b8b3
236	92	ADMIN_TO_SECTION	2022-01-22 20:08:30.036	1	3	\N	33d0b7d7-791b-45c3-82f4-fc46db00aabf
238	3	ADMIN_TO_SECTION	2022-01-22 20:08:30.061	1	1	\N	93dd5fa2-b984-4392-b0a4-5aa3c6f0a052
246	32	ADMIN_TO_SECTION	2022-01-22 20:08:30.215	1	1	\N	58e3d5ae-5001-46d3-9a08-71e03cf9474b
248	79	ADMIN_TO_SECTION	2022-01-22 20:08:30.246	1	1	\N	6edd2a59-37de-4ae2-8cd9-8f7742f02b1c
256	79	ADMIN_TO_SECTION	2022-01-22 20:08:30.36	1	4	\N	6ab9d519-168a-4d00-9529-4fae639886f6
258	4	ADMIN_TO_SECTION	2022-01-22 20:08:30.401	1	3	\N	e3111301-cb0e-4a41-85a6-b0fc85810267
260	28	ADMIN_TO_SECTION	2022-01-22 20:08:30.436	1	4	\N	2858dbf2-99d5-4546-97b4-b983c1d1d801
264	99	ADMIN_TO_SECTION	2022-01-22 20:08:30.49	1	4	\N	ed171369-dc63-4dfe-957a-d3fa8813ba76
266	4	ADMIN_TO_SECTION	2022-01-22 20:08:30.524	1	2	\N	d3ecaf27-13bd-4a95-b1c5-e83737e6f781
272	59	ADMIN_TO_SECTION	2022-01-22 20:08:30.635	1	1	\N	53a59ab8-05d1-4e1e-8f28-2d0ef4f4a458
276	29	ADMIN_TO_SECTION	2022-01-22 20:08:30.678	1	3	\N	145a2ccc-69a1-4381-b9a7-c647dd9852aa
278	3	ADMIN_TO_SECTION	2022-01-22 20:08:30.712	1	4	\N	b23df93a-7af0-4ada-abd1-f1eec234c2cb
290	13	ADMIN_TO_SECTION	2022-01-22 20:08:30.9	1	2	\N	d06ca872-121b-4048-ab62-adb424b8cf9a
296	49	ADMIN_TO_SECTION	2022-01-22 20:08:31.044	1	1	\N	a5692a62-e4dd-47a6-9a62-2b500959a386
302	31	ADMIN_TO_SECTION	2022-01-22 20:08:31.941	1	1	\N	d0e1b9b1-da2b-44ef-92f2-ecadeb9142ee
304	56	ADMIN_TO_SECTION	2022-01-22 20:08:32.128	1	1	\N	8016aea8-0a6b-448f-b059-9bcdb7f9e065
314	37	ADMIN_TO_SECTION	2022-01-22 20:08:32.428	1	1	\N	0f2f25e8-900e-48c7-bdfc-dd71bedf49ec
320	61	ADMIN_TO_SECTION	2022-01-22 20:08:32.572	1	3	\N	0d5d0b92-3c59-4875-b57f-db98d56b89b7
328	44	ADMIN_TO_SECTION	2022-01-22 20:08:32.748	1	2	\N	d3c2cdef-41d0-4249-9b8d-705b8957c9e5
330	100	ADMIN_TO_SECTION	2022-01-22 20:08:32.77	1	4	\N	53e75ae9-a10c-48a6-a298-aa7ac04545a1
334	17	ADMIN_TO_SECTION	2022-01-22 20:08:32.828	1	3	\N	b16b05f2-30cc-4c61-a50a-50cd2a8b9b82
340	27	ADMIN_TO_SECTION	2022-01-22 20:08:32.948	1	1	\N	535a7448-bbff-4f13-88ac-dab86577778f
342	87	ADMIN_TO_SECTION	2022-01-22 20:08:32.971	1	4	\N	b2d9e1d4-df60-4136-842d-2693d3f14bec
346	43	ADMIN_TO_SECTION	2022-01-22 20:08:33.037	1	1	\N	45574594-41ad-4aad-9a10-3b9a6fbd9ac2
348	64	ADMIN_TO_SECTION	2022-01-22 20:08:33.06	1	3	\N	9e785d8e-ef9f-496b-b2ca-20593ccadba4
358	72	ADMIN_TO_SECTION	2022-01-22 20:08:33.169	1	4	\N	2a9744e7-46ce-4a20-8068-49f6ecf74b3c
360	88	ADMIN_TO_SECTION	2022-01-22 20:08:33.347	1	3	\N	064ec6e5-5632-4dfc-8772-a247f0a548d0
364	40	ADMIN_TO_SECTION	2022-01-22 20:08:33.402	1	2	\N	11cab869-580b-4193-8a1a-a698483c4ed3
370	70	ADMIN_TO_SECTION	2022-01-22 20:08:33.492	1	4	\N	003cd120-a8c7-4d6e-bc5c-17cdbf7f3db4
372	68	ADMIN_TO_SECTION	2022-01-22 20:08:33.525	1	3	\N	3e787200-56d4-4c51-8e34-c82398b0c379
374	26	ADMIN_TO_SECTION	2022-01-22 20:08:33.558	1	1	\N	9306c333-1fc8-4508-9d7b-fb4b66cb15ff
378	71	ADMIN_TO_SECTION	2022-01-22 20:08:33.613	1	3	\N	9534aa3f-10b9-484a-9ad8-b8040512ec56
380	56	ADMIN_TO_SECTION	2022-01-22 20:08:33.646	1	1	\N	f01efc81-242b-4f49-adde-cccd62c31b15
384	82	ADMIN_TO_SECTION	2022-01-22 20:08:33.69	1	4	\N	ee1e2512-995f-4324-adf0-0d9795563e47
388	42	ADMIN_TO_SECTION	2022-01-22 20:08:33.734	1	3	\N	6492ea0f-64fa-49c3-bc99-81252df6cc05
394	99	ADMIN_TO_SECTION	2022-01-22 20:08:33.923	1	4	\N	028e484c-d4b5-42cb-a481-069514f7cafc
398	100	ADMIN_TO_SECTION	2022-01-22 20:08:34	1	3	\N	ece80858-fa7a-4248-a81c-351965e88f6b
400	14	ADMIN_TO_SECTION	2022-01-22 20:08:34.023	1	2	\N	76ac07df-7895-404f-9786-9319380bdff7
402	96	ADMIN_TO_SECTION	2022-01-22 20:08:34.067	1	3	\N	96312539-a21f-49b7-808c-12d7b12ce31c
410	86	ADMIN_TO_SECTION	2022-01-22 20:08:34.278	1	3	\N	8bb468ce-4c59-47aa-af31-a71ea65bb12c
412	99	ADMIN_TO_SECTION	2022-01-22 20:08:34.321	1	4	\N	6cbb28d6-5da9-4373-aac4-ed1f43e1dde7
414	25	ADMIN_TO_SECTION	2022-01-22 20:08:34.387	1	4	\N	a3ee97b5-5e4e-4faf-a979-4b7459755b3c
420	22	ADMIN_TO_SECTION	2022-01-22 20:08:34.498	1	4	\N	d8e01285-10fd-4e39-b7b4-ac9c823722a6
426	94	ADMIN_TO_SECTION	2022-01-22 20:08:34.577	1	2	\N	367ccd34-95ff-4fcf-b7d3-e313ec3a04fd
428	5	ADMIN_TO_SECTION	2022-01-22 20:08:34.597	1	4	\N	07739f06-ab88-4c02-8b06-c3d6d7420c40
432	36	ADMIN_TO_SECTION	2022-01-22 20:08:34.665	1	1	\N	1ae0ccb2-a992-49a7-bd1e-5b0dedd3579d
434	41	ADMIN_TO_SECTION	2022-01-22 20:08:34.686	1	4	\N	0e72d59d-76c0-4825-8a26-82d47a12d3a6
436	1	ADMIN_TO_SECTION	2022-01-22 20:08:34.709	1	2	\N	55307e34-72fb-496a-bd38-1fe81370bd47
442	25	ADMIN_TO_SECTION	2022-01-22 20:08:34.929	1	3	\N	6d4960f9-68b8-4a73-be7b-a2194086416d
444	7	ADMIN_TO_SECTION	2022-01-22 20:08:34.976	1	1	\N	61634adf-af83-440d-9c26-827c4879ed37
446	77	ADMIN_TO_SECTION	2022-01-22 20:08:35.019	1	4	\N	7c7482ca-a240-4084-b61d-80610f0be1c0
450	55	ADMIN_TO_SECTION	2022-01-22 20:08:35.074	1	4	\N	b1bdc093-a1f5-4d15-9078-c371a440d5cd
452	15	ADMIN_TO_SECTION	2022-01-22 20:08:35.109	1	1	\N	c0936334-912c-4336-8752-8bdc9d73eeae
456	34	ADMIN_TO_SECTION	2022-01-22 20:08:35.163	1	3	\N	1225b34f-54c2-4e94-b509-331ee2e63b90
460	78	ADMIN_TO_SECTION	2022-01-22 20:08:35.217	1	1	\N	4ff949b3-39ae-4c64-bc54-698996c3d6f0
466	6	ADMIN_TO_SECTION	2022-01-22 20:08:35.35	1	2	\N	699e038e-23c3-48af-93b6-a1ffb0856d0d
468	9	ADMIN_TO_SECTION	2022-01-22 20:08:35.407	1	4	\N	0bef8f20-e654-43a1-b526-93bb39598276
470	2	ADMIN_TO_SECTION	2022-01-22 20:08:35.428	1	1	\N	1e437aa1-8689-47cc-8db4-2c5fea69172b
472	89	ADMIN_TO_SECTION	2022-01-22 20:08:35.461	1	4	\N	7e4a61cd-8e0a-4dd7-a3cc-6e6f0596ee1d
474	12	ADMIN_TO_SECTION	2022-01-22 20:08:35.484	1	1	\N	880ce747-7e5f-49fa-b8c9-eb39776012e4
476	51	ADMIN_TO_SECTION	2022-01-22 20:08:35.506	1	3	\N	5652cca5-d55e-4731-b8ad-6bb794ac2111
478	85	ADMIN_TO_SECTION	2022-01-22 20:08:35.527	1	3	\N	0aaa57b1-c257-4e2a-8e30-318075bf15dc
482	62	ADMIN_TO_SECTION	2022-01-22 20:08:35.572	1	2	\N	0b80601c-fd46-483d-ae09-f70638ee17dd
484	42	ADMIN_TO_SECTION	2022-01-22 20:08:35.605	1	1	\N	003b9c17-3b27-4ef2-97d4-f5b45cfafdd9
486	55	ADMIN_TO_SECTION	2022-01-22 20:08:35.639	1	1	\N	6ab9553e-7236-43b3-9e74-5905dad3bd67
492	99	ADMIN_TO_SECTION	2022-01-22 20:08:35.749	1	3	\N	0b6d85ca-8e00-49e2-9dec-022c7a4337e8
496	31	ADMIN_TO_SECTION	2022-01-22 20:08:35.793	1	1	\N	7e7bb2df-5633-4993-b271-a26180923990
498	33	ADMIN_TO_SECTION	2022-01-22 20:08:35.815	1	4	\N	f43968af-e388-4c7e-9579-1a5b4135b20a
500	23	ADMIN_TO_SECTION	2022-01-22 20:08:35.84	1	4	\N	48c16aed-9fd5-49c2-abcf-a1a638ba1dd1
502	82	ADMIN_TO_SECTION	2022-01-22 20:08:35.871	1	4	\N	bf6c256e-2f6c-4a40-b8dc-9e3b798a508b
508	8	ADMIN_TO_SECTION	2022-01-22 20:08:35.982	1	2	\N	6c9bf770-359d-43f0-9e54-4f92d9d712ec
510	63	ADMIN_TO_SECTION	2022-01-22 20:08:36.015	1	4	\N	3ef8e127-0f34-408f-94b8-f15677f5b050
512	34	ADMIN_TO_SECTION	2022-01-22 20:08:36.037	1	3	\N	2f471f54-dcd9-4932-b60f-36f8ed7194fc
514	39	ADMIN_TO_SECTION	2022-01-22 20:08:36.07	1	3	\N	cf26b7b7-85a2-45ed-b5af-f438c991ca14
518	28	ADMIN_TO_SECTION	2022-01-22 20:08:36.114	1	1	\N	45ac6112-cc73-4b87-b572-2f4252cc15d3
520	30	ADMIN_TO_SECTION	2022-01-22 20:08:36.138	1	3	\N	d84a4fed-3dda-4fea-8f56-f7e7dd70ab6c
524	79	ADMIN_TO_SECTION	2022-01-22 20:08:36.181	1	3	\N	757d6207-89d2-423e-ad95-6364ef0249c4
526	64	ADMIN_TO_SECTION	2022-01-22 20:08:36.214	1	1	\N	a882bdfc-d0f4-4df8-85bd-cc6c44c3d9e1
528	99	ADMIN_TO_SECTION	2022-01-22 20:08:36.236	1	4	\N	a2cd6327-c716-40c9-890c-8d1628dd5b3b
534	44	ADMIN_TO_SECTION	2022-01-22 20:08:36.302	1	4	\N	40b694af-ac19-4914-87d5-4f5d879327b4
544	21	ADMIN_TO_SECTION	2022-01-22 20:08:36.469	1	1	\N	f34fab27-9742-41fa-a1bd-7a63c727df6f
552	57	ADMIN_TO_SECTION	2022-01-22 20:08:36.591	1	3	\N	3321ea42-b9de-42ee-a1d5-1baae72ec678
558	49	ADMIN_TO_SECTION	2022-01-22 20:08:36.658	1	3	\N	86decc54-fc5c-421d-9ccc-a92859aa88b8
560	31	ADMIN_TO_SECTION	2022-01-22 20:08:36.692	1	4	\N	d43a2825-587d-4b6f-b758-8c5e7fa9ef72
562	79	ADMIN_TO_SECTION	2022-01-22 20:08:36.713	1	3	\N	5de4ee02-3933-49c2-8459-10492e850ace
568	62	ADMIN_TO_SECTION	2022-01-22 20:08:36.779	1	3	\N	87a4a01b-1a3c-43b2-ae8d-ef98316aa929
574	71	ADMIN_TO_SECTION	2022-01-22 20:08:36.883	1	1	\N	1cc6f4c1-e52b-47c1-b226-40c6dbb64f54
580	68	ADMIN_TO_SECTION	2022-01-22 20:08:36.989	1	3	\N	daafcbfb-fee2-442a-a1cc-337cf588bd85
584	1	ADMIN_TO_SECTION	2022-01-22 20:08:37.062	1	4	\N	57e0a65b-cd7e-4ea8-85e9-87a8dff3a449
586	77	ADMIN_TO_SECTION	2022-01-22 20:08:37.092	1	1	\N	55a8ab0e-d933-4bdd-bc36-cef461b0b45d
590	89	ADMIN_TO_SECTION	2022-01-22 20:08:37.156	1	3	\N	26c3dbf8-fe5c-44ba-935a-2addf3f1947e
594	2	ADMIN_TO_SECTION	2022-01-22 20:08:37.21	1	3	\N	b8bbbec7-2068-483b-8b0f-35b890efd786
596	77	ADMIN_TO_SECTION	2022-01-22 20:08:37.233	1	3	\N	d70b9ee6-dcae-4e4e-b658-85d390122127
606	55	ADMIN_TO_SECTION	2022-01-22 20:08:37.421	1	2	\N	5e21bfa7-71af-454c-88f8-5484bf6a1b8e
612	23	ADMIN_TO_SECTION	2022-01-22 20:08:37.545	1	3	\N	8440dbf2-186e-4674-b933-279ba589e3c8
614	66	ADMIN_TO_SECTION	2022-01-22 20:08:37.587	1	1	\N	a7df8fc5-24d5-4f71-9cbb-3dda89aba508
618	67	ADMIN_TO_SECTION	2022-01-22 20:08:37.664	1	4	\N	c5f909a6-8bc1-4407-adc8-ce80edeebe43
620	19	ADMIN_TO_SECTION	2022-01-22 20:08:37.695	1	4	\N	a1d6cb91-63e1-4f82-b84c-341688cd464b
622	11	ADMIN_TO_SECTION	2022-01-22 20:08:37.745	1	3	\N	ccf687de-f7ca-4521-8475-0112a1d82d8e
626	21	ADMIN_TO_SECTION	2022-01-22 20:08:37.798	1	3	\N	f99ed6a0-70db-4ecb-825d-716abe44c558
628	52	ADMIN_TO_SECTION	2022-01-22 20:08:37.831	1	1	\N	a8261e3b-7a32-4edc-a004-f44dd93a3cb6
634	23	ADMIN_TO_SECTION	2022-01-22 20:08:37.919	1	4	\N	3bb71da1-3172-433f-a5dc-b825a1d36027
640	97	ADMIN_TO_SECTION	2022-01-22 20:08:38.042	1	1	\N	2559eb27-9a1d-4f6c-8c7c-6ffc961ee75a
644	4	ADMIN_TO_SECTION	2022-01-22 20:08:38.107	1	4	\N	7cf06117-a37d-43a5-9345-360018f2c515
648	35	ADMIN_TO_SECTION	2022-01-22 20:08:38.174	1	2	\N	3b0cc952-2a01-463d-9d25-28bac764f632
650	57	ADMIN_TO_SECTION	2022-01-22 20:08:38.229	1	3	\N	14e6b74e-4032-46b6-9cd0-c6b0e19abdef
658	49	ADMIN_TO_SECTION	2022-01-22 20:08:38.597	1	1	\N	115b68d6-7ea8-4ce1-aa13-a405c44abe37
660	28	ADMIN_TO_SECTION	2022-01-22 20:08:38.639	1	1	\N	f4e6ebf5-0fc8-47e4-9f83-f9fc39293353
662	29	ADMIN_TO_SECTION	2022-01-22 20:08:38.661	1	2	\N	572f9fe1-dccb-4b34-82cf-53738e440017
670	2	ADMIN_TO_SECTION	2022-01-22 20:08:38.828	1	4	\N	eb9ca38d-4a9f-40bb-9318-b4299be6756d
678	85	ADMIN_TO_SECTION	2022-01-22 20:08:39.116	1	3	\N	6048ff71-22ec-4d04-a78b-1b844f0d34ef
688	45	ADMIN_TO_SECTION	2022-01-22 20:08:39.481	1	2	\N	d604c93c-1017-44d4-b083-b9a17520873e
692	33	ADMIN_TO_SECTION	2022-01-22 20:08:39.547	1	1	\N	d5bb7777-9ed7-48b8-9181-5ccc60636716
694	48	ADMIN_TO_SECTION	2022-01-22 20:08:39.569	1	4	\N	1ce327c9-7417-4529-b853-fd03f860d4e6
700	85	ADMIN_TO_SECTION	2022-01-22 20:08:39.747	1	4	\N	37a00aff-3184-425e-9461-72806ac82a7d
702	4	ADMIN_TO_SECTION	2022-01-22 20:08:39.802	1	4	\N	bbad632e-f449-4fcb-ba75-edee00bbc7d6
708	2	ADMIN_TO_SECTION	2022-01-22 20:08:40.025	1	2	\N	7391edb4-aabc-4f35-b570-0ef58ee2405a
710	56	ADMIN_TO_SECTION	2022-01-22 20:08:40.114	1	2	\N	b2bbdd29-3d5d-429d-8ec5-ab0db69607d9
730	15	ADMIN_TO_SECTION	2022-01-22 20:08:40.499	1	2	\N	84b5cffb-7854-431b-a12c-d7390ccdae20
732	61	ADMIN_TO_SECTION	2022-01-22 20:08:40.522	1	2	\N	d63821da-ac02-4388-bfe4-d49a3b90943c
734	98	ADMIN_TO_SECTION	2022-01-22 20:08:40.555	1	1	\N	b937227c-25e5-4b06-b5a3-0438431ce43a
744	91	ADMIN_TO_SECTION	2022-01-22 20:08:40.721	1	1	\N	92f0b27b-26a7-434d-9ff8-b74e3e0910b6
746	96	ADMIN_TO_SECTION	2022-01-22 20:08:40.776	1	2	\N	eecc7bbc-d622-40d0-8a42-dfb683a7351e
758	50	ADMIN_TO_SECTION	2022-01-22 20:08:41.032	1	3	\N	12a787f0-71a4-4239-99a0-487d780fec39
762	56	ADMIN_TO_SECTION	2022-01-22 20:08:41.086	1	2	\N	ecdb0ab7-68b7-42cb-a127-84b3887f963e
768	19	ADMIN_TO_SECTION	2022-01-22 20:08:41.319	1	2	\N	3d2f7cce-8efc-4620-b38a-23c7f366a66f
782	1	ADMIN_TO_SECTION	2022-01-22 20:08:41.508	1	1	\N	c70971af-de2b-45ac-b006-2e450462bc39
784	76	ADMIN_TO_SECTION	2022-01-22 20:08:41.54	1	4	\N	52f48f87-f5a9-4b18-922d-f96070c967e3
786	58	ADMIN_TO_SECTION	2022-01-22 20:08:41.575	1	3	\N	d17c1e85-a535-405a-a3b0-9fbd2e396635
790	6	ADMIN_TO_SECTION	2022-01-22 20:08:41.629	1	3	\N	4a4758b0-aad6-4c06-91ff-419667e37949
792	75	ADMIN_TO_SECTION	2022-01-22 20:08:41.651	1	1	\N	80311f24-a722-4806-891d-1d479377124e
794	100	ADMIN_TO_SECTION	2022-01-22 20:08:41.684	1	1	\N	7b2c6b8b-9b81-462c-9400-ecba6c63b669
798	54	ADMIN_TO_SECTION	2022-01-22 20:08:41.728	1	1	\N	4dadd09f-b16d-468d-a26a-6975b7ad5073
800	64	ADMIN_TO_SECTION	2022-01-22 20:08:41.761	1	4	\N	beb20a6b-682a-43d6-918d-ca73d205e512
802	23	ADMIN_TO_SECTION	2022-01-22 20:08:41.784	1	4	\N	1daf25c8-444a-456d-886a-ffc615a2d7d0
804	62	ADMIN_TO_SECTION	2022-01-22 20:08:41.816	1	1	\N	e51cf8ee-8b48-4639-b1fe-94422aee1229
808	44	ADMIN_TO_SECTION	2022-01-22 20:08:41.87	1	2	\N	5e748887-9550-48f7-a14c-f220856605c1
812	75	ADMIN_TO_SECTION	2022-01-22 20:08:41.944	1	3	\N	a81ca133-b28a-42a4-b2f0-16f31e5ad555
814	24	ADMIN_TO_SECTION	2022-01-22 20:08:42.005	1	3	\N	a2e88480-8977-4b68-9f8b-8fd93462558b
816	18	ADMIN_TO_SECTION	2022-01-22 20:08:42.027	1	2	\N	7a4b3ba4-8f24-4548-9ff6-963fb304391e
818	2	ADMIN_TO_SECTION	2022-01-22 20:08:42.082	1	2	\N	9df16773-d53b-466c-942d-15d7acf23cdb
826	71	ADMIN_TO_SECTION	2022-01-22 20:08:42.215	1	3	\N	86d296d8-f502-4d42-bed8-fb910871fc90
828	24	ADMIN_TO_SECTION	2022-01-22 20:08:42.249	1	4	\N	35a69d23-0a22-40a0-a5de-99248a91ecea
832	47	ADMIN_TO_SECTION	2022-01-22 20:08:42.303	1	3	\N	82649bdc-e71e-4dfe-9d5c-6eddc9766322
844	27	ADMIN_TO_SECTION	2022-01-22 20:08:42.547	1	3	\N	4382e15c-ee2d-4042-a8ed-c159c040b784
846	89	ADMIN_TO_SECTION	2022-01-22 20:08:42.571	1	2	\N	a0b64cdf-687a-4341-9fbf-9fc0be8b0c50
848	72	ADMIN_TO_SECTION	2022-01-22 20:08:42.603	1	4	\N	334ea6f9-2b7b-4b8f-8857-b53b0b85e05f
852	2	ADMIN_TO_SECTION	2022-01-22 20:08:42.647	1	4	\N	a4abddd6-6661-4ec0-94d1-889e0d36b02e
856	80	ADMIN_TO_SECTION	2022-01-22 20:08:42.692	1	1	\N	4d770306-4df7-41ba-b13e-afbccb6bc7c8
858	95	ADMIN_TO_SECTION	2022-01-22 20:08:42.714	1	1	\N	43dfb2a7-6e13-46df-ad72-3399edadb15b
860	74	ADMIN_TO_SECTION	2022-01-22 20:08:42.736	1	2	\N	21f8a20c-a7f8-4cc5-9154-3d1edc063c3c
862	36	ADMIN_TO_SECTION	2022-01-22 20:08:42.768	1	3	\N	ad5c7530-f4ee-4a86-ab48-d44a08dbd8b0
868	71	ADMIN_TO_SECTION	2022-01-22 20:08:42.858	1	3	\N	4f70fa08-8800-4e54-af8d-c51b81cb8cd5
874	71	ADMIN_TO_SECTION	2022-01-22 20:08:42.99	1	4	\N	2d2fc421-4559-4abc-9529-c97ce446fc1b
876	83	ADMIN_TO_SECTION	2022-01-22 20:08:43.012	1	4	\N	28b2ca1e-62fa-4aad-9271-941ff69c425c
878	23	ADMIN_TO_SECTION	2022-01-22 20:08:43.047	1	3	\N	cfb9e40a-fb3a-4ab5-ab2e-479d66867b4d
880	92	ADMIN_TO_SECTION	2022-01-22 20:08:43.095	1	3	\N	0a16859e-f850-4f0f-9c17-e228d0c07975
882	80	ADMIN_TO_SECTION	2022-01-22 20:08:43.123	1	1	\N	3201740f-103d-45a8-bb81-dc93686ef857
884	2	ADMIN_TO_SECTION	2022-01-22 20:08:43.156	1	2	\N	8e5d77a3-e600-4809-8934-f0d1b02bf6c3
886	51	ADMIN_TO_SECTION	2022-01-22 20:08:43.179	1	1	\N	82988037-a2e6-42d2-8dc6-617019cf942b
888	2	ADMIN_TO_SECTION	2022-01-22 20:08:43.2	1	1	\N	71efc5c7-3cf1-4bab-9b54-ed4a4f3a4959
896	51	ADMIN_TO_SECTION	2022-01-22 20:08:43.29	1	4	\N	13d6fbf7-d2f5-485d-a784-a62d8fd2a4c1
898	79	ADMIN_TO_SECTION	2022-01-22 20:08:43.323	1	4	\N	39112e02-3fdb-4fe8-b837-1e8d1df3398c
908	27	ADMIN_TO_SECTION	2022-01-22 20:08:43.643	1	3	\N	41031e5f-6031-4856-b7b6-c64e5028ccb3
914	62	ADMIN_TO_SECTION	2022-01-22 20:08:43.755	1	3	\N	8ecf998f-594e-433e-8e21-63747b7d0cfe
928	99	ADMIN_TO_SECTION	2022-01-22 20:08:44.064	1	2	\N	9d9e8cc1-2d9c-4484-bd29-12c0b52139c6
934	2	ADMIN_TO_SECTION	2022-01-22 20:08:44.153	1	3	\N	8631f6be-2005-44fd-8057-76b19c449187
936	37	ADMIN_TO_SECTION	2022-01-22 20:08:44.175	1	3	\N	2f51bfef-28ac-406f-9855-ac568e5ee723
938	90	ADMIN_TO_SECTION	2022-01-22 20:08:44.197	1	1	\N	02834097-e3c7-41b9-b95a-4f707f97ee74
940	48	ADMIN_TO_SECTION	2022-01-22 20:08:44.23	1	1	\N	c1994b91-7581-4793-a522-8d180d878f2e
946	22	ADMIN_TO_SECTION	2022-01-22 20:08:44.318	1	1	\N	f05471a9-a2da-4d25-ab2e-2cd467508d9a
950	89	ADMIN_TO_SECTION	2022-01-22 20:08:44.363	1	1	\N	9a59790e-0e38-4374-b269-bbfa1a4e1073
956	63	ADMIN_TO_SECTION	2022-01-22 20:08:44.462	1	3	\N	5a7f97be-4c94-4cd1-af49-361e3517a631
958	100	ADMIN_TO_SECTION	2022-01-22 20:08:44.497	1	2	\N	681430e8-38d2-477d-a195-3339e596e1ad
962	20	ADMIN_TO_SECTION	2022-01-22 20:08:44.542	1	2	\N	33fd731e-1f77-4542-b073-107943cdd22e
966	35	ADMIN_TO_SECTION	2022-01-22 20:08:44.584	1	1	\N	28e88814-d6a2-46f0-93a8-bde89ee6648a
968	73	ADMIN_TO_SECTION	2022-01-22 20:08:44.641	1	2	\N	e37c6d71-9185-4291-89f4-f83e157bca53
970	19	ADMIN_TO_SECTION	2022-01-22 20:08:44.663	1	2	\N	5781b113-7e03-42b0-af95-db885367fd75
972	13	ADMIN_TO_SECTION	2022-01-22 20:08:44.684	1	4	\N	9ca35c08-ebf1-4095-954a-91d1df142814
986	95	ADMIN_TO_SECTION	2022-01-22 20:08:44.85	1	2	\N	6b5cbced-06b4-42da-a949-bdc88d3b404f
988	61	ADMIN_TO_SECTION	2022-01-22 20:08:44.894	1	2	\N	0e2526bd-7528-4dd8-877e-468cb1776021
992	20	ADMIN_TO_SECTION	2022-01-22 20:08:45.007	1	1	\N	083beb3f-510e-4bb9-9cc5-0f624f8f33c2
994	49	ADMIN_TO_SECTION	2022-01-22 20:08:45.039	1	2	\N	0fccb2d9-2d40-45ec-b263-2407f561e57e
998	37	ADMIN_TO_SECTION	2022-01-22 20:08:45.116	1	3	\N	28f8128b-8ddd-4e4f-8669-72bd46fce097
1002	100	ADMIN_TO_SECTION	2022-02-08 06:07:10.883	1	1	\N	af79732f-3885-4f11-8416-eae15b6fea2c
1004	5	ADMIN_TO_SECTION	2022-02-08 06:07:47.444	1	1	\N	d37f288d-0323-4bfd-a00f-3cb3c16dc3a2
1006	21	ADMIN_TO_SECTION	2022-02-08 06:30:14.429	1	3	\N	2212a412-1161-49c6-91d3-5a7899661add
1032	3	ADMIN_TO_SECTION	2022-02-08 07:39:49.447	1	3	\N	6a9f3699-ac8b-4f76-a152-2a70d533bb9e
2	98	ADMIN_TO_INDIVIDUAL	2022-01-22 20:08:24.768	1	\N	161	4c3659ab-3b6a-4a09-9d73-e8f6445f8cdb
8	16	ADMIN_TO_INDIVIDUAL	2022-01-22 20:08:24.877	1	\N	500	4ba7058f-eb93-4e84-9197-35c81f350940
12	42	ADMIN_TO_INDIVIDUAL	2022-01-22 20:08:24.965	2	\N	196	c904ebb6-2662-4003-842d-e1ef7da8bb4f
16	25	ADMIN_TO_INDIVIDUAL	2022-01-22 20:08:25.043	3	\N	116	d490f8e6-c9fb-491d-9841-9cc9d3e8e07b
20	31	ADMIN_TO_INDIVIDUAL	2022-01-22 20:08:25.12	5	\N	75	eee75ff6-a7fa-4d00-941c-d7c768a1a9f8
22	53	ADMIN_TO_INDIVIDUAL	2022-01-22 20:08:25.166	3	\N	55	0841696e-f9eb-4883-b957-9ba3eeb9ca27
24	85	ADMIN_TO_INDIVIDUAL	2022-01-22 20:08:25.199	1	\N	48	f62aa45b-8389-436f-be38-a2c7996cf36e
28	13	ADMIN_TO_INDIVIDUAL	2022-01-22 20:08:25.256	4	\N	377	7e8702c9-2057-4f03-b7f3-ca770ce3a22c
30	15	ADMIN_TO_INDIVIDUAL	2022-01-22 20:08:25.297	2	\N	42	c5d503c6-9ccb-4e4b-bf87-4c82eaef4a4f
32	54	ADMIN_TO_INDIVIDUAL	2022-01-22 20:08:25.322	3	\N	53	b25ecb65-78e6-45fc-a2e8-9726fc32f39d
40	34	ADMIN_TO_INDIVIDUAL	2022-01-22 20:08:25.464	3	\N	192	280bbbbd-e98b-4aad-b61f-062179540ab3
42	2	ADMIN_TO_INDIVIDUAL	2022-01-22 20:08:25.488	2	\N	266	312d7b00-10aa-4ed8-8c1e-a9066d781c5d
46	96	ADMIN_TO_INDIVIDUAL	2022-01-22 20:08:25.556	5	\N	438	fba5f8e2-9909-435f-ba4d-8ab96f7e0abd
48	2	ADMIN_TO_INDIVIDUAL	2022-01-22 20:08:25.598	2	\N	9	1cdd27b4-2643-469b-b2b2-fdbd78073d74
58	70	ADMIN_TO_INDIVIDUAL	2022-01-22 20:08:25.752	1	\N	297	3238dce1-c7b2-47af-b2cf-555f39ae6780
60	82	ADMIN_TO_INDIVIDUAL	2022-01-22 20:08:25.785	1	\N	377	9f6844f3-e154-4ca8-8148-610f56fd8da7
62	38	ADMIN_TO_INDIVIDUAL	2022-01-22 20:08:25.807	4	\N	186	904f350a-786c-438d-ac9e-24fa0a375e2e
68	27	ADMIN_TO_INDIVIDUAL	2022-01-22 20:08:25.907	5	\N	179	0ccaca4d-b4fb-41d5-ab8f-c472d1be2868
74	47	ADMIN_TO_INDIVIDUAL	2022-01-22 20:08:26.018	2	\N	207	cda3c9ac-ddfe-407a-ab15-461327a6c57d
76	33	ADMIN_TO_INDIVIDUAL	2022-01-22 20:08:26.073	4	\N	368	f236f78f-716c-4ba9-afba-d3be4d517d7a
78	100	ADMIN_TO_INDIVIDUAL	2022-01-22 20:08:26.172	2	\N	294	a5af13b7-c063-4dc2-a9bb-499821669884
80	48	ADMIN_TO_INDIVIDUAL	2022-01-22 20:08:26.229	1	\N	231	94605730-a2e5-4908-b6cf-e143a8b59477
964	1	ADMIN_TO_INDIVIDUAL	2022-01-22 20:08:44.562	5	\N	384	8706e362-e0ef-4e8e-aad5-be2608b11d4f
974	45	ADMIN_TO_INDIVIDUAL	2022-01-22 20:08:44.708	5	\N	439	6ca07b7e-ff37-42cd-a0ad-9f379a9114ba
976	27	ADMIN_TO_INDIVIDUAL	2022-01-22 20:08:44.728	5	\N	188	f5cb3227-3570-44f6-97b5-d306dfe51809
978	92	ADMIN_TO_INDIVIDUAL	2022-01-22 20:08:44.761	2	\N	312	2d511b1f-d7cc-4a24-b304-46c3c08b5bee
980	32	ADMIN_TO_INDIVIDUAL	2022-01-22 20:08:44.784	3	\N	20	bf4d67c5-4b32-4ee1-9bc5-983d254ea4a7
982	26	ADMIN_TO_INDIVIDUAL	2022-01-22 20:08:44.807	5	\N	24	a5e5e63a-18c6-471b-8948-7adf636a91f6
984	97	ADMIN_TO_INDIVIDUAL	2022-01-22 20:08:44.828	5	\N	351	2e25d2eb-c1ab-4917-a59a-a5905388b184
990	58	ADMIN_TO_INDIVIDUAL	2022-01-22 20:08:44.958	5	\N	345	f77a8a6e-bac5-4d70-ae4b-c9e6586ad455
996	68	ADMIN_TO_INDIVIDUAL	2022-01-22 20:08:45.084	3	\N	289	c817920e-b7f6-4288-acca-56759b6a14c5
1000	47	ADMIN_TO_INDIVIDUAL	2022-01-22 20:08:45.138	2	\N	490	a4c637c6-eefb-4613-9340-6da7e73d6f66
1008	1	ADMIN_TO_INDIVIDUAL	2022-02-08 06:41:51.624	3	\N	41	81a21b46-1a99-4fe8-8395-8cae1ee96a0f
90	18	ADMIN_TO_INDIVIDUAL	2022-01-22 20:08:26.416	3	\N	338	2c295c4b-2f44-4d77-9801-9e84f04cc500
92	27	ADMIN_TO_INDIVIDUAL	2022-01-22 20:08:26.451	2	\N	178	cd2922c7-212b-43b3-b36f-5090ba8a9e58
94	67	ADMIN_TO_INDIVIDUAL	2022-01-22 20:08:26.473	4	\N	326	4c946004-c05b-4c4d-8c42-ae6cf53a8060
96	23	ADMIN_TO_INDIVIDUAL	2022-01-22 20:08:26.493	2	\N	172	a73e8e54-1958-416c-a564-23879912ee61
102	52	ADMIN_TO_INDIVIDUAL	2022-01-22 20:08:26.571	5	\N	386	5d5c9923-af25-40e1-a1f5-6ab830a7f127
106	71	ADMIN_TO_INDIVIDUAL	2022-01-22 20:08:26.635	3	\N	130	ab3697a3-0b06-431d-a730-d7e085b18df4
110	59	ADMIN_TO_INDIVIDUAL	2022-01-22 20:08:26.704	2	\N	86	cb4a9f74-5e05-4dfc-801d-073354730e52
120	31	ADMIN_TO_INDIVIDUAL	2022-01-22 20:08:26.817	5	\N	87	fa66f605-ae5e-4d9c-9665-5a977eedad36
134	99	ADMIN_TO_INDIVIDUAL	2022-01-22 20:08:27.147	2	\N	219	c2a962ee-5183-47ca-a4c6-c7566b659859
136	80	ADMIN_TO_INDIVIDUAL	2022-01-22 20:08:27.225	4	\N	437	3381cb34-38f2-4485-9222-3b74aee5c6c8
146	53	ADMIN_TO_INDIVIDUAL	2022-01-22 20:08:28.233	1	\N	348	9431f7ef-9102-4e35-b4ba-ef00a61383f5
150	31	ADMIN_TO_INDIVIDUAL	2022-01-22 20:08:28.276	5	\N	315	fef7f933-2527-4643-8dbe-8c71ffe6c316
152	78	ADMIN_TO_INDIVIDUAL	2022-01-22 20:08:28.299	4	\N	275	7f47275d-85d9-4650-b423-c41a53aab637
154	26	ADMIN_TO_INDIVIDUAL	2022-01-22 20:08:28.333	1	\N	316	d27281d7-318c-4f23-ac61-398e74cc8764
156	20	ADMIN_TO_INDIVIDUAL	2022-01-22 20:08:28.358	2	\N	212	835754fa-57d3-47ba-9073-cae0d21b3c0b
158	92	ADMIN_TO_INDIVIDUAL	2022-01-22 20:08:28.387	1	\N	74	5e8b12be-8abf-4747-a959-0c4854fd3fac
160	38	ADMIN_TO_INDIVIDUAL	2022-01-22 20:08:28.42	4	\N	162	363bc0f2-305f-428a-ac1b-184d37308789
162	71	ADMIN_TO_INDIVIDUAL	2022-01-22 20:08:28.464	2	\N	72	3a1c9e72-2fc7-4e80-a462-6b72ec05558e
164	10	ADMIN_TO_INDIVIDUAL	2022-01-22 20:08:28.532	1	\N	428	252c498b-9da6-4ede-8a09-f28214ef6ca6
166	41	ADMIN_TO_INDIVIDUAL	2022-01-22 20:08:28.564	5	\N	360	fc55c3ef-224c-474e-94f0-cd8d171d8159
168	21	ADMIN_TO_INDIVIDUAL	2022-01-22 20:08:28.598	3	\N	109	4354bf02-2809-4aab-8579-26018769b354
172	81	ADMIN_TO_INDIVIDUAL	2022-01-22 20:08:28.665	4	\N	458	c6c6b395-d5cc-4c64-b3be-87ab5b7e0f7a
178	49	ADMIN_TO_INDIVIDUAL	2022-01-22 20:08:28.753	5	\N	27	c4673168-20ff-4160-afd8-26928b48bee8
180	54	ADMIN_TO_INDIVIDUAL	2022-01-22 20:08:28.785	5	\N	196	2d39348c-3d5d-4c30-98df-85bd9056e185
182	49	ADMIN_TO_INDIVIDUAL	2022-01-22 20:08:28.821	2	\N	28	bdc3ba9a-b2ea-4249-aa57-e367af0aa074
184	57	ADMIN_TO_INDIVIDUAL	2022-01-22 20:08:28.84	5	\N	240	2ffc9ff3-ef7b-4d58-a7c8-6b853735a65e
188	14	ADMIN_TO_INDIVIDUAL	2022-01-22 20:08:28.936	5	\N	21	62959c33-48ae-4881-85d9-fa9dff239c9c
194	90	ADMIN_TO_INDIVIDUAL	2022-01-22 20:08:29.106	1	\N	181	1e87607e-ec78-4039-bbea-517a1c79bf7e
198	73	ADMIN_TO_INDIVIDUAL	2022-01-22 20:08:29.272	3	\N	5	65affd1b-e2a9-415e-a7a0-97419d861c05
202	61	ADMIN_TO_INDIVIDUAL	2022-01-22 20:08:29.362	2	\N	382	31a118e4-6c19-45be-8d32-22a1359f5914
204	83	ADMIN_TO_INDIVIDUAL	2022-01-22 20:08:29.394	1	\N	473	1a4c4351-5064-4dfd-8e8a-1ce11892b39d
206	69	ADMIN_TO_INDIVIDUAL	2022-01-22 20:08:29.471	4	\N	417	c6b2ab7b-3a76-4041-a266-8ae43ffa30cc
218	8	ADMIN_TO_INDIVIDUAL	2022-01-22 20:08:29.652	1	\N	217	ddabd78c-0d62-422f-a867-4a0323a5f207
226	47	ADMIN_TO_INDIVIDUAL	2022-01-22 20:08:29.782	5	\N	312	6ca14c73-974a-4bd6-9a74-9b27c6ab13be
228	94	ADMIN_TO_INDIVIDUAL	2022-01-22 20:08:29.816	4	\N	366	67e492bd-1708-42fe-b1c9-71d9464f215c
234	34	ADMIN_TO_INDIVIDUAL	2022-01-22 20:08:29.993	4	\N	476	d2ebd429-10e8-48f5-9c8e-eaf24ec1243d
240	73	ADMIN_TO_INDIVIDUAL	2022-01-22 20:08:30.091	3	\N	123	daeb243e-bab2-4b10-9432-ef3dfe9d2765
242	93	ADMIN_TO_INDIVIDUAL	2022-01-22 20:08:30.136	1	\N	240	e7411b1c-a1a7-4d6c-b535-a0f653feec6a
244	40	ADMIN_TO_INDIVIDUAL	2022-01-22 20:08:30.182	1	\N	364	5b4bf196-c2f0-4812-adeb-3c99eb571c0f
250	91	ADMIN_TO_INDIVIDUAL	2022-01-22 20:08:30.268	3	\N	277	240db19d-e51f-498d-91a5-1fe901577dbd
252	7	ADMIN_TO_INDIVIDUAL	2022-01-22 20:08:30.301	4	\N	259	c761e55f-5e03-4a97-a6cb-30e48b5e8b6d
254	83	ADMIN_TO_INDIVIDUAL	2022-01-22 20:08:30.335	4	\N	124	74bfe79a-88fd-42bb-be83-ef4a565b0f7c
262	94	ADMIN_TO_INDIVIDUAL	2022-01-22 20:08:30.458	2	\N	447	845a30cb-390b-49ed-8c95-e37e8ad9eba3
268	30	ADMIN_TO_INDIVIDUAL	2022-01-22 20:08:30.556	3	\N	107	964823fe-5ecb-43c8-a405-a4aeec19fb48
270	28	ADMIN_TO_INDIVIDUAL	2022-01-22 20:08:30.589	4	\N	180	c017af6e-63ea-4c81-b8e4-605f4598e41e
274	89	ADMIN_TO_INDIVIDUAL	2022-01-22 20:08:30.656	1	\N	153	cd9461cd-d4e9-447b-8463-00e4d9c2f2d6
280	72	ADMIN_TO_INDIVIDUAL	2022-01-22 20:08:30.735	3	\N	446	d7f5321c-162c-444c-9a81-4beeb3d739af
282	62	ADMIN_TO_INDIVIDUAL	2022-01-22 20:08:30.767	5	\N	119	31b2defe-2d9a-4a2f-8d82-c872f6274c31
284	34	ADMIN_TO_INDIVIDUAL	2022-01-22 20:08:30.801	2	\N	160	ec28aed1-bed8-4012-a991-07c8a02c490c
286	86	ADMIN_TO_INDIVIDUAL	2022-01-22 20:08:30.823	4	\N	115	c46dd25a-42ce-45f1-ae61-c6ddfe0df43a
288	21	ADMIN_TO_INDIVIDUAL	2022-01-22 20:08:30.856	3	\N	317	6adf3cf6-1500-4b80-973e-b6a8a758401c
292	73	ADMIN_TO_INDIVIDUAL	2022-01-22 20:08:30.968	4	\N	268	18b763b6-d865-4edc-a2e3-366de9d86c97
294	25	ADMIN_TO_INDIVIDUAL	2022-01-22 20:08:31.014	1	\N	200	66dd7bf0-6e99-490a-acad-8c4d69b5c7e6
298	47	ADMIN_TO_INDIVIDUAL	2022-01-22 20:08:31.196	4	\N	205	52aa5ef0-788d-47cc-bd1e-f4ff0228e0dc
300	81	ADMIN_TO_INDIVIDUAL	2022-01-22 20:08:31.653	2	\N	223	115a9ee3-a862-4c31-81a0-96ed430c57e3
306	2	ADMIN_TO_INDIVIDUAL	2022-01-22 20:08:32.228	5	\N	59	0c86a467-1496-4347-95d7-c62f0fc80a1f
308	94	ADMIN_TO_INDIVIDUAL	2022-01-22 20:08:32.297	5	\N	123	47c207dd-ac12-45e0-b8ed-5c5f05f8f1ea
310	75	ADMIN_TO_INDIVIDUAL	2022-01-22 20:08:32.383	5	\N	171	a1b70aaa-5372-484e-9330-1f0a6a018878
312	31	ADMIN_TO_INDIVIDUAL	2022-01-22 20:08:32.406	2	\N	283	6dea51b8-8012-4f48-b81b-b66cb7603286
316	2	ADMIN_TO_INDIVIDUAL	2022-01-22 20:08:32.483	3	\N	58	76942516-147b-4e42-a228-212f61337d01
318	81	ADMIN_TO_INDIVIDUAL	2022-01-22 20:08:32.505	3	\N	408	e35446a9-cc7a-4399-a3e4-3f80ae5dd589
322	6	ADMIN_TO_INDIVIDUAL	2022-01-22 20:08:32.638	5	\N	283	99d25c5c-8572-43e5-9d1d-dc2140d84d0f
324	65	ADMIN_TO_INDIVIDUAL	2022-01-22 20:08:32.683	2	\N	94	ffc91f13-e06b-46ff-90ed-0005e7e3c248
326	29	ADMIN_TO_INDIVIDUAL	2022-01-22 20:08:32.716	5	\N	47	78550f53-9964-4f19-95c0-211a5502bfbb
332	77	ADMIN_TO_INDIVIDUAL	2022-01-22 20:08:32.794	3	\N	232	a9875047-d571-4450-a5e3-d1c05aecb4af
336	16	ADMIN_TO_INDIVIDUAL	2022-01-22 20:08:32.849	5	\N	143	89a3bb8f-cc90-4dcb-927c-300ab4b4913e
338	88	ADMIN_TO_INDIVIDUAL	2022-01-22 20:08:32.895	5	\N	235	17915636-1f88-4710-b78a-0fc386aaf4e5
344	79	ADMIN_TO_INDIVIDUAL	2022-01-22 20:08:33.003	3	\N	415	dc200c6a-c803-45f9-a32e-59a53957ea7d
350	27	ADMIN_TO_INDIVIDUAL	2022-01-22 20:08:33.082	3	\N	258	d2923145-a5d6-416f-b950-3f6b31c4b8ce
352	47	ADMIN_TO_INDIVIDUAL	2022-01-22 20:08:33.103	5	\N	500	633f454a-af3d-47c7-aec4-e23b7607f5e2
354	66	ADMIN_TO_INDIVIDUAL	2022-01-22 20:08:33.126	3	\N	323	6a4b200d-22a1-4b9e-86d5-b8879ac5b8bc
356	100	ADMIN_TO_INDIVIDUAL	2022-01-22 20:08:33.147	1	\N	247	0439152d-f8d3-4eb7-a937-36a477503a9b
362	97	ADMIN_TO_INDIVIDUAL	2022-01-22 20:08:33.379	4	\N	354	741757db-a610-42b5-a46d-049634308dd3
366	39	ADMIN_TO_INDIVIDUAL	2022-01-22 20:08:33.447	3	\N	157	da198911-8a01-4c73-99b1-685c92d056ba
368	57	ADMIN_TO_INDIVIDUAL	2022-01-22 20:08:33.468	2	\N	457	5aa8f06c-6be4-4333-aa54-0826e777434b
376	16	ADMIN_TO_INDIVIDUAL	2022-01-22 20:08:33.579	3	\N	418	1f7571fd-a94d-414d-af7b-e225c4341566
382	24	ADMIN_TO_INDIVIDUAL	2022-01-22 20:08:33.667	4	\N	311	d0df76d8-14a1-479f-8a63-c702fc43ddbe
386	55	ADMIN_TO_INDIVIDUAL	2022-01-22 20:08:33.713	3	\N	414	427dc60f-fa37-4942-8479-82a647107bf8
390	97	ADMIN_TO_INDIVIDUAL	2022-01-22 20:08:33.79	2	\N	31	46725d4d-8bf2-434b-aaa2-54b223f6baab
392	38	ADMIN_TO_INDIVIDUAL	2022-01-22 20:08:33.859	5	\N	79	85f9d82a-e360-4ee7-8b7e-018c215ceaaa
396	23	ADMIN_TO_INDIVIDUAL	2022-01-22 20:08:33.978	5	\N	376	a05c09f0-a8e7-4389-95e7-f75fd4e4e6c0
404	68	ADMIN_TO_INDIVIDUAL	2022-01-22 20:08:34.191	3	\N	395	c464333f-4415-4e9d-a445-e98293a69b33
406	38	ADMIN_TO_INDIVIDUAL	2022-01-22 20:08:34.233	4	\N	336	9efcd26c-9260-4706-920e-711c38dd281a
408	32	ADMIN_TO_INDIVIDUAL	2022-01-22 20:08:34.255	1	\N	260	31bc9b7b-8e6c-43bd-93c0-eb82283d955a
416	37	ADMIN_TO_INDIVIDUAL	2022-01-22 20:08:34.454	5	\N	337	722a54b6-4469-493d-881a-21548f3ab80b
418	78	ADMIN_TO_INDIVIDUAL	2022-01-22 20:08:34.476	4	\N	186	36abf147-bb47-4374-9ecf-7787d82b8686
422	35	ADMIN_TO_INDIVIDUAL	2022-01-22 20:08:34.52	2	\N	100	b57ecd8a-0e36-4ebe-b6d8-ace3d5beef46
424	55	ADMIN_TO_INDIVIDUAL	2022-01-22 20:08:34.547	3	\N	61	3fa11f4d-2968-41f7-9c7f-acf0f88c0226
430	45	ADMIN_TO_INDIVIDUAL	2022-01-22 20:08:34.621	5	\N	294	e5e526c3-9b4a-4588-941a-ff8c87ff3511
438	19	ADMIN_TO_INDIVIDUAL	2022-01-22 20:08:34.743	2	\N	424	8fe4793e-e9e1-4d2a-a2a8-12ddf932df2d
440	70	ADMIN_TO_INDIVIDUAL	2022-01-22 20:08:34.83	1	\N	15	0c7f2be0-add3-46c2-9cd7-c6bab1766207
448	32	ADMIN_TO_INDIVIDUAL	2022-01-22 20:08:35.052	2	\N	86	24b8bde2-9b1b-415a-93d2-75b13cd7da75
454	53	ADMIN_TO_INDIVIDUAL	2022-01-22 20:08:35.14	3	\N	189	28dd3065-3e65-4cb5-aa5b-536376e1e8dc
458	55	ADMIN_TO_INDIVIDUAL	2022-01-22 20:08:35.198	1	\N	213	477aa54c-c8c6-4093-a8e1-ed7a7eb475a1
462	38	ADMIN_TO_INDIVIDUAL	2022-01-22 20:08:35.251	1	\N	207	d7a70072-23e2-4b49-b30d-1fb53455be51
464	55	ADMIN_TO_INDIVIDUAL	2022-01-22 20:08:35.296	2	\N	275	64bab41e-0dc2-4c81-b9a7-b1aa781dca38
480	5	ADMIN_TO_INDIVIDUAL	2022-01-22 20:08:35.549	1	\N	52	10c273fd-1d1f-4f80-9dbb-8f4d1ecafdfe
488	53	ADMIN_TO_INDIVIDUAL	2022-01-22 20:08:35.671	1	\N	439	db5c1d0a-5d91-403d-b92d-2f8481fc23f3
490	93	ADMIN_TO_INDIVIDUAL	2022-01-22 20:08:35.694	5	\N	282	3f259a8e-ea19-44de-9881-ad1c2e349815
494	24	ADMIN_TO_INDIVIDUAL	2022-01-22 20:08:35.772	3	\N	378	d6db6695-890f-4d52-8e0f-f1b253afc8dd
504	48	ADMIN_TO_INDIVIDUAL	2022-01-22 20:08:35.906	4	\N	89	b5542f3c-fa3f-49f1-923b-84e1e3773b37
506	54	ADMIN_TO_INDIVIDUAL	2022-01-22 20:08:35.949	5	\N	81	1c804c0b-f7b0-4ae3-bb69-7b8b0aa30173
516	74	ADMIN_TO_INDIVIDUAL	2022-01-22 20:08:36.092	3	\N	333	c5bde4ec-68e8-4794-a654-cddd125fac12
522	8	ADMIN_TO_INDIVIDUAL	2022-01-22 20:08:36.159	5	\N	137	a4cbc9f9-eb62-408a-a5ae-af39d5938f14
530	24	ADMIN_TO_INDIVIDUAL	2022-01-22 20:08:36.258	1	\N	500	391453f1-c8d9-43e6-a827-6f7109a40d46
532	39	ADMIN_TO_INDIVIDUAL	2022-01-22 20:08:36.28	2	\N	264	11208c69-3dad-4941-a728-a27a94f1e50f
536	31	ADMIN_TO_INDIVIDUAL	2022-01-22 20:08:36.331	1	\N	114	03c1d36a-dccb-4ee6-b0ed-0c80784fd5ca
538	94	ADMIN_TO_INDIVIDUAL	2022-01-22 20:08:36.383	3	\N	82	07c2d1d9-1867-466a-8e8b-0e905a926e1d
540	34	ADMIN_TO_INDIVIDUAL	2022-01-22 20:08:36.415	2	\N	72	45e3e1cc-82d7-4b3a-862b-8b1f2fb1aab8
542	20	ADMIN_TO_INDIVIDUAL	2022-01-22 20:08:36.446	2	\N	324	0a6eaa86-2820-48ea-aca9-0b4fd27f09f3
546	59	ADMIN_TO_INDIVIDUAL	2022-01-22 20:08:36.491	3	\N	370	5881ad15-6b60-4f84-b70b-b0e1dffa26a2
548	84	ADMIN_TO_INDIVIDUAL	2022-01-22 20:08:36.546	4	\N	185	e0a117fe-92c0-4c5f-be15-ccfb271e925b
550	55	ADMIN_TO_INDIVIDUAL	2022-01-22 20:08:36.568	3	\N	399	62084ca7-aa5b-4a48-9a6f-cfc1759227cd
554	70	ADMIN_TO_INDIVIDUAL	2022-01-22 20:08:36.612	3	\N	27	4ea4ec95-720a-4f8b-808e-75afd50c57da
556	21	ADMIN_TO_INDIVIDUAL	2022-01-22 20:08:36.634	3	\N	244	52e8205f-d4bc-422a-8cd2-be64476591ac
564	17	ADMIN_TO_INDIVIDUAL	2022-01-22 20:08:36.735	5	\N	82	1728b2bd-22a3-4deb-aa43-9d2aa1bf8b2d
566	26	ADMIN_TO_INDIVIDUAL	2022-01-22 20:08:36.757	2	\N	304	f68200aa-ff82-4138-95ff-08d13820953d
570	56	ADMIN_TO_INDIVIDUAL	2022-01-22 20:08:36.812	4	\N	279	71d560a2-b8b8-4e9e-b089-4389707cb7a9
572	63	ADMIN_TO_INDIVIDUAL	2022-01-22 20:08:36.845	4	\N	268	f8d646c4-7aa2-4ebb-b138-ed335637aa8b
576	53	ADMIN_TO_INDIVIDUAL	2022-01-22 20:08:36.912	5	\N	92	834b5806-e307-437e-805f-57a5970fde0e
578	58	ADMIN_TO_INDIVIDUAL	2022-01-22 20:08:36.967	1	\N	365	32511283-9376-4bf9-b451-0c562996725d
582	33	ADMIN_TO_INDIVIDUAL	2022-01-22 20:08:37.014	3	\N	203	755620a3-90c9-433c-a24c-385773b133a3
588	43	ADMIN_TO_INDIVIDUAL	2022-01-22 20:08:37.123	3	\N	351	538ca03a-b524-443f-8103-6f9de2096311
592	33	ADMIN_TO_INDIVIDUAL	2022-01-22 20:08:37.177	2	\N	168	67d19eba-8561-4db3-b28e-52fddad9c199
598	58	ADMIN_TO_INDIVIDUAL	2022-01-22 20:08:37.256	1	\N	375	d9d35636-cebb-4de0-bdf4-f334b20de3ee
600	74	ADMIN_TO_INDIVIDUAL	2022-01-22 20:08:37.333	5	\N	202	19620310-d9b5-4199-b235-d12d4f38d92f
602	16	ADMIN_TO_INDIVIDUAL	2022-01-22 20:08:37.366	2	\N	341	4c6d44c9-6c67-4cd5-92ac-c4b39d0b1df4
604	68	ADMIN_TO_INDIVIDUAL	2022-01-22 20:08:37.39	2	\N	182	5b384fa4-6416-4bfc-9605-8dfa936f167b
608	71	ADMIN_TO_INDIVIDUAL	2022-01-22 20:08:37.482	4	\N	441	299edff4-24ee-41a6-ad98-122dfcf8577b
610	68	ADMIN_TO_INDIVIDUAL	2022-01-22 20:08:37.51	5	\N	193	c51bc9f5-fc50-4b55-adac-a8119d2606ec
616	25	ADMIN_TO_INDIVIDUAL	2022-01-22 20:08:37.632	2	\N	244	5991e149-7639-4599-90ed-756c93a0637b
624	65	ADMIN_TO_INDIVIDUAL	2022-01-22 20:08:37.775	2	\N	215	a6fe8ce3-fee3-4cba-983f-1b7db622987e
630	4	ADMIN_TO_INDIVIDUAL	2022-01-22 20:08:37.859	4	\N	70	1c3ad34b-4fee-45f9-a992-417dce491bb1
632	99	ADMIN_TO_INDIVIDUAL	2022-01-22 20:08:37.886	2	\N	197	7d660340-67c5-4d2e-84b0-a8aa8090b37b
636	75	ADMIN_TO_INDIVIDUAL	2022-01-22 20:08:37.964	2	\N	23	7f54ddc2-1253-4a8c-a36f-4ee45c14ef4b
638	85	ADMIN_TO_INDIVIDUAL	2022-01-22 20:08:37.998	4	\N	166	98a4ffad-9283-4287-a011-9d73fa71a62c
642	65	ADMIN_TO_INDIVIDUAL	2022-01-22 20:08:38.074	2	\N	24	ab53fa87-6755-406c-ac5f-48e3f387960b
646	80	ADMIN_TO_INDIVIDUAL	2022-01-22 20:08:38.141	2	\N	204	d64d6203-db9a-4870-9572-b9eb2cbd766c
652	83	ADMIN_TO_INDIVIDUAL	2022-01-22 20:08:38.251	3	\N	273	d56bbac4-bd1c-4afc-a495-334ef33bd0d0
654	28	ADMIN_TO_INDIVIDUAL	2022-01-22 20:08:38.274	2	\N	89	aec1d56f-e370-4cdf-b9bf-a901b02252c2
656	26	ADMIN_TO_INDIVIDUAL	2022-01-22 20:08:38.551	5	\N	97	48c729c8-89c8-443d-8cc1-bab373878da3
664	75	ADMIN_TO_INDIVIDUAL	2022-01-22 20:08:38.716	2	\N	65	c3ed67f7-9656-44dc-9413-c3d049399604
666	60	ADMIN_TO_INDIVIDUAL	2022-01-22 20:08:38.74	4	\N	267	45dbe766-2404-4ec4-895c-669acaed153d
668	79	ADMIN_TO_INDIVIDUAL	2022-01-22 20:08:38.783	1	\N	393	a1e4cbdf-639b-4335-8ade-43b0e0ae7a0c
672	39	ADMIN_TO_INDIVIDUAL	2022-01-22 20:08:38.861	1	\N	88	90509131-4123-452b-bfeb-5abc69732dea
674	72	ADMIN_TO_INDIVIDUAL	2022-01-22 20:08:38.905	3	\N	129	0a0d5b6d-8ae6-49a8-a07a-49df7f3c8abd
676	14	ADMIN_TO_INDIVIDUAL	2022-01-22 20:08:38.995	1	\N	338	c440df63-5af1-44bd-9d84-12980b87a4ae
680	73	ADMIN_TO_INDIVIDUAL	2022-01-22 20:08:39.236	5	\N	203	052e2aa9-8e76-4d42-a942-ea0ce8313aa5
682	70	ADMIN_TO_INDIVIDUAL	2022-01-22 20:08:39.349	1	\N	341	dc4aeedb-7dbe-4655-ad3d-70cba002e821
684	1	ADMIN_TO_INDIVIDUAL	2022-01-22 20:08:39.413	5	\N	343	4061f30a-0fa8-4dc7-8398-6dbc82588f6a
686	72	ADMIN_TO_INDIVIDUAL	2022-01-22 20:08:39.436	2	\N	406	c62ad51d-9524-40be-b36c-d739b875e48a
690	93	ADMIN_TO_INDIVIDUAL	2022-01-22 20:08:39.513	2	\N	393	334ed042-d426-401e-82ad-0f35e604b044
696	59	ADMIN_TO_INDIVIDUAL	2022-01-22 20:08:39.635	5	\N	473	75658afc-b9bc-449b-b12e-bab0ceb91bc6
698	58	ADMIN_TO_INDIVIDUAL	2022-01-22 20:08:39.692	5	\N	429	ab4c9151-29b1-47dc-9330-4cb9bf27be12
704	11	ADMIN_TO_INDIVIDUAL	2022-01-22 20:08:39.868	5	\N	461	b0ed2f46-43ad-4abb-93fd-3f95a699dd94
706	79	ADMIN_TO_INDIVIDUAL	2022-01-22 20:08:39.974	2	\N	278	6c60c113-20bd-4dac-8152-5c742ab85191
712	87	ADMIN_TO_INDIVIDUAL	2022-01-22 20:08:40.178	2	\N	46	fef12a27-1be4-4bc3-91dd-0ec1eddc6a28
714	95	ADMIN_TO_INDIVIDUAL	2022-01-22 20:08:40.245	5	\N	130	f9e725aa-7782-493b-9e78-c47da92cfaa0
716	30	ADMIN_TO_INDIVIDUAL	2022-01-22 20:08:40.278	5	\N	256	f5fa7396-80e0-41ce-a95c-6d417221a024
718	74	ADMIN_TO_INDIVIDUAL	2022-01-22 20:08:40.3	1	\N	98	66f2ac27-0f64-4ebc-97e7-bcdf8771303f
720	79	ADMIN_TO_INDIVIDUAL	2022-01-22 20:08:40.326	1	\N	7	61b20460-4987-41f2-b3b9-8f2b371701b1
722	72	ADMIN_TO_INDIVIDUAL	2022-01-22 20:08:40.355	5	\N	10	85e845b6-b43a-487f-b907-c3d170b7a1b8
724	38	ADMIN_TO_INDIVIDUAL	2022-01-22 20:08:40.401	5	\N	288	5cd646b3-4a37-4135-9972-403d46f12dac
726	61	ADMIN_TO_INDIVIDUAL	2022-01-22 20:08:40.445	3	\N	248	697615a5-e2c7-4a81-bca1-c73e47081354
728	92	ADMIN_TO_INDIVIDUAL	2022-01-22 20:08:40.478	3	\N	219	10b5c736-f00e-41a1-a25c-5ca0c34b47a5
736	59	ADMIN_TO_INDIVIDUAL	2022-01-22 20:08:40.577	3	\N	154	d718cd05-7a7d-4fe5-bbc0-1d59ca4f422b
738	58	ADMIN_TO_INDIVIDUAL	2022-01-22 20:08:40.621	3	\N	336	471c1d13-6564-4168-996d-612d053759db
740	83	ADMIN_TO_INDIVIDUAL	2022-01-22 20:08:40.643	3	\N	13	89bd1ea3-8011-4ec4-84cf-bbe5579fdbe1
742	26	ADMIN_TO_INDIVIDUAL	2022-01-22 20:08:40.677	4	\N	475	fd01eec4-1fd9-44fc-a4b6-8ae3835344e0
748	75	ADMIN_TO_INDIVIDUAL	2022-01-22 20:08:40.811	4	\N	394	a6498cef-b080-4fa7-ad45-f1dbbe6d7e33
750	14	ADMIN_TO_INDIVIDUAL	2022-01-22 20:08:40.832	3	\N	327	5824c280-9a65-4bf1-8f3e-b5099738750d
752	35	ADMIN_TO_INDIVIDUAL	2022-01-22 20:08:40.897	3	\N	443	2ac8c2f9-1304-400a-8da5-b0dccacc2cb1
754	100	ADMIN_TO_INDIVIDUAL	2022-01-22 20:08:40.975	2	\N	256	84f23a10-d2c1-4486-9fd6-ccd9800a203c
756	38	ADMIN_TO_INDIVIDUAL	2022-01-22 20:08:40.997	3	\N	305	5592255e-f2cb-4870-a63c-5400873a39bd
760	40	ADMIN_TO_INDIVIDUAL	2022-01-22 20:08:41.064	5	\N	241	9270bd93-9449-45d5-9d37-2b5cab85bff9
764	61	ADMIN_TO_INDIVIDUAL	2022-01-22 20:08:41.143	1	\N	461	96a8e5af-26ed-4b4e-ac31-ec191785ecb3
766	35	ADMIN_TO_INDIVIDUAL	2022-01-22 20:08:41.164	3	\N	212	b966b249-3666-4cd1-9485-91c9832c560c
770	16	ADMIN_TO_INDIVIDUAL	2022-01-22 20:08:41.353	4	\N	55	23d0f997-be16-46e4-9f8e-d423e0f500d4
772	73	ADMIN_TO_INDIVIDUAL	2022-01-22 20:08:41.375	4	\N	175	4f73f201-00e8-4584-8002-a9e094bcf6d9
774	50	ADMIN_TO_INDIVIDUAL	2022-01-22 20:08:41.396	1	\N	429	8192dc01-3ab3-4ee6-93ea-ddb3352af16b
776	32	ADMIN_TO_INDIVIDUAL	2022-01-22 20:08:41.418	1	\N	63	6f724807-381d-4f7d-b7d1-7d44e3aec4cd
778	29	ADMIN_TO_INDIVIDUAL	2022-01-22 20:08:41.441	4	\N	156	d3ac2490-26bc-47a6-a5c7-35af256bdb33
780	71	ADMIN_TO_INDIVIDUAL	2022-01-22 20:08:41.476	3	\N	418	49bb76e9-517a-4540-b950-5147d57c972f
788	95	ADMIN_TO_INDIVIDUAL	2022-01-22 20:08:41.601	4	\N	279	69b25214-af54-43cf-beff-c4d96342accd
796	77	ADMIN_TO_INDIVIDUAL	2022-01-22 20:08:41.706	4	\N	17	63504408-2326-425c-ab23-682cb9678635
806	90	ADMIN_TO_INDIVIDUAL	2022-01-22 20:08:41.838	3	\N	301	2d67f49d-f0f4-47c8-a859-2aa8824b5ae3
810	85	ADMIN_TO_INDIVIDUAL	2022-01-22 20:08:41.896	2	\N	96	fad1dcb3-c9ca-4df7-b950-1d5c01aef8a9
820	84	ADMIN_TO_INDIVIDUAL	2022-01-22 20:08:42.105	2	\N	132	4ee6790a-182b-4bfa-9323-500724f32872
822	26	ADMIN_TO_INDIVIDUAL	2022-01-22 20:08:42.138	3	\N	448	8efae806-0a72-4d02-bd9d-cabd7adf0e65
824	61	ADMIN_TO_INDIVIDUAL	2022-01-22 20:08:42.163	3	\N	200	eab67ac0-d250-4cbd-bd44-43dae9afccda
830	43	ADMIN_TO_INDIVIDUAL	2022-01-22 20:08:42.271	5	\N	132	27d418fd-3813-408b-980d-4b26b268d4e9
834	78	ADMIN_TO_INDIVIDUAL	2022-01-22 20:08:42.33	4	\N	280	ceb77894-087a-4db9-878c-64c8c0810c66
836	52	ADMIN_TO_INDIVIDUAL	2022-01-22 20:08:42.374	3	\N	387	4c377711-e7a5-42ba-86dd-0a78b3b72415
838	80	ADMIN_TO_INDIVIDUAL	2022-01-22 20:08:42.416	1	\N	8	bf1d64bb-5229-4fae-82ef-1159a1e3b736
840	39	ADMIN_TO_INDIVIDUAL	2022-01-22 20:08:42.449	5	\N	48	e4e781fe-39ee-4f51-b540-0027788eeddc
842	26	ADMIN_TO_INDIVIDUAL	2022-01-22 20:08:42.519	3	\N	253	89364f63-e9a5-4257-9128-94976a301051
850	47	ADMIN_TO_INDIVIDUAL	2022-01-22 20:08:42.625	2	\N	228	ebd0d392-f541-4a6a-bbf5-2a9b765dc53d
854	67	ADMIN_TO_INDIVIDUAL	2022-01-22 20:08:42.669	2	\N	36	07b6884e-a8ff-4dc1-9689-dda3fcac9cf4
864	8	ADMIN_TO_INDIVIDUAL	2022-01-22 20:08:42.793	1	\N	386	8eaeba56-3527-419d-92bc-cb0c6eb9379b
866	75	ADMIN_TO_INDIVIDUAL	2022-01-22 20:08:42.827	2	\N	183	b4b4adea-5127-4a32-b411-214e13195c42
870	74	ADMIN_TO_INDIVIDUAL	2022-01-22 20:08:42.891	3	\N	397	7a8837f6-918b-4bfa-bb15-3f1abd95ca5c
872	47	ADMIN_TO_INDIVIDUAL	2022-01-22 20:08:42.946	4	\N	455	21848c11-4e5e-4993-a12b-fdcd07843585
890	3	ADMIN_TO_INDIVIDUAL	2022-01-22 20:08:43.223	4	\N	392	5ef875b8-355b-41ae-aeed-46d8c7c02d0d
892	18	ADMIN_TO_INDIVIDUAL	2022-01-22 20:08:43.246	2	\N	52	0de19735-e871-418d-a6c5-bfee3abfd1e8
894	96	ADMIN_TO_INDIVIDUAL	2022-01-22 20:08:43.267	5	\N	290	a6ed44d9-1fae-4075-a26c-f994576d982b
900	87	ADMIN_TO_INDIVIDUAL	2022-01-22 20:08:43.345	3	\N	157	6bb20cae-0de6-46c6-a577-eb6386bd0d52
902	47	ADMIN_TO_INDIVIDUAL	2022-01-22 20:08:43.366	4	\N	319	1c8889ea-426e-4058-a8ca-a1a0278b4226
904	20	ADMIN_TO_INDIVIDUAL	2022-01-22 20:08:43.39	4	\N	316	047f8772-e46b-40e3-a301-8caa79c5a8a0
906	19	ADMIN_TO_INDIVIDUAL	2022-01-22 20:08:43.615	2	\N	113	5ea1cf04-a7f5-4ac5-b4b6-ea2481fcbe75
910	57	ADMIN_TO_INDIVIDUAL	2022-01-22 20:08:43.666	5	\N	36	d2c7c501-8dd0-4ef7-ac9f-2db46fb8cef5
912	4	ADMIN_TO_INDIVIDUAL	2022-01-22 20:08:43.732	5	\N	226	83c1091a-3263-4fc9-ab54-1afb4ce5a73e
916	8	ADMIN_TO_INDIVIDUAL	2022-01-22 20:08:43.776	3	\N	70	eae51b8c-7055-43f3-924a-3e2fef49743e
918	25	ADMIN_TO_INDIVIDUAL	2022-01-22 20:08:43.809	3	\N	385	d0c2d749-62fb-4385-912a-cb0fe3ead829
920	73	ADMIN_TO_INDIVIDUAL	2022-01-22 20:08:43.872	2	\N	427	12177e32-fa43-4384-abce-888de5681686
922	15	ADMIN_TO_INDIVIDUAL	2022-01-22 20:08:43.91	1	\N	432	07a36ed5-d395-4094-a834-db664f014d36
924	6	ADMIN_TO_INDIVIDUAL	2022-01-22 20:08:43.965	3	\N	51	70a2e202-3033-4762-95b2-bd2b6fe96151
926	62	ADMIN_TO_INDIVIDUAL	2022-01-22 20:08:44.023	3	\N	441	8ddf645f-2d8b-4dc5-997c-f858201a125f
930	53	ADMIN_TO_INDIVIDUAL	2022-01-22 20:08:44.086	4	\N	70	39c3f1e6-ff5b-4246-b411-b0c897bccbc7
932	6	ADMIN_TO_INDIVIDUAL	2022-01-22 20:08:44.121	3	\N	335	b444501a-4f49-4b2b-a6e1-fcd6e58b24e8
942	41	ADMIN_TO_INDIVIDUAL	2022-01-22 20:08:44.264	1	\N	187	b8fbdc1e-04e3-4448-9a22-4423deafbd9d
944	34	ADMIN_TO_INDIVIDUAL	2022-01-22 20:08:44.285	3	\N	292	f4637865-5e5b-4beb-a243-21930db3cccf
948	46	ADMIN_TO_INDIVIDUAL	2022-01-22 20:08:44.341	2	\N	324	8770f13e-776d-409b-868c-eaa23e127e67
952	15	ADMIN_TO_INDIVIDUAL	2022-01-22 20:08:44.419	3	\N	96	7da2ae8f-272d-43b2-b03a-a746cd4ee2b2
954	5	ADMIN_TO_INDIVIDUAL	2022-01-22 20:08:44.443	4	\N	338	aa553f9a-7670-4024-bcda-4b7d52c6afb9
960	2	ADMIN_TO_INDIVIDUAL	2022-01-22 20:08:44.518	1	\N	428	45c16867-7fe6-42f8-9612-022257f754c7
\.


--
-- TOC entry 3170 (class 0 OID 51848)
-- Dependencies: 208
-- Data for Name: User; Type: TABLE DATA; Schema: public; Owner: pendo
--

COPY public."User" (id, email, phone, "firstName", "lastName", photo, role, "hashedPassword", salt, "resetToken", "resetTokenExpiresAt", "accountBalance") FROM stdin;
5	admin5	+254746649572	George	Ndirangu	 	SECTION_ADMIN	1988540dd8244a5cd8b501725f158ca74a1d5b3be6f4c967efdf42751d53528d	918e8ae44b8886843594ae056ed523bf	\N	\N	0
4	admin4	+254707461491	Admin	Four	 	SECTION_ADMIN	5178f251ab30ad1c5b21ffd2768b1af9adb5530166fc03cfe83324e739975ec3	6838da1cbb4903476b49b02ab4f7a79d	\N	\N	57
2	admin2	+254746649574	Admin	Two	 	SECTION_ADMIN	72f53288bdee98e00f09be04f97ecd466f9515825134bb88f06c3e13cc0609d8	711e4d202fd141fb8d49a95e912c82f2	\N	\N	111
1	admin	+254746649576	George	Ndirangu	 	CAMP_ADMIN	44005ad6521a0989a6e861cbd2244565e87f5c07ddb02f4ba3199ddb14e66482	1c07fe183dfcb9ae7f37582975e6abaa	\N	\N	691
3	admin3	0746649572	Admin	Three	 	SECTION_ADMIN	9154bdf8d0a357a08be104bd51710a9a0061666b71fbda615c95182f4e10b769	0523cc2390172a0c0bca142978fdebcb	\N	\N	24
\.


--
-- TOC entry 3162 (class 0 OID 51305)
-- Dependencies: 200
-- Data for Name: _prisma_migrations; Type: TABLE DATA; Schema: public; Owner: pendo
--

COPY public._prisma_migrations (id, checksum, finished_at, migration_name, logs, rolled_back_at, started_at, applied_steps_count) FROM stdin;
3b55adf7-1e6a-4fbb-83f3-92c67756313d	d570edbf76b390633a92b48ac65e5bc09f9e37364d2f15b875e3463e95745f1e	2022-01-13 14:17:16.29154+03	20220113111713_initial_setup	\N	\N	2022-01-13 14:17:14.339742+03	1
8ceec85d-657a-466a-a9c6-591b809231b3	397691fc72f55015e65301f23e066e68fb41b24832f3446b92ae5ebdf7a86251	2022-01-13 16:52:58.943216+03	20220113135257_replace_admin_with_user	\N	\N	2022-01-13 16:52:57.903814+03	1
0be4619c-2319-4be4-a485-6b90e04243b4	31b927273945b253fd42e539f97df138c7395b5eeff380bf788ccc42dc5dc146	2022-01-13 18:59:05.025323+03	20220113155903_correct_regugee_to_refugee	\N	\N	2022-01-13 18:59:04.038648+03	1
6106dd29-9c4c-41db-acc9-2bdc2007cfec	7d532f8066534f55781911e26f11573bedbe645f428d2e2c2bc9e70f72511961	2022-02-01 00:20:36.33735+03	20220131212035_1feb2022	\N	\N	2022-02-01 00:20:36.11089+03	1
99660aac-7d5b-4ece-baa9-21d2912ae00f	4f0e62eab33b401f6c5c77709739e6c26c3bae6aa91ea945a1d8b67358225bfa	2022-02-01 12:31:38.385571+03	20220201093137_1st_feb1231	\N	\N	2022-02-01 12:31:38.112432+03	1
cdb57b45-65de-4fb1-bcdc-815b7bbee717	4580c1df8f7d3be5983b7083b65d1ce38538a2bad27f0186810e0b6439591e7c	2022-02-03 10:38:32.690613+03	20220203073832_2_feb10_38	\N	\N	2022-02-03 10:38:32.553237+03	1
df32bef3-1cbc-437e-b66c-dd8a0d9688aa	48deff824cd2e29104c3f7d54e11248456c44a9f15929d9df0648f9f96e75919	2022-02-09 10:14:27.886604+03	20220209071427_9_feb	\N	\N	2022-02-09 10:14:27.528275+03	1
\.


--
-- TOC entry 3183 (class 0 OID 0)
-- Dependencies: 209
-- Name: Refugee_id_seq; Type: SEQUENCE SET; Schema: public; Owner: pendo
--

SELECT pg_catalog.setval('public."Refugee_id_seq"', 508, true);


--
-- TOC entry 3184 (class 0 OID 0)
-- Dependencies: 203
-- Name: Section_id_seq; Type: SEQUENCE SET; Schema: public; Owner: pendo
--

SELECT pg_catalog.setval('public."Section_id_seq"', 4, true);


--
-- TOC entry 3185 (class 0 OID 0)
-- Dependencies: 201
-- Name: Tent_id_seq; Type: SEQUENCE SET; Schema: public; Owner: pendo
--

SELECT pg_catalog.setval('public."Tent_id_seq"', 100, true);


--
-- TOC entry 3186 (class 0 OID 0)
-- Dependencies: 205
-- Name: Transaction_id_seq; Type: SEQUENCE SET; Schema: public; Owner: pendo
--

SELECT pg_catalog.setval('public."Transaction_id_seq"', 1046, true);


--
-- TOC entry 3187 (class 0 OID 0)
-- Dependencies: 207
-- Name: User_id_seq; Type: SEQUENCE SET; Schema: public; Owner: pendo
--

SELECT pg_catalog.setval('public."User_id_seq"', 5, true);


--
-- TOC entry 3024 (class 2606 OID 52400)
-- Name: Refugee Refugee_pkey; Type: CONSTRAINT; Schema: public; Owner: pendo
--

ALTER TABLE ONLY public."Refugee"
    ADD CONSTRAINT "Refugee_pkey" PRIMARY KEY (id);


--
-- TOC entry 3016 (class 2606 OID 51367)
-- Name: Section Section_pkey; Type: CONSTRAINT; Schema: public; Owner: pendo
--

ALTER TABLE ONLY public."Section"
    ADD CONSTRAINT "Section_pkey" PRIMARY KEY (id);


--
-- TOC entry 3013 (class 2606 OID 51356)
-- Name: Tent Tent_pkey; Type: CONSTRAINT; Schema: public; Owner: pendo
--

ALTER TABLE ONLY public."Tent"
    ADD CONSTRAINT "Tent_pkey" PRIMARY KEY (id);


--
-- TOC entry 3018 (class 2606 OID 51388)
-- Name: Transaction Transaction_pkey; Type: CONSTRAINT; Schema: public; Owner: pendo
--

ALTER TABLE ONLY public."Transaction"
    ADD CONSTRAINT "Transaction_pkey" PRIMARY KEY (id);


--
-- TOC entry 3022 (class 2606 OID 51857)
-- Name: User User_pkey; Type: CONSTRAINT; Schema: public; Owner: pendo
--

ALTER TABLE ONLY public."User"
    ADD CONSTRAINT "User_pkey" PRIMARY KEY (id);


--
-- TOC entry 3011 (class 2606 OID 51314)
-- Name: _prisma_migrations _prisma_migrations_pkey; Type: CONSTRAINT; Schema: public; Owner: pendo
--

ALTER TABLE ONLY public._prisma_migrations
    ADD CONSTRAINT _prisma_migrations_pkey PRIMARY KEY (id);


--
-- TOC entry 3014 (class 1259 OID 51389)
-- Name: Section_adminId_key; Type: INDEX; Schema: public; Owner: pendo
--

CREATE UNIQUE INDEX "Section_adminId_key" ON public."Section" USING btree ("adminId");


--
-- TOC entry 3019 (class 1259 OID 51858)
-- Name: User_email_key; Type: INDEX; Schema: public; Owner: pendo
--

CREATE UNIQUE INDEX "User_email_key" ON public."User" USING btree (email);


--
-- TOC entry 3020 (class 1259 OID 51859)
-- Name: User_phone_key; Type: INDEX; Schema: public; Owner: pendo
--

CREATE UNIQUE INDEX "User_phone_key" ON public."User" USING btree (phone);


--
-- TOC entry 3030 (class 2606 OID 52401)
-- Name: Refugee Refugee_tentId_fkey; Type: FK CONSTRAINT; Schema: public; Owner: pendo
--

ALTER TABLE ONLY public."Refugee"
    ADD CONSTRAINT "Refugee_tentId_fkey" FOREIGN KEY ("tentId") REFERENCES public."Tent"(id) ON UPDATE CASCADE ON DELETE SET NULL;


--
-- TOC entry 3026 (class 2606 OID 51860)
-- Name: Section Section_adminId_fkey; Type: FK CONSTRAINT; Schema: public; Owner: pendo
--

ALTER TABLE ONLY public."Section"
    ADD CONSTRAINT "Section_adminId_fkey" FOREIGN KEY ("adminId") REFERENCES public."User"(id) ON UPDATE CASCADE ON DELETE RESTRICT;


--
-- TOC entry 3025 (class 2606 OID 51397)
-- Name: Tent Tent_sectionId_fkey; Type: FK CONSTRAINT; Schema: public; Owner: pendo
--

ALTER TABLE ONLY public."Tent"
    ADD CONSTRAINT "Tent_sectionId_fkey" FOREIGN KEY ("sectionId") REFERENCES public."Section"(id) ON UPDATE CASCADE ON DELETE SET NULL;


--
-- TOC entry 3028 (class 2606 OID 51865)
-- Name: Transaction Transaction_adminId_fkey; Type: FK CONSTRAINT; Schema: public; Owner: pendo
--

ALTER TABLE ONLY public."Transaction"
    ADD CONSTRAINT "Transaction_adminId_fkey" FOREIGN KEY ("adminId") REFERENCES public."User"(id) ON UPDATE CASCADE ON DELETE SET NULL;


--
-- TOC entry 3029 (class 2606 OID 52406)
-- Name: Transaction Transaction_refugeeId_fkey; Type: FK CONSTRAINT; Schema: public; Owner: pendo
--

ALTER TABLE ONLY public."Transaction"
    ADD CONSTRAINT "Transaction_refugeeId_fkey" FOREIGN KEY ("refugeeId") REFERENCES public."Refugee"(id) ON UPDATE CASCADE ON DELETE SET NULL;


--
-- TOC entry 3027 (class 2606 OID 51417)
-- Name: Transaction Transaction_sectionId_fkey; Type: FK CONSTRAINT; Schema: public; Owner: pendo
--

ALTER TABLE ONLY public."Transaction"
    ADD CONSTRAINT "Transaction_sectionId_fkey" FOREIGN KEY ("sectionId") REFERENCES public."Section"(id) ON UPDATE CASCADE ON DELETE SET NULL;


--
-- TOC entry 3161 (class 6104 OID 54106)
-- Name: hgjiy; Type: PUBLICATION; Schema: -; Owner: postgres
--

CREATE PUBLICATION hgjiy WITH (publish = 'insert, update, delete, truncate', publish_via_partition_root = true);


ALTER PUBLICATION hgjiy OWNER TO postgres;

-- Completed on 2022-02-10 13:03:23 EAT

--
-- PostgreSQL database dump complete
--

