--
-- PostgreSQL database dump
--

-- Dumped from database version 13.5 (Ubuntu 13.5-1.pgdg18.04+1)
-- Dumped by pg_dump version 14.1 (Ubuntu 14.1-1.pgdg18.04+1)

-- Started on 2022-01-22 23:13:39 EAT

SET statement_timeout = 0;
SET lock_timeout = 0;
SET idle_in_transaction_session_timeout = 0;
SET client_encoding = 'UTF8';
SET standard_conforming_strings = on;
SELECT pg_catalog.set_config('search_path', '', false);
SET check_function_bodies = false;
SET xmloption = content;
SET client_min_messages = warning;
SET row_security = off;

--
-- TOC entry 640 (class 1247 OID 51324)
-- Name: Role; Type: TYPE; Schema: public; Owner: pendo
--

CREATE TYPE public."Role" AS ENUM (
    'CAMP_ADMIN',
    'SECTION_ADMIN'
);


ALTER TYPE public."Role" OWNER TO pendo;

--
-- TOC entry 637 (class 1247 OID 51318)
-- Name: Sex; Type: TYPE; Schema: public; Owner: pendo
--

CREATE TYPE public."Sex" AS ENUM (
    'MALE',
    'FEMALE'
);


ALTER TYPE public."Sex" OWNER TO pendo;

--
-- TOC entry 643 (class 1247 OID 51330)
-- Name: TransactionType; Type: TYPE; Schema: public; Owner: pendo
--

CREATE TYPE public."TransactionType" AS ENUM (
    'ADMIN_TO_SECTION',
    'ADMIN_TO_INDIVIDUAL'
);


ALTER TYPE public."TransactionType" OWNER TO pendo;

SET default_tablespace = '';

SET default_table_access_method = heap;

--
-- TOC entry 210 (class 1259 OID 52392)
-- Name: Refugee; Type: TABLE; Schema: public; Owner: pendo
--

CREATE TABLE public."Refugee" (
    id integer NOT NULL,
    email text,
    phone text,
    "firstName" text NOT NULL,
    "lastName" text NOT NULL,
    photo text NOT NULL,
    sex public."Sex" NOT NULL,
    "dateOfBirh" timestamp(3) without time zone NOT NULL,
    "tentId" integer
);


ALTER TABLE public."Refugee" OWNER TO pendo;

--
-- TOC entry 209 (class 1259 OID 52390)
-- Name: Refugee_id_seq; Type: SEQUENCE; Schema: public; Owner: pendo
--

CREATE SEQUENCE public."Refugee_id_seq"
    AS integer
    START WITH 1
    INCREMENT BY 1
    NO MINVALUE
    NO MAXVALUE
    CACHE 1;


ALTER TABLE public."Refugee_id_seq" OWNER TO pendo;

--
-- TOC entry 3173 (class 0 OID 0)
-- Dependencies: 209
-- Name: Refugee_id_seq; Type: SEQUENCE OWNED BY; Schema: public; Owner: pendo
--

ALTER SEQUENCE public."Refugee_id_seq" OWNED BY public."Refugee".id;


--
-- TOC entry 204 (class 1259 OID 51359)
-- Name: Section; Type: TABLE; Schema: public; Owner: pendo
--

CREATE TABLE public."Section" (
    id integer NOT NULL,
    code text NOT NULL,
    "adminId" integer NOT NULL
);


ALTER TABLE public."Section" OWNER TO pendo;

--
-- TOC entry 203 (class 1259 OID 51357)
-- Name: Section_id_seq; Type: SEQUENCE; Schema: public; Owner: pendo
--

CREATE SEQUENCE public."Section_id_seq"
    AS integer
    START WITH 1
    INCREMENT BY 1
    NO MINVALUE
    NO MAXVALUE
    CACHE 1;


ALTER TABLE public."Section_id_seq" OWNER TO pendo;

--
-- TOC entry 3174 (class 0 OID 0)
-- Dependencies: 203
-- Name: Section_id_seq; Type: SEQUENCE OWNED BY; Schema: public; Owner: pendo
--

ALTER SEQUENCE public."Section_id_seq" OWNED BY public."Section".id;


--
-- TOC entry 202 (class 1259 OID 51348)
-- Name: Tent; Type: TABLE; Schema: public; Owner: pendo
--

CREATE TABLE public."Tent" (
    id integer NOT NULL,
    code text NOT NULL,
    "sectionId" integer
);


ALTER TABLE public."Tent" OWNER TO pendo;

--
-- TOC entry 201 (class 1259 OID 51346)
-- Name: Tent_id_seq; Type: SEQUENCE; Schema: public; Owner: pendo
--

CREATE SEQUENCE public."Tent_id_seq"
    AS integer
    START WITH 1
    INCREMENT BY 1
    NO MINVALUE
    NO MAXVALUE
    CACHE 1;


ALTER TABLE public."Tent_id_seq" OWNER TO pendo;

--
-- TOC entry 3175 (class 0 OID 0)
-- Dependencies: 201
-- Name: Tent_id_seq; Type: SEQUENCE OWNED BY; Schema: public; Owner: pendo
--

ALTER SEQUENCE public."Tent_id_seq" OWNED BY public."Tent".id;


--
-- TOC entry 206 (class 1259 OID 51382)
-- Name: Transaction; Type: TABLE; Schema: public; Owner: pendo
--

CREATE TABLE public."Transaction" (
    id integer NOT NULL,
    amount integer NOT NULL,
    "transactionType" public."TransactionType" NOT NULL,
    "createdAt" timestamp(3) without time zone DEFAULT CURRENT_TIMESTAMP NOT NULL,
    "adminId" integer,
    "sectionId" integer,
    "refugeeId" integer
);


ALTER TABLE public."Transaction" OWNER TO pendo;

--
-- TOC entry 205 (class 1259 OID 51380)
-- Name: Transaction_id_seq; Type: SEQUENCE; Schema: public; Owner: pendo
--

CREATE SEQUENCE public."Transaction_id_seq"
    AS integer
    START WITH 1
    INCREMENT BY 1
    NO MINVALUE
    NO MAXVALUE
    CACHE 1;


ALTER TABLE public."Transaction_id_seq" OWNER TO pendo;

--
-- TOC entry 3176 (class 0 OID 0)
-- Dependencies: 205
-- Name: Transaction_id_seq; Type: SEQUENCE OWNED BY; Schema: public; Owner: pendo
--

ALTER SEQUENCE public."Transaction_id_seq" OWNED BY public."Transaction".id;


--
-- TOC entry 208 (class 1259 OID 51848)
-- Name: User; Type: TABLE; Schema: public; Owner: pendo
--

CREATE TABLE public."User" (
    id integer NOT NULL,
    email text NOT NULL,
    phone text NOT NULL,
    "firstName" text NOT NULL,
    "lastName" text NOT NULL,
    photo text NOT NULL,
    role public."Role" DEFAULT 'SECTION_ADMIN'::public."Role" NOT NULL,
    "hashedPassword" text NOT NULL,
    salt text NOT NULL,
    "resetToken" text,
    "resetTokenExpiresAt" timestamp(3) without time zone
);


ALTER TABLE public."User" OWNER TO pendo;

--
-- TOC entry 207 (class 1259 OID 51846)
-- Name: User_id_seq; Type: SEQUENCE; Schema: public; Owner: pendo
--

CREATE SEQUENCE public."User_id_seq"
    AS integer
    START WITH 1
    INCREMENT BY 1
    NO MINVALUE
    NO MAXVALUE
    CACHE 1;


ALTER TABLE public."User_id_seq" OWNER TO pendo;

--
-- TOC entry 3177 (class 0 OID 0)
-- Dependencies: 207
-- Name: User_id_seq; Type: SEQUENCE OWNED BY; Schema: public; Owner: pendo
--

ALTER SEQUENCE public."User_id_seq" OWNED BY public."User".id;


--
-- TOC entry 200 (class 1259 OID 51305)
-- Name: _prisma_migrations; Type: TABLE; Schema: public; Owner: pendo
--

CREATE TABLE public._prisma_migrations (
    id character varying(36) NOT NULL,
    checksum character varying(64) NOT NULL,
    finished_at timestamp with time zone,
    migration_name character varying(255) NOT NULL,
    logs text,
    rolled_back_at timestamp with time zone,
    started_at timestamp with time zone DEFAULT now() NOT NULL,
    applied_steps_count integer DEFAULT 0 NOT NULL
);


ALTER TABLE public._prisma_migrations OWNER TO pendo;

--
-- TOC entry 3005 (class 2604 OID 52395)
-- Name: Refugee id; Type: DEFAULT; Schema: public; Owner: pendo
--

ALTER TABLE ONLY public."Refugee" ALTER COLUMN id SET DEFAULT nextval('public."Refugee_id_seq"'::regclass);


--
-- TOC entry 3000 (class 2604 OID 51362)
-- Name: Section id; Type: DEFAULT; Schema: public; Owner: pendo
--

ALTER TABLE ONLY public."Section" ALTER COLUMN id SET DEFAULT nextval('public."Section_id_seq"'::regclass);


--
-- TOC entry 2999 (class 2604 OID 51351)
-- Name: Tent id; Type: DEFAULT; Schema: public; Owner: pendo
--

ALTER TABLE ONLY public."Tent" ALTER COLUMN id SET DEFAULT nextval('public."Tent_id_seq"'::regclass);


--
-- TOC entry 3001 (class 2604 OID 51385)
-- Name: Transaction id; Type: DEFAULT; Schema: public; Owner: pendo
--

ALTER TABLE ONLY public."Transaction" ALTER COLUMN id SET DEFAULT nextval('public."Transaction_id_seq"'::regclass);


--
-- TOC entry 3003 (class 2604 OID 51851)
-- Name: User id; Type: DEFAULT; Schema: public; Owner: pendo
--

ALTER TABLE ONLY public."User" ALTER COLUMN id SET DEFAULT nextval('public."User_id_seq"'::regclass);


--
-- TOC entry 3167 (class 0 OID 52392)
-- Dependencies: 210
-- Data for Name: Refugee; Type: TABLE DATA; Schema: public; Owner: pendo
--

COPY public."Refugee" (id, email, phone, "firstName", "lastName", photo, sex, "dateOfBirh", "tentId") FROM stdin;
1	Issac.Lesch@gmail.com	260-252-5866 x9687	Rowan	Romaguera	https://cloudflare-ipfs.com/ipfs/Qmd3W5DuhgHirLHGVixi6V76LhCkZUz6pnFt5AJBiyvHye/avatar/538.jpg	FEMALE	2021-08-18 01:18:52.02	13
2	Reta.DuBuque@hotmail.com	303-998-0746	Morton	Kuphal	https://cloudflare-ipfs.com/ipfs/Qmd3W5DuhgHirLHGVixi6V76LhCkZUz6pnFt5AJBiyvHye/avatar/19.jpg	FEMALE	2021-08-22 23:06:40.537	15
3	Aisha_Stehr@hotmail.com	(254) 994-3279	Lukas	Kub	https://cloudflare-ipfs.com/ipfs/Qmd3W5DuhgHirLHGVixi6V76LhCkZUz6pnFt5AJBiyvHye/avatar/95.jpg	FEMALE	2021-12-22 03:56:33.1	54
4	Alexzander78@yahoo.com	835-438-2035 x38860	Estella	Gorczany	https://cloudflare-ipfs.com/ipfs/Qmd3W5DuhgHirLHGVixi6V76LhCkZUz6pnFt5AJBiyvHye/avatar/405.jpg	FEMALE	2021-07-18 09:17:47.83	80
5	Jasen_Hilll@hotmail.com	(836) 525-2488	Keyshawn	Ward	https://cloudflare-ipfs.com/ipfs/Qmd3W5DuhgHirLHGVixi6V76LhCkZUz6pnFt5AJBiyvHye/avatar/1015.jpg	FEMALE	2021-10-25 22:35:42.027	83
6	Griffin_Raynor@gmail.com	(541) 336-6572	Jamal	Ankunding	https://cloudflare-ipfs.com/ipfs/Qmd3W5DuhgHirLHGVixi6V76LhCkZUz6pnFt5AJBiyvHye/avatar/455.jpg	FEMALE	2021-03-27 15:47:34.241	92
7	Libbie_Emmerich@yahoo.com	443.626.8085	Lyda	Watsica	https://cloudflare-ipfs.com/ipfs/Qmd3W5DuhgHirLHGVixi6V76LhCkZUz6pnFt5AJBiyvHye/avatar/257.jpg	MALE	2021-08-22 20:33:36.38	43
8	Eulalia_Welch@hotmail.com	302-758-6751 x538	Eleonore	Mohr	https://cloudflare-ipfs.com/ipfs/Qmd3W5DuhgHirLHGVixi6V76LhCkZUz6pnFt5AJBiyvHye/avatar/1077.jpg	FEMALE	2021-09-16 06:11:38.673	10
9	Lester.Russel1@yahoo.com	(977) 625-4016 x109	Elmore	Ward	https://cloudflare-ipfs.com/ipfs/Qmd3W5DuhgHirLHGVixi6V76LhCkZUz6pnFt5AJBiyvHye/avatar/1090.jpg	MALE	2021-11-03 11:57:41.66	31
10	Lonzo79@yahoo.com	575-449-9880 x062	Roscoe	Kuhic	https://cloudflare-ipfs.com/ipfs/Qmd3W5DuhgHirLHGVixi6V76LhCkZUz6pnFt5AJBiyvHye/avatar/105.jpg	MALE	2021-04-14 05:56:41.152	29
11	Mollie78@yahoo.com	226-742-9117 x3461	Adan	Lubowitz	https://cloudflare-ipfs.com/ipfs/Qmd3W5DuhgHirLHGVixi6V76LhCkZUz6pnFt5AJBiyvHye/avatar/158.jpg	FEMALE	2021-03-15 13:56:56.495	61
12	Lemuel_Ferry@hotmail.com	(625) 237-0492 x1295	Jake	Bosco	https://cloudflare-ipfs.com/ipfs/Qmd3W5DuhgHirLHGVixi6V76LhCkZUz6pnFt5AJBiyvHye/avatar/1083.jpg	FEMALE	2021-07-23 22:37:28.237	94
13	Shanna_Mitchell73@gmail.com	689.492.7406	Beth	Raynor	https://cloudflare-ipfs.com/ipfs/Qmd3W5DuhgHirLHGVixi6V76LhCkZUz6pnFt5AJBiyvHye/avatar/338.jpg	FEMALE	2021-03-14 23:45:33.526	86
14	Neoma81@hotmail.com	(915) 691-4451	Anabelle	Rohan	https://cloudflare-ipfs.com/ipfs/Qmd3W5DuhgHirLHGVixi6V76LhCkZUz6pnFt5AJBiyvHye/avatar/632.jpg	MALE	2021-02-14 16:48:56.825	47
15	Danial.Kulas@gmail.com	321-448-7056	Earline	Batz	https://cloudflare-ipfs.com/ipfs/Qmd3W5DuhgHirLHGVixi6V76LhCkZUz6pnFt5AJBiyvHye/avatar/947.jpg	FEMALE	2021-12-27 17:18:47.133	9
16	Jovani53@hotmail.com	(539) 515-0414	Berenice	Casper	https://cloudflare-ipfs.com/ipfs/Qmd3W5DuhgHirLHGVixi6V76LhCkZUz6pnFt5AJBiyvHye/avatar/355.jpg	MALE	2021-04-01 13:38:34.225	33
17	Chris.Sipes@hotmail.com	376.383.2690 x31501	Hubert	Mohr	https://cloudflare-ipfs.com/ipfs/Qmd3W5DuhgHirLHGVixi6V76LhCkZUz6pnFt5AJBiyvHye/avatar/143.jpg	FEMALE	2021-11-13 05:04:15.853	97
18	Barbara.Kohler3@hotmail.com	503-456-0495 x25024	Tavares	Tremblay	https://cloudflare-ipfs.com/ipfs/Qmd3W5DuhgHirLHGVixi6V76LhCkZUz6pnFt5AJBiyvHye/avatar/1060.jpg	FEMALE	2021-11-26 03:17:19.684	82
19	Roselyn_Flatley@yahoo.com	1-333-606-3947	Macie	Rodriguez	https://cloudflare-ipfs.com/ipfs/Qmd3W5DuhgHirLHGVixi6V76LhCkZUz6pnFt5AJBiyvHye/avatar/982.jpg	FEMALE	2021-02-11 16:41:29.693	75
20	Manuel_Howell73@yahoo.com	1-830-526-0874 x96088	Amelia	Hessel	https://cloudflare-ipfs.com/ipfs/Qmd3W5DuhgHirLHGVixi6V76LhCkZUz6pnFt5AJBiyvHye/avatar/470.jpg	MALE	2021-02-14 19:38:42.319	78
21	Myron46@yahoo.com	(994) 636-5670	Izabella	Klocko	https://cloudflare-ipfs.com/ipfs/Qmd3W5DuhgHirLHGVixi6V76LhCkZUz6pnFt5AJBiyvHye/avatar/420.jpg	MALE	2021-08-02 15:14:26.507	5
22	Zander_Howell@yahoo.com	1-451-551-9598	Birdie	Beatty	https://cloudflare-ipfs.com/ipfs/Qmd3W5DuhgHirLHGVixi6V76LhCkZUz6pnFt5AJBiyvHye/avatar/710.jpg	MALE	2021-09-28 16:08:22.712	67
23	Ayla55@hotmail.com	1-960-282-0455	Damion	Rowe	https://cloudflare-ipfs.com/ipfs/Qmd3W5DuhgHirLHGVixi6V76LhCkZUz6pnFt5AJBiyvHye/avatar/1081.jpg	FEMALE	2021-03-14 16:38:32.279	29
24	Laura_Wuckert@yahoo.com	311-359-9335 x74196	Emmie	Leuschke	https://cloudflare-ipfs.com/ipfs/Qmd3W5DuhgHirLHGVixi6V76LhCkZUz6pnFt5AJBiyvHye/avatar/205.jpg	MALE	2021-08-21 00:02:29.717	36
25	Coy56@yahoo.com	(724) 277-0693	Domenic	Hagenes	https://cloudflare-ipfs.com/ipfs/Qmd3W5DuhgHirLHGVixi6V76LhCkZUz6pnFt5AJBiyvHye/avatar/750.jpg	FEMALE	2021-07-18 06:06:19.453	93
26	Richie_Bashirian82@yahoo.com	1-394-796-1593 x22932	Troy	Sipes	https://cloudflare-ipfs.com/ipfs/Qmd3W5DuhgHirLHGVixi6V76LhCkZUz6pnFt5AJBiyvHye/avatar/1027.jpg	FEMALE	2021-07-14 18:38:46.176	81
27	Cleve_Ryan@gmail.com	994-202-1151 x411	Neal	Swift	https://cloudflare-ipfs.com/ipfs/Qmd3W5DuhgHirLHGVixi6V76LhCkZUz6pnFt5AJBiyvHye/avatar/782.jpg	MALE	2021-09-02 07:26:23.913	62
28	Jody_Bednar@gmail.com	397-976-8426 x882	Lulu	Gutkowski	https://cloudflare-ipfs.com/ipfs/Qmd3W5DuhgHirLHGVixi6V76LhCkZUz6pnFt5AJBiyvHye/avatar/1080.jpg	MALE	2021-05-21 03:08:47.704	95
29	Rozella.Jenkins24@hotmail.com	232.788.8766	Clotilde	Mayer	https://cloudflare-ipfs.com/ipfs/Qmd3W5DuhgHirLHGVixi6V76LhCkZUz6pnFt5AJBiyvHye/avatar/1193.jpg	MALE	2021-10-01 22:03:52.509	25
30	Angel_Jacobi@hotmail.com	801.281.1977 x529	Devonte	Dickens	https://cloudflare-ipfs.com/ipfs/Qmd3W5DuhgHirLHGVixi6V76LhCkZUz6pnFt5AJBiyvHye/avatar/1115.jpg	FEMALE	2021-12-10 04:30:47.392	5
31	Desmond9@yahoo.com	1-720-733-0861	Aubrey	Kunze	https://cloudflare-ipfs.com/ipfs/Qmd3W5DuhgHirLHGVixi6V76LhCkZUz6pnFt5AJBiyvHye/avatar/1211.jpg	FEMALE	2021-08-12 01:35:52.272	84
32	Erling.Carroll@yahoo.com	498-660-3921 x11114	Ardith	Jakubowski	https://cloudflare-ipfs.com/ipfs/Qmd3W5DuhgHirLHGVixi6V76LhCkZUz6pnFt5AJBiyvHye/avatar/1067.jpg	FEMALE	2022-01-05 12:59:11.488	65
33	Norwood.Kreiger@yahoo.com	881-417-2557 x854	Vivian	Leuschke	https://cloudflare-ipfs.com/ipfs/Qmd3W5DuhgHirLHGVixi6V76LhCkZUz6pnFt5AJBiyvHye/avatar/387.jpg	FEMALE	2021-09-03 21:12:31.63	93
34	Brice.DuBuque@yahoo.com	984-772-0562	Peyton	Bode	https://cloudflare-ipfs.com/ipfs/Qmd3W5DuhgHirLHGVixi6V76LhCkZUz6pnFt5AJBiyvHye/avatar/482.jpg	MALE	2021-10-04 08:23:40.879	53
35	Deondre_Hegmann@hotmail.com	318-637-6097	Ellen	Mohr	https://cloudflare-ipfs.com/ipfs/Qmd3W5DuhgHirLHGVixi6V76LhCkZUz6pnFt5AJBiyvHye/avatar/586.jpg	MALE	2021-03-29 14:34:20.268	90
36	Golden.Olson@gmail.com	1-920-652-3752	Johnson	Bernier	https://cloudflare-ipfs.com/ipfs/Qmd3W5DuhgHirLHGVixi6V76LhCkZUz6pnFt5AJBiyvHye/avatar/437.jpg	FEMALE	2021-12-01 06:43:18.287	34
37	Margarita99@hotmail.com	335-370-4895 x046	Keyshawn	Bradtke	https://cloudflare-ipfs.com/ipfs/Qmd3W5DuhgHirLHGVixi6V76LhCkZUz6pnFt5AJBiyvHye/avatar/629.jpg	MALE	2021-02-08 11:20:22.751	68
38	Alexys2@gmail.com	(768) 710-8122 x1040	Emanuel	Hermann	https://cloudflare-ipfs.com/ipfs/Qmd3W5DuhgHirLHGVixi6V76LhCkZUz6pnFt5AJBiyvHye/avatar/842.jpg	MALE	2021-11-04 19:09:45.689	84
39	Dejon.Boyle@gmail.com	655.818.5615 x020	Duane	Jones	https://cloudflare-ipfs.com/ipfs/Qmd3W5DuhgHirLHGVixi6V76LhCkZUz6pnFt5AJBiyvHye/avatar/400.jpg	FEMALE	2021-06-06 12:14:27.49	10
40	Jamal.Moore@gmail.com	207-895-1269 x7890	Claude	Bauch	https://cloudflare-ipfs.com/ipfs/Qmd3W5DuhgHirLHGVixi6V76LhCkZUz6pnFt5AJBiyvHye/avatar/181.jpg	MALE	2021-12-07 03:49:36.682	90
41	Jennie_Leannon@hotmail.com	(694) 921-0795 x833	Alfreda	Hand	https://cloudflare-ipfs.com/ipfs/Qmd3W5DuhgHirLHGVixi6V76LhCkZUz6pnFt5AJBiyvHye/avatar/820.jpg	MALE	2021-08-31 19:42:22.906	42
42	Lyda.Yundt59@hotmail.com	770.836.2206 x5621	Juana	Block	https://cloudflare-ipfs.com/ipfs/Qmd3W5DuhgHirLHGVixi6V76LhCkZUz6pnFt5AJBiyvHye/avatar/104.jpg	FEMALE	2021-10-30 11:06:38.431	89
43	Thad.Cormier17@gmail.com	348.541.1318 x820	Audreanne	Kertzmann	https://cloudflare-ipfs.com/ipfs/Qmd3W5DuhgHirLHGVixi6V76LhCkZUz6pnFt5AJBiyvHye/avatar/538.jpg	MALE	2021-12-21 05:10:57.424	1
44	Benedict6@gmail.com	580-613-6841	Adeline	VonRueden	https://cloudflare-ipfs.com/ipfs/Qmd3W5DuhgHirLHGVixi6V76LhCkZUz6pnFt5AJBiyvHye/avatar/1165.jpg	FEMALE	2021-12-05 17:23:52.228	98
45	Camden.Russel@gmail.com	1-607-643-1488	Johnpaul	Ritchie	https://cloudflare-ipfs.com/ipfs/Qmd3W5DuhgHirLHGVixi6V76LhCkZUz6pnFt5AJBiyvHye/avatar/392.jpg	FEMALE	2021-04-20 18:26:54.237	24
46	Patience_Walsh95@hotmail.com	1-331-339-7638	Vance	Beier	https://cloudflare-ipfs.com/ipfs/Qmd3W5DuhgHirLHGVixi6V76LhCkZUz6pnFt5AJBiyvHye/avatar/532.jpg	MALE	2021-10-27 14:40:22.228	34
47	Naomi_Vandervort@yahoo.com	757-280-2474	Lisette	Morar	https://cloudflare-ipfs.com/ipfs/Qmd3W5DuhgHirLHGVixi6V76LhCkZUz6pnFt5AJBiyvHye/avatar/583.jpg	MALE	2021-10-26 22:00:38.3	93
48	Destinee_Senger70@gmail.com	561-852-2952	Amparo	Hessel	https://cloudflare-ipfs.com/ipfs/Qmd3W5DuhgHirLHGVixi6V76LhCkZUz6pnFt5AJBiyvHye/avatar/590.jpg	FEMALE	2021-08-08 20:25:47.652	11
49	Maudie.Gulgowski76@yahoo.com	233-214-6984	Fermin	Dooley	https://cloudflare-ipfs.com/ipfs/Qmd3W5DuhgHirLHGVixi6V76LhCkZUz6pnFt5AJBiyvHye/avatar/504.jpg	FEMALE	2021-07-24 06:04:14.326	93
50	Kody.Kassulke92@hotmail.com	263.647.1304	Golda	Russel	https://cloudflare-ipfs.com/ipfs/Qmd3W5DuhgHirLHGVixi6V76LhCkZUz6pnFt5AJBiyvHye/avatar/1053.jpg	FEMALE	2021-10-09 23:58:42.882	31
51	Dorris_Carroll94@hotmail.com	238-586-4822 x862	Anais	Roob	https://cloudflare-ipfs.com/ipfs/Qmd3W5DuhgHirLHGVixi6V76LhCkZUz6pnFt5AJBiyvHye/avatar/414.jpg	FEMALE	2021-07-27 20:03:54.267	91
52	Maggie93@yahoo.com	(820) 971-2910 x18804	Una	Stanton	https://cloudflare-ipfs.com/ipfs/Qmd3W5DuhgHirLHGVixi6V76LhCkZUz6pnFt5AJBiyvHye/avatar/996.jpg	MALE	2021-12-05 19:59:07.861	28
53	Richmond83@hotmail.com	1-627-417-4425 x35226	Magnolia	Bruen	https://cloudflare-ipfs.com/ipfs/Qmd3W5DuhgHirLHGVixi6V76LhCkZUz6pnFt5AJBiyvHye/avatar/757.jpg	FEMALE	2021-11-10 21:44:56.911	54
54	Dwight.Padberg@gmail.com	(380) 608-9835 x89785	Chad	Terry	https://cloudflare-ipfs.com/ipfs/Qmd3W5DuhgHirLHGVixi6V76LhCkZUz6pnFt5AJBiyvHye/avatar/295.jpg	MALE	2021-09-07 12:26:14.134	59
55	Kristoffer36@yahoo.com	859.269.6432 x268	Minnie	Cronin	https://cloudflare-ipfs.com/ipfs/Qmd3W5DuhgHirLHGVixi6V76LhCkZUz6pnFt5AJBiyvHye/avatar/520.jpg	FEMALE	2021-08-01 20:28:25.601	21
56	Donnell.Batz@yahoo.com	1-591-264-4339	Freeda	Carter	https://cloudflare-ipfs.com/ipfs/Qmd3W5DuhgHirLHGVixi6V76LhCkZUz6pnFt5AJBiyvHye/avatar/466.jpg	FEMALE	2021-10-14 05:37:48.895	14
57	Keaton.Walsh81@yahoo.com	1-863-443-7583 x05093	Christine	Wyman	https://cloudflare-ipfs.com/ipfs/Qmd3W5DuhgHirLHGVixi6V76LhCkZUz6pnFt5AJBiyvHye/avatar/194.jpg	MALE	2021-07-03 22:44:55.91	90
58	Cordell83@hotmail.com	411.327.9144 x2176	Maximillia	Nienow	https://cloudflare-ipfs.com/ipfs/Qmd3W5DuhgHirLHGVixi6V76LhCkZUz6pnFt5AJBiyvHye/avatar/705.jpg	MALE	2021-11-18 02:39:16.847	71
59	Ara.Krajcik@hotmail.com	1-538-465-4304	Luna	Swift	https://cloudflare-ipfs.com/ipfs/Qmd3W5DuhgHirLHGVixi6V76LhCkZUz6pnFt5AJBiyvHye/avatar/832.jpg	MALE	2021-12-28 05:03:23.532	44
60	Adah.Nitzsche45@gmail.com	872-584-6141 x946	Elisa	Doyle	https://cloudflare-ipfs.com/ipfs/Qmd3W5DuhgHirLHGVixi6V76LhCkZUz6pnFt5AJBiyvHye/avatar/607.jpg	FEMALE	2021-11-08 01:21:13.252	14
61	Berniece57@hotmail.com	234-709-5525	Lynn	Kohler	https://cloudflare-ipfs.com/ipfs/Qmd3W5DuhgHirLHGVixi6V76LhCkZUz6pnFt5AJBiyvHye/avatar/138.jpg	MALE	2021-04-14 23:25:28.084	50
62	Nia91@yahoo.com	598.619.5605 x7991	Agustin	Jacobson	https://cloudflare-ipfs.com/ipfs/Qmd3W5DuhgHirLHGVixi6V76LhCkZUz6pnFt5AJBiyvHye/avatar/1099.jpg	MALE	2021-11-18 15:52:31.184	25
63	Francis32@hotmail.com	867-884-5458 x10744	Sidney	Mohr	https://cloudflare-ipfs.com/ipfs/Qmd3W5DuhgHirLHGVixi6V76LhCkZUz6pnFt5AJBiyvHye/avatar/1130.jpg	MALE	2022-01-07 08:29:56.983	68
64	Armand.Bernhard66@hotmail.com	1-873-239-5691 x1791	Hollis	Schowalter	https://cloudflare-ipfs.com/ipfs/Qmd3W5DuhgHirLHGVixi6V76LhCkZUz6pnFt5AJBiyvHye/avatar/858.jpg	MALE	2021-11-29 15:51:31.228	86
65	Darrel45@yahoo.com	(526) 625-9177 x267	Phoebe	Johnson	https://cloudflare-ipfs.com/ipfs/Qmd3W5DuhgHirLHGVixi6V76LhCkZUz6pnFt5AJBiyvHye/avatar/773.jpg	MALE	2021-02-10 03:44:17.49	88
66	Colt5@yahoo.com	1-665-450-9729 x72782	Bertram	Veum	https://cloudflare-ipfs.com/ipfs/Qmd3W5DuhgHirLHGVixi6V76LhCkZUz6pnFt5AJBiyvHye/avatar/60.jpg	FEMALE	2021-02-03 01:07:20.209	59
67	Ella.Jones7@gmail.com	1-203-859-5202	Tommie	Hodkiewicz	https://cloudflare-ipfs.com/ipfs/Qmd3W5DuhgHirLHGVixi6V76LhCkZUz6pnFt5AJBiyvHye/avatar/379.jpg	FEMALE	2021-12-01 08:44:12.377	64
68	Raphaelle.Kunde@hotmail.com	642.648.9330 x159	Jennifer	Zieme	https://cloudflare-ipfs.com/ipfs/Qmd3W5DuhgHirLHGVixi6V76LhCkZUz6pnFt5AJBiyvHye/avatar/830.jpg	MALE	2021-05-01 08:13:22.133	81
69	Vergie.Donnelly@hotmail.com	(728) 767-8220	Charlotte	Boyle	https://cloudflare-ipfs.com/ipfs/Qmd3W5DuhgHirLHGVixi6V76LhCkZUz6pnFt5AJBiyvHye/avatar/169.jpg	MALE	2021-12-14 07:18:38.823	28
70	Vinnie_Dibbert5@gmail.com	(587) 629-6169 x13481	Blanca	Gerhold	https://cloudflare-ipfs.com/ipfs/Qmd3W5DuhgHirLHGVixi6V76LhCkZUz6pnFt5AJBiyvHye/avatar/1238.jpg	FEMALE	2021-02-07 16:46:59.346	75
71	Trey26@hotmail.com	519-907-2072 x35408	Edmund	Corkery	https://cloudflare-ipfs.com/ipfs/Qmd3W5DuhgHirLHGVixi6V76LhCkZUz6pnFt5AJBiyvHye/avatar/866.jpg	FEMALE	2021-11-19 14:25:12.699	58
72	Carley.Lind15@gmail.com	1-410-780-2859 x75996	Margie	Jacobson	https://cloudflare-ipfs.com/ipfs/Qmd3W5DuhgHirLHGVixi6V76LhCkZUz6pnFt5AJBiyvHye/avatar/88.jpg	FEMALE	2022-01-18 04:55:50.536	87
73	Kaela_Hermann@gmail.com	(407) 613-1862 x142	Hayden	Shanahan	https://cloudflare-ipfs.com/ipfs/Qmd3W5DuhgHirLHGVixi6V76LhCkZUz6pnFt5AJBiyvHye/avatar/886.jpg	MALE	2022-01-12 04:01:38.708	64
74	Yesenia.Nitzsche@hotmail.com	(600) 700-4178	Jerrell	Marquardt	https://cloudflare-ipfs.com/ipfs/Qmd3W5DuhgHirLHGVixi6V76LhCkZUz6pnFt5AJBiyvHye/avatar/832.jpg	MALE	2021-12-22 15:55:40.949	56
75	Isabella25@hotmail.com	1-785-618-2109	Mattie	Dickens	https://cloudflare-ipfs.com/ipfs/Qmd3W5DuhgHirLHGVixi6V76LhCkZUz6pnFt5AJBiyvHye/avatar/1151.jpg	FEMALE	2021-02-23 14:15:05.928	78
76	Noelia94@gmail.com	531-327-8152	Claudine	Vandervort	https://cloudflare-ipfs.com/ipfs/Qmd3W5DuhgHirLHGVixi6V76LhCkZUz6pnFt5AJBiyvHye/avatar/745.jpg	FEMALE	2021-03-01 06:37:22.329	37
77	Cody52@gmail.com	1-826-565-7554 x269	Jaylin	Aufderhar	https://cloudflare-ipfs.com/ipfs/Qmd3W5DuhgHirLHGVixi6V76LhCkZUz6pnFt5AJBiyvHye/avatar/1216.jpg	FEMALE	2022-01-14 04:04:11.466	94
78	Delphia.Reinger5@gmail.com	1-815-897-3407	Brenna	Johns	https://cloudflare-ipfs.com/ipfs/Qmd3W5DuhgHirLHGVixi6V76LhCkZUz6pnFt5AJBiyvHye/avatar/280.jpg	FEMALE	2021-04-15 12:46:48.504	75
79	Lavern_Johns@hotmail.com	(855) 237-4841 x9489	Kaela	Hackett	https://cloudflare-ipfs.com/ipfs/Qmd3W5DuhgHirLHGVixi6V76LhCkZUz6pnFt5AJBiyvHye/avatar/449.jpg	MALE	2021-06-09 08:15:41.72	31
80	Camilla_Dietrich10@hotmail.com	(269) 640-8472	Isac	Waelchi	https://cloudflare-ipfs.com/ipfs/Qmd3W5DuhgHirLHGVixi6V76LhCkZUz6pnFt5AJBiyvHye/avatar/555.jpg	MALE	2021-07-05 15:24:14.593	59
81	Marjolaine.Cassin0@gmail.com	445.807.3494 x7308	Eda	Kuvalis	https://cloudflare-ipfs.com/ipfs/Qmd3W5DuhgHirLHGVixi6V76LhCkZUz6pnFt5AJBiyvHye/avatar/723.jpg	MALE	2021-09-11 18:37:01.53	9
82	Caesar_McCullough14@gmail.com	259.599.5369 x1847	Edwina	Hoeger	https://cloudflare-ipfs.com/ipfs/Qmd3W5DuhgHirLHGVixi6V76LhCkZUz6pnFt5AJBiyvHye/avatar/149.jpg	MALE	2021-04-18 01:18:49.23	50
83	Diego58@yahoo.com	822-833-2494 x80977	Johathan	Kub	https://cloudflare-ipfs.com/ipfs/Qmd3W5DuhgHirLHGVixi6V76LhCkZUz6pnFt5AJBiyvHye/avatar/947.jpg	FEMALE	2021-12-20 22:18:33.633	97
84	Terry21@hotmail.com	610.593.8938 x49877	Vance	Marvin	https://cloudflare-ipfs.com/ipfs/Qmd3W5DuhgHirLHGVixi6V76LhCkZUz6pnFt5AJBiyvHye/avatar/630.jpg	FEMALE	2021-12-11 04:29:52.522	50
85	Reginald.Hand81@yahoo.com	630.456.5183 x064	Jerome	Crist	https://cloudflare-ipfs.com/ipfs/Qmd3W5DuhgHirLHGVixi6V76LhCkZUz6pnFt5AJBiyvHye/avatar/809.jpg	MALE	2021-11-30 12:16:27.709	72
86	Marquis_Goyette65@yahoo.com	526-422-2219 x71709	Adrianna	Ruecker	https://cloudflare-ipfs.com/ipfs/Qmd3W5DuhgHirLHGVixi6V76LhCkZUz6pnFt5AJBiyvHye/avatar/1124.jpg	MALE	2021-05-26 14:19:18.296	62
87	Victoria.Osinski@gmail.com	1-222-734-9937 x11790	Sandy	Bruen	https://cloudflare-ipfs.com/ipfs/Qmd3W5DuhgHirLHGVixi6V76LhCkZUz6pnFt5AJBiyvHye/avatar/206.jpg	FEMALE	2021-07-20 05:50:46.505	63
88	Max_Reinger83@yahoo.com	1-731-884-4585 x4889	Tremayne	Mayer	https://cloudflare-ipfs.com/ipfs/Qmd3W5DuhgHirLHGVixi6V76LhCkZUz6pnFt5AJBiyvHye/avatar/1055.jpg	FEMALE	2021-04-23 17:00:25.831	15
89	Vivian.Stanton26@gmail.com	1-460-520-2368 x06393	Allen	Konopelski	https://cloudflare-ipfs.com/ipfs/Qmd3W5DuhgHirLHGVixi6V76LhCkZUz6pnFt5AJBiyvHye/avatar/953.jpg	FEMALE	2021-04-01 13:51:13.387	28
90	Enrique.Wilkinson@hotmail.com	(536) 205-0437	Miguel	Welch	https://cloudflare-ipfs.com/ipfs/Qmd3W5DuhgHirLHGVixi6V76LhCkZUz6pnFt5AJBiyvHye/avatar/217.jpg	FEMALE	2021-09-08 06:08:07.543	75
91	Adolph.Leffler21@hotmail.com	(892) 381-4705 x790	Aniyah	Schinner	https://cloudflare-ipfs.com/ipfs/Qmd3W5DuhgHirLHGVixi6V76LhCkZUz6pnFt5AJBiyvHye/avatar/1008.jpg	MALE	2021-05-27 01:15:43.561	42
92	Lorna14@hotmail.com	1-480-227-8008 x1077	Elvera	Volkman	https://cloudflare-ipfs.com/ipfs/Qmd3W5DuhgHirLHGVixi6V76LhCkZUz6pnFt5AJBiyvHye/avatar/185.jpg	FEMALE	2021-03-20 02:28:58.315	87
93	Maximus.Cummerata47@yahoo.com	810.805.8893 x6322	Mavis	Veum	https://cloudflare-ipfs.com/ipfs/Qmd3W5DuhgHirLHGVixi6V76LhCkZUz6pnFt5AJBiyvHye/avatar/689.jpg	FEMALE	2021-09-01 05:17:42.788	7
94	Sage.Oberbrunner@yahoo.com	(721) 495-8072	Milo	Donnelly	https://cloudflare-ipfs.com/ipfs/Qmd3W5DuhgHirLHGVixi6V76LhCkZUz6pnFt5AJBiyvHye/avatar/178.jpg	MALE	2021-11-29 14:54:27.753	58
95	Ahmed.Lind8@gmail.com	1-646-492-7000	Kaia	Hahn	https://cloudflare-ipfs.com/ipfs/Qmd3W5DuhgHirLHGVixi6V76LhCkZUz6pnFt5AJBiyvHye/avatar/826.jpg	FEMALE	2021-12-17 18:33:33.379	35
96	Rosalia.Zieme23@yahoo.com	671.407.4682 x82875	Maia	Labadie	https://cloudflare-ipfs.com/ipfs/Qmd3W5DuhgHirLHGVixi6V76LhCkZUz6pnFt5AJBiyvHye/avatar/18.jpg	MALE	2021-02-12 18:36:19.475	6
97	Arnaldo98@hotmail.com	966-402-5704 x47974	Easton	Bernier	https://cloudflare-ipfs.com/ipfs/Qmd3W5DuhgHirLHGVixi6V76LhCkZUz6pnFt5AJBiyvHye/avatar/428.jpg	MALE	2021-08-06 16:06:46.247	57
98	Gennaro48@gmail.com	726-633-4861	Therese	Lowe	https://cloudflare-ipfs.com/ipfs/Qmd3W5DuhgHirLHGVixi6V76LhCkZUz6pnFt5AJBiyvHye/avatar/983.jpg	FEMALE	2021-06-27 11:01:42.005	24
99	Lura84@gmail.com	(774) 545-1275 x749	Tony	Gleason	https://cloudflare-ipfs.com/ipfs/Qmd3W5DuhgHirLHGVixi6V76LhCkZUz6pnFt5AJBiyvHye/avatar/977.jpg	MALE	2021-07-23 13:02:52.349	83
100	Xander_Funk0@yahoo.com	1-461-335-1181 x820	Toby	Fay	https://cloudflare-ipfs.com/ipfs/Qmd3W5DuhgHirLHGVixi6V76LhCkZUz6pnFt5AJBiyvHye/avatar/277.jpg	FEMALE	2021-11-01 04:28:07.727	59
101	Dasia.Ledner@yahoo.com	1-869-844-9487 x858	Richie	Steuber	https://cloudflare-ipfs.com/ipfs/Qmd3W5DuhgHirLHGVixi6V76LhCkZUz6pnFt5AJBiyvHye/avatar/293.jpg	MALE	2021-09-26 03:12:18.01	68
102	Conrad_Anderson10@gmail.com	1-885-778-2082	Jacquelyn	Kunze	https://cloudflare-ipfs.com/ipfs/Qmd3W5DuhgHirLHGVixi6V76LhCkZUz6pnFt5AJBiyvHye/avatar/983.jpg	FEMALE	2021-02-24 07:46:27.668	88
103	Eric85@gmail.com	664-711-2271	Shannon	Boehm	https://cloudflare-ipfs.com/ipfs/Qmd3W5DuhgHirLHGVixi6V76LhCkZUz6pnFt5AJBiyvHye/avatar/634.jpg	MALE	2022-01-15 02:14:08.559	91
104	Mateo34@hotmail.com	(679) 462-5809	Vivien	Leuschke	https://cloudflare-ipfs.com/ipfs/Qmd3W5DuhgHirLHGVixi6V76LhCkZUz6pnFt5AJBiyvHye/avatar/962.jpg	MALE	2021-07-06 02:14:37.593	70
105	Talon.Sanford97@yahoo.com	(981) 661-1671	Edison	Green	https://cloudflare-ipfs.com/ipfs/Qmd3W5DuhgHirLHGVixi6V76LhCkZUz6pnFt5AJBiyvHye/avatar/1232.jpg	FEMALE	2021-09-24 00:00:34.653	18
106	Teresa_Hyatt53@gmail.com	1-724-451-6527	Destiny	Pfannerstill	https://cloudflare-ipfs.com/ipfs/Qmd3W5DuhgHirLHGVixi6V76LhCkZUz6pnFt5AJBiyvHye/avatar/574.jpg	FEMALE	2021-03-01 22:30:55.83	48
107	Porter29@yahoo.com	(580) 570-6645 x792	Diamond	Cormier	https://cloudflare-ipfs.com/ipfs/Qmd3W5DuhgHirLHGVixi6V76LhCkZUz6pnFt5AJBiyvHye/avatar/1032.jpg	MALE	2021-04-01 16:51:19.187	73
108	Valerie.Robel@gmail.com	316-428-1733	Kameron	Torphy	https://cloudflare-ipfs.com/ipfs/Qmd3W5DuhgHirLHGVixi6V76LhCkZUz6pnFt5AJBiyvHye/avatar/454.jpg	FEMALE	2021-08-04 13:04:42.548	26
109	Kassandra_Boyer63@hotmail.com	1-882-455-1494 x743	Unique	Moen	https://cloudflare-ipfs.com/ipfs/Qmd3W5DuhgHirLHGVixi6V76LhCkZUz6pnFt5AJBiyvHye/avatar/308.jpg	FEMALE	2021-02-28 12:28:26.944	27
110	Rebekah_Bogan@yahoo.com	404-752-2032 x5634	Della	Heaney	https://cloudflare-ipfs.com/ipfs/Qmd3W5DuhgHirLHGVixi6V76LhCkZUz6pnFt5AJBiyvHye/avatar/842.jpg	MALE	2021-09-16 20:39:44.517	41
111	Jaylan.Paucek@gmail.com	(365) 875-6478	Aimee	Beer	https://cloudflare-ipfs.com/ipfs/Qmd3W5DuhgHirLHGVixi6V76LhCkZUz6pnFt5AJBiyvHye/avatar/894.jpg	MALE	2021-12-21 21:33:51.8	5
112	Freeman90@yahoo.com	584-862-1357	Deangelo	O'Conner	https://cloudflare-ipfs.com/ipfs/Qmd3W5DuhgHirLHGVixi6V76LhCkZUz6pnFt5AJBiyvHye/avatar/432.jpg	FEMALE	2021-06-05 21:44:41.142	51
113	Otilia.Stehr16@yahoo.com	836-753-4970 x1265	Glen	Goodwin	https://cloudflare-ipfs.com/ipfs/Qmd3W5DuhgHirLHGVixi6V76LhCkZUz6pnFt5AJBiyvHye/avatar/294.jpg	FEMALE	2021-03-10 20:12:49.744	89
114	Marlen_Goldner@yahoo.com	919-323-4479 x5555	Elaina	Crooks	https://cloudflare-ipfs.com/ipfs/Qmd3W5DuhgHirLHGVixi6V76LhCkZUz6pnFt5AJBiyvHye/avatar/1122.jpg	FEMALE	2021-06-28 08:36:40.317	14
115	Earnest.Murazik@hotmail.com	(624) 323-8545 x437	Brenda	Krajcik	https://cloudflare-ipfs.com/ipfs/Qmd3W5DuhgHirLHGVixi6V76LhCkZUz6pnFt5AJBiyvHye/avatar/1230.jpg	MALE	2021-08-19 01:46:58.261	15
116	Karlie.Heaney69@gmail.com	(342) 941-6892 x72715	Ocie	Ritchie	https://cloudflare-ipfs.com/ipfs/Qmd3W5DuhgHirLHGVixi6V76LhCkZUz6pnFt5AJBiyvHye/avatar/421.jpg	MALE	2021-03-17 11:50:51.113	49
117	Alaina_OConnell@hotmail.com	(629) 983-2787	Bobby	Kunde	https://cloudflare-ipfs.com/ipfs/Qmd3W5DuhgHirLHGVixi6V76LhCkZUz6pnFt5AJBiyvHye/avatar/833.jpg	MALE	2021-04-02 12:29:32.416	23
118	Melisa_Hammes29@hotmail.com	1-875-976-7920	Carmine	Reilly	https://cloudflare-ipfs.com/ipfs/Qmd3W5DuhgHirLHGVixi6V76LhCkZUz6pnFt5AJBiyvHye/avatar/520.jpg	MALE	2021-04-19 17:43:29.873	69
119	Lou32@gmail.com	1-734-325-1544 x80271	Jennifer	Schneider	https://cloudflare-ipfs.com/ipfs/Qmd3W5DuhgHirLHGVixi6V76LhCkZUz6pnFt5AJBiyvHye/avatar/604.jpg	FEMALE	2021-10-02 07:00:20.534	39
120	Salma87@yahoo.com	(992) 469-5650 x38757	Delbert	Little	https://cloudflare-ipfs.com/ipfs/Qmd3W5DuhgHirLHGVixi6V76LhCkZUz6pnFt5AJBiyvHye/avatar/855.jpg	MALE	2021-11-18 16:34:44.134	92
121	Wilbert_Jacobs19@yahoo.com	(205) 266-7237 x446	Tavares	Shields	https://cloudflare-ipfs.com/ipfs/Qmd3W5DuhgHirLHGVixi6V76LhCkZUz6pnFt5AJBiyvHye/avatar/650.jpg	MALE	2021-08-01 06:44:02.307	93
122	Murray_Bauch@gmail.com	1-463-608-0127 x151	Toney	Zboncak	https://cloudflare-ipfs.com/ipfs/Qmd3W5DuhgHirLHGVixi6V76LhCkZUz6pnFt5AJBiyvHye/avatar/518.jpg	FEMALE	2021-01-30 12:33:06.699	85
123	Dino_Connelly@gmail.com	1-269-912-1409 x998	Muhammad	Corwin	https://cloudflare-ipfs.com/ipfs/Qmd3W5DuhgHirLHGVixi6V76LhCkZUz6pnFt5AJBiyvHye/avatar/402.jpg	FEMALE	2021-03-11 13:47:41.236	4
124	Alice_Von18@hotmail.com	1-411-413-9387	Abdul	Hyatt	https://cloudflare-ipfs.com/ipfs/Qmd3W5DuhgHirLHGVixi6V76LhCkZUz6pnFt5AJBiyvHye/avatar/1061.jpg	MALE	2021-07-29 15:03:52.508	68
125	Benjamin62@gmail.com	502.759.6373	Eliane	Rempel	https://cloudflare-ipfs.com/ipfs/Qmd3W5DuhgHirLHGVixi6V76LhCkZUz6pnFt5AJBiyvHye/avatar/452.jpg	MALE	2021-09-12 08:35:11.866	55
126	Conner.Ritchie74@hotmail.com	721.385.3482	Monserrate	Schmitt	https://cloudflare-ipfs.com/ipfs/Qmd3W5DuhgHirLHGVixi6V76LhCkZUz6pnFt5AJBiyvHye/avatar/226.jpg	MALE	2021-01-30 23:45:41.251	8
127	Jerry44@yahoo.com	706.485.8839	Mireille	Kerluke	https://cloudflare-ipfs.com/ipfs/Qmd3W5DuhgHirLHGVixi6V76LhCkZUz6pnFt5AJBiyvHye/avatar/379.jpg	MALE	2021-09-13 20:50:00.178	60
128	Hester.Stanton@yahoo.com	(237) 552-6873 x53311	Willow	Lockman	https://cloudflare-ipfs.com/ipfs/Qmd3W5DuhgHirLHGVixi6V76LhCkZUz6pnFt5AJBiyvHye/avatar/943.jpg	FEMALE	2021-10-25 14:14:40.851	30
129	Rebeka_Nitzsche81@gmail.com	1-935-617-7915 x993	Bria	Ernser	https://cloudflare-ipfs.com/ipfs/Qmd3W5DuhgHirLHGVixi6V76LhCkZUz6pnFt5AJBiyvHye/avatar/74.jpg	FEMALE	2021-03-28 20:19:30.578	20
130	Donnie.Ortiz@yahoo.com	(719) 604-8522 x0328	Glenna	Lindgren	https://cloudflare-ipfs.com/ipfs/Qmd3W5DuhgHirLHGVixi6V76LhCkZUz6pnFt5AJBiyvHye/avatar/735.jpg	MALE	2021-02-21 08:42:28.187	21
131	Kathlyn2@yahoo.com	312.939.0015	Kris	Douglas	https://cloudflare-ipfs.com/ipfs/Qmd3W5DuhgHirLHGVixi6V76LhCkZUz6pnFt5AJBiyvHye/avatar/412.jpg	FEMALE	2021-11-20 20:15:41.758	20
132	Helena22@hotmail.com	1-342-951-3610 x7865	Jovani	Bayer	https://cloudflare-ipfs.com/ipfs/Qmd3W5DuhgHirLHGVixi6V76LhCkZUz6pnFt5AJBiyvHye/avatar/1148.jpg	FEMALE	2021-03-25 02:30:01.62	24
133	Mariam_Stehr@hotmail.com	1-888-592-9473	Emelia	Block	https://cloudflare-ipfs.com/ipfs/Qmd3W5DuhgHirLHGVixi6V76LhCkZUz6pnFt5AJBiyvHye/avatar/710.jpg	FEMALE	2021-02-01 03:21:54.248	72
134	Adonis.Howell@gmail.com	(333) 996-4270 x66340	Myrl	Cronin	https://cloudflare-ipfs.com/ipfs/Qmd3W5DuhgHirLHGVixi6V76LhCkZUz6pnFt5AJBiyvHye/avatar/97.jpg	FEMALE	2021-01-29 01:10:39.988	61
135	Dewitt.Flatley60@yahoo.com	(555) 258-7683 x5929	Grace	Harber	https://cloudflare-ipfs.com/ipfs/Qmd3W5DuhgHirLHGVixi6V76LhCkZUz6pnFt5AJBiyvHye/avatar/1081.jpg	MALE	2021-02-13 16:41:43.868	71
136	Rowan.Kuphal@hotmail.com	(316) 982-4282 x2705	Oral	Pacocha	https://cloudflare-ipfs.com/ipfs/Qmd3W5DuhgHirLHGVixi6V76LhCkZUz6pnFt5AJBiyvHye/avatar/1244.jpg	MALE	2021-07-17 20:44:19.617	48
137	Yasmin_Kub@hotmail.com	955.417.5529	Kathleen	Wehner	https://cloudflare-ipfs.com/ipfs/Qmd3W5DuhgHirLHGVixi6V76LhCkZUz6pnFt5AJBiyvHye/avatar/166.jpg	MALE	2022-01-11 21:42:57.308	42
138	Cornell44@hotmail.com	642-916-0859 x7473	Dillan	Haley	https://cloudflare-ipfs.com/ipfs/Qmd3W5DuhgHirLHGVixi6V76LhCkZUz6pnFt5AJBiyvHye/avatar/132.jpg	MALE	2021-07-10 19:21:32.515	27
139	Annie80@yahoo.com	681-921-5234 x642	Luz	Anderson	https://cloudflare-ipfs.com/ipfs/Qmd3W5DuhgHirLHGVixi6V76LhCkZUz6pnFt5AJBiyvHye/avatar/282.jpg	MALE	2021-06-22 21:51:34.639	13
140	Freda_Dietrich@yahoo.com	(573) 328-5107	Virgil	Rogahn	https://cloudflare-ipfs.com/ipfs/Qmd3W5DuhgHirLHGVixi6V76LhCkZUz6pnFt5AJBiyvHye/avatar/1065.jpg	FEMALE	2021-09-04 13:33:08.909	84
141	Noemi75@yahoo.com	(738) 553-7515	Trystan	Gleichner	https://cloudflare-ipfs.com/ipfs/Qmd3W5DuhgHirLHGVixi6V76LhCkZUz6pnFt5AJBiyvHye/avatar/1086.jpg	FEMALE	2021-08-09 13:34:55.923	33
142	Josh_Mayert@gmail.com	1-339-472-4438 x39025	Okey	Prohaska	https://cloudflare-ipfs.com/ipfs/Qmd3W5DuhgHirLHGVixi6V76LhCkZUz6pnFt5AJBiyvHye/avatar/510.jpg	MALE	2021-07-17 10:31:31.648	32
143	Jaylin20@hotmail.com	759-311-1793 x9829	Lindsay	Fay	https://cloudflare-ipfs.com/ipfs/Qmd3W5DuhgHirLHGVixi6V76LhCkZUz6pnFt5AJBiyvHye/avatar/567.jpg	FEMALE	2021-06-27 20:55:17.394	55
144	Giuseppe_Metz36@gmail.com	723.761.0052 x86481	Lafayette	Bode	https://cloudflare-ipfs.com/ipfs/Qmd3W5DuhgHirLHGVixi6V76LhCkZUz6pnFt5AJBiyvHye/avatar/478.jpg	FEMALE	2021-09-18 14:18:52.274	44
145	Randi_Denesik99@hotmail.com	(283) 804-9755	Heather	Kovacek	https://cloudflare-ipfs.com/ipfs/Qmd3W5DuhgHirLHGVixi6V76LhCkZUz6pnFt5AJBiyvHye/avatar/890.jpg	MALE	2021-12-29 21:05:54.233	40
146	Gavin_Reinger@yahoo.com	524.965.6911	Kellie	Kertzmann	https://cloudflare-ipfs.com/ipfs/Qmd3W5DuhgHirLHGVixi6V76LhCkZUz6pnFt5AJBiyvHye/avatar/1055.jpg	FEMALE	2021-04-02 10:52:07.762	55
147	Marguerite_Metz@hotmail.com	609.457.7595	Wilfrid	Bartell	https://cloudflare-ipfs.com/ipfs/Qmd3W5DuhgHirLHGVixi6V76LhCkZUz6pnFt5AJBiyvHye/avatar/658.jpg	FEMALE	2021-04-29 07:48:13.851	74
148	Jayda_Dare90@gmail.com	329-333-9095 x65408	Alize	Kautzer	https://cloudflare-ipfs.com/ipfs/Qmd3W5DuhgHirLHGVixi6V76LhCkZUz6pnFt5AJBiyvHye/avatar/45.jpg	FEMALE	2021-07-29 06:09:51.993	18
149	Jasmin_Cormier86@hotmail.com	384.271.7569	Cooper	Mosciski	https://cloudflare-ipfs.com/ipfs/Qmd3W5DuhgHirLHGVixi6V76LhCkZUz6pnFt5AJBiyvHye/avatar/1112.jpg	FEMALE	2021-09-09 03:50:36.278	93
150	Henriette.Emard@gmail.com	(914) 745-8087 x629	Camden	Roob	https://cloudflare-ipfs.com/ipfs/Qmd3W5DuhgHirLHGVixi6V76LhCkZUz6pnFt5AJBiyvHye/avatar/1050.jpg	FEMALE	2021-02-17 01:09:24.298	23
151	Rozella_Hayes19@hotmail.com	1-905-698-5579 x47109	Neoma	Simonis	https://cloudflare-ipfs.com/ipfs/Qmd3W5DuhgHirLHGVixi6V76LhCkZUz6pnFt5AJBiyvHye/avatar/814.jpg	FEMALE	2021-05-31 17:34:02.25	28
152	Mae.Ortiz@gmail.com	(861) 551-8593	Geovanny	Yost	https://cloudflare-ipfs.com/ipfs/Qmd3W5DuhgHirLHGVixi6V76LhCkZUz6pnFt5AJBiyvHye/avatar/45.jpg	FEMALE	2021-07-03 19:31:02.947	8
153	Ansley26@yahoo.com	(632) 329-4370 x94413	Breanna	Olson	https://cloudflare-ipfs.com/ipfs/Qmd3W5DuhgHirLHGVixi6V76LhCkZUz6pnFt5AJBiyvHye/avatar/240.jpg	MALE	2021-11-05 17:12:08.796	26
154	Einar67@yahoo.com	(428) 298-0650 x911	Kennedy	Herman	https://cloudflare-ipfs.com/ipfs/Qmd3W5DuhgHirLHGVixi6V76LhCkZUz6pnFt5AJBiyvHye/avatar/1217.jpg	FEMALE	2021-03-04 10:35:27.155	5
155	Cordie.Pouros@yahoo.com	(376) 735-9777	Bart	Quigley	https://cloudflare-ipfs.com/ipfs/Qmd3W5DuhgHirLHGVixi6V76LhCkZUz6pnFt5AJBiyvHye/avatar/735.jpg	MALE	2021-11-15 14:54:24.212	21
156	Herminia.Kovacek5@yahoo.com	1-217-583-2274	Harrison	Howe	https://cloudflare-ipfs.com/ipfs/Qmd3W5DuhgHirLHGVixi6V76LhCkZUz6pnFt5AJBiyvHye/avatar/658.jpg	FEMALE	2021-02-19 22:12:46.594	86
157	Gerda_Kohler24@yahoo.com	1-332-307-2062 x1539	Bertram	Nolan	https://cloudflare-ipfs.com/ipfs/Qmd3W5DuhgHirLHGVixi6V76LhCkZUz6pnFt5AJBiyvHye/avatar/1071.jpg	MALE	2021-09-11 02:16:24.887	79
158	Sallie.Thiel@gmail.com	832-921-5696	Simeon	Marks	https://cloudflare-ipfs.com/ipfs/Qmd3W5DuhgHirLHGVixi6V76LhCkZUz6pnFt5AJBiyvHye/avatar/1147.jpg	FEMALE	2021-10-10 09:22:15.003	78
159	Elvie.Wilderman98@gmail.com	1-437-753-3637	Lavinia	Wuckert	https://cloudflare-ipfs.com/ipfs/Qmd3W5DuhgHirLHGVixi6V76LhCkZUz6pnFt5AJBiyvHye/avatar/955.jpg	FEMALE	2021-06-13 21:10:14.617	60
160	Margot.Bode@gmail.com	(968) 553-9890	Alba	Rath	https://cloudflare-ipfs.com/ipfs/Qmd3W5DuhgHirLHGVixi6V76LhCkZUz6pnFt5AJBiyvHye/avatar/185.jpg	MALE	2021-05-10 08:50:17.154	85
161	Braxton.Schmitt56@gmail.com	1-864-211-8598 x8242	Scarlett	McDermott	https://cloudflare-ipfs.com/ipfs/Qmd3W5DuhgHirLHGVixi6V76LhCkZUz6pnFt5AJBiyvHye/avatar/3.jpg	FEMALE	2021-02-22 04:57:05.682	97
162	Boris92@gmail.com	(939) 650-3427	Lonny	Veum	https://cloudflare-ipfs.com/ipfs/Qmd3W5DuhgHirLHGVixi6V76LhCkZUz6pnFt5AJBiyvHye/avatar/487.jpg	MALE	2021-06-29 11:57:02.467	54
163	Narciso_Treutel42@yahoo.com	(692) 422-5865	Adelle	Pagac	https://cloudflare-ipfs.com/ipfs/Qmd3W5DuhgHirLHGVixi6V76LhCkZUz6pnFt5AJBiyvHye/avatar/822.jpg	MALE	2021-02-21 07:54:57.736	69
164	Lera.Metz@gmail.com	1-502-435-4038 x0006	May	Goldner	https://cloudflare-ipfs.com/ipfs/Qmd3W5DuhgHirLHGVixi6V76LhCkZUz6pnFt5AJBiyvHye/avatar/704.jpg	FEMALE	2021-03-18 11:56:40.002	14
165	Cesar70@gmail.com	968-805-8182	Harry	Kunze	https://cloudflare-ipfs.com/ipfs/Qmd3W5DuhgHirLHGVixi6V76LhCkZUz6pnFt5AJBiyvHye/avatar/1149.jpg	FEMALE	2021-03-18 21:00:38.059	82
166	Jackie.Johns2@yahoo.com	(730) 688-9814 x82715	Dillan	Johnston	https://cloudflare-ipfs.com/ipfs/Qmd3W5DuhgHirLHGVixi6V76LhCkZUz6pnFt5AJBiyvHye/avatar/856.jpg	MALE	2022-01-10 10:33:47.9	73
167	Emmett68@hotmail.com	559-518-8898	Wellington	Hodkiewicz	https://cloudflare-ipfs.com/ipfs/Qmd3W5DuhgHirLHGVixi6V76LhCkZUz6pnFt5AJBiyvHye/avatar/1126.jpg	MALE	2021-02-25 12:18:46.416	26
168	Eliane89@gmail.com	852-339-5900	Fredy	Cruickshank	https://cloudflare-ipfs.com/ipfs/Qmd3W5DuhgHirLHGVixi6V76LhCkZUz6pnFt5AJBiyvHye/avatar/715.jpg	MALE	2022-01-16 23:51:44.344	76
169	Jessy_Ryan32@hotmail.com	1-663-646-4927	Noel	Farrell	https://cloudflare-ipfs.com/ipfs/Qmd3W5DuhgHirLHGVixi6V76LhCkZUz6pnFt5AJBiyvHye/avatar/1208.jpg	FEMALE	2021-11-25 04:17:56.98	52
170	Lelia.Shields74@hotmail.com	807-526-1403	Cheyanne	Cormier	https://cloudflare-ipfs.com/ipfs/Qmd3W5DuhgHirLHGVixi6V76LhCkZUz6pnFt5AJBiyvHye/avatar/52.jpg	FEMALE	2021-03-05 01:35:57.198	19
171	Audrey_Rohan@gmail.com	1-273-338-0507	Jackson	Kuphal	https://cloudflare-ipfs.com/ipfs/Qmd3W5DuhgHirLHGVixi6V76LhCkZUz6pnFt5AJBiyvHye/avatar/314.jpg	MALE	2021-02-03 02:26:55.05	33
172	Juana64@gmail.com	1-221-751-8971	Derek	Stoltenberg	https://cloudflare-ipfs.com/ipfs/Qmd3W5DuhgHirLHGVixi6V76LhCkZUz6pnFt5AJBiyvHye/avatar/1036.jpg	MALE	2021-10-07 12:51:10.856	43
173	Moises.Dietrich@yahoo.com	423-305-9008 x9167	Lucile	Hauck	https://cloudflare-ipfs.com/ipfs/Qmd3W5DuhgHirLHGVixi6V76LhCkZUz6pnFt5AJBiyvHye/avatar/270.jpg	FEMALE	2021-05-12 14:36:29.567	22
174	Guadalupe_Johnson74@gmail.com	1-822-308-6021	Eino	Rempel	https://cloudflare-ipfs.com/ipfs/Qmd3W5DuhgHirLHGVixi6V76LhCkZUz6pnFt5AJBiyvHye/avatar/500.jpg	MALE	2021-03-18 00:46:14.366	25
175	Audreanne.Kirlin@yahoo.com	1-420-354-1922 x475	Trenton	Terry	https://cloudflare-ipfs.com/ipfs/Qmd3W5DuhgHirLHGVixi6V76LhCkZUz6pnFt5AJBiyvHye/avatar/915.jpg	MALE	2021-10-17 22:24:42.729	7
176	Ken.Hyatt@hotmail.com	880.812.0184	Cali	Gerlach	https://cloudflare-ipfs.com/ipfs/Qmd3W5DuhgHirLHGVixi6V76LhCkZUz6pnFt5AJBiyvHye/avatar/951.jpg	MALE	2021-04-28 22:38:27.819	63
177	Henderson16@yahoo.com	917.215.2293	Danny	Koelpin	https://cloudflare-ipfs.com/ipfs/Qmd3W5DuhgHirLHGVixi6V76LhCkZUz6pnFt5AJBiyvHye/avatar/1022.jpg	MALE	2021-03-14 08:03:13.647	69
178	Tre.Anderson61@yahoo.com	424.576.6587 x49038	Domingo	Gusikowski	https://cloudflare-ipfs.com/ipfs/Qmd3W5DuhgHirLHGVixi6V76LhCkZUz6pnFt5AJBiyvHye/avatar/690.jpg	FEMALE	2021-07-03 04:10:12.857	92
179	Thad.Leuschke@yahoo.com	1-988-240-4779	Conner	Harber	https://cloudflare-ipfs.com/ipfs/Qmd3W5DuhgHirLHGVixi6V76LhCkZUz6pnFt5AJBiyvHye/avatar/127.jpg	MALE	2021-12-31 20:55:57.172	55
180	Dwight_Mante@gmail.com	(341) 372-5265	Mozell	Feil	https://cloudflare-ipfs.com/ipfs/Qmd3W5DuhgHirLHGVixi6V76LhCkZUz6pnFt5AJBiyvHye/avatar/265.jpg	MALE	2021-05-01 05:46:26.225	85
181	Allie_Wolf80@gmail.com	308-681-6618 x8947	Estefania	Walsh	https://cloudflare-ipfs.com/ipfs/Qmd3W5DuhgHirLHGVixi6V76LhCkZUz6pnFt5AJBiyvHye/avatar/995.jpg	FEMALE	2021-04-24 03:30:44.242	26
182	Amaya.Bosco36@hotmail.com	(742) 655-0819 x090	Aidan	Stroman	https://cloudflare-ipfs.com/ipfs/Qmd3W5DuhgHirLHGVixi6V76LhCkZUz6pnFt5AJBiyvHye/avatar/691.jpg	FEMALE	2022-01-09 10:47:35.356	69
183	Cara_Cruickshank@hotmail.com	439.259.6004	Layla	Kertzmann	https://cloudflare-ipfs.com/ipfs/Qmd3W5DuhgHirLHGVixi6V76LhCkZUz6pnFt5AJBiyvHye/avatar/1203.jpg	MALE	2021-12-29 13:04:51.907	59
184	Tobin43@yahoo.com	219.675.3368 x41860	Olga	Upton	https://cloudflare-ipfs.com/ipfs/Qmd3W5DuhgHirLHGVixi6V76LhCkZUz6pnFt5AJBiyvHye/avatar/946.jpg	MALE	2021-02-21 08:10:45.276	71
185	Jayne_Treutel@yahoo.com	811-267-5713 x164	Lexie	Grant	https://cloudflare-ipfs.com/ipfs/Qmd3W5DuhgHirLHGVixi6V76LhCkZUz6pnFt5AJBiyvHye/avatar/750.jpg	MALE	2021-05-06 11:47:52.665	1
186	Burdette.Collier@gmail.com	271-558-6221	Oda	Lesch	https://cloudflare-ipfs.com/ipfs/Qmd3W5DuhgHirLHGVixi6V76LhCkZUz6pnFt5AJBiyvHye/avatar/1163.jpg	FEMALE	2021-05-08 01:13:33.699	82
187	Chris_Metz@yahoo.com	1-947-890-5187	Beau	Daniel	https://cloudflare-ipfs.com/ipfs/Qmd3W5DuhgHirLHGVixi6V76LhCkZUz6pnFt5AJBiyvHye/avatar/179.jpg	MALE	2021-09-18 01:50:40.529	21
188	Elisabeth76@hotmail.com	378.615.8440	Colton	Schmidt	https://cloudflare-ipfs.com/ipfs/Qmd3W5DuhgHirLHGVixi6V76LhCkZUz6pnFt5AJBiyvHye/avatar/375.jpg	FEMALE	2021-01-28 18:36:02.516	53
189	Anabelle64@gmail.com	(298) 881-5794	Ardith	Prohaska	https://cloudflare-ipfs.com/ipfs/Qmd3W5DuhgHirLHGVixi6V76LhCkZUz6pnFt5AJBiyvHye/avatar/24.jpg	MALE	2021-12-21 05:31:54.41	53
190	Alycia30@hotmail.com	699-278-8425	Celia	Barton	https://cloudflare-ipfs.com/ipfs/Qmd3W5DuhgHirLHGVixi6V76LhCkZUz6pnFt5AJBiyvHye/avatar/1172.jpg	MALE	2021-04-28 23:28:15.597	74
191	Harmon_Rogahn20@yahoo.com	846.214.2932	Isabella	Goldner	https://cloudflare-ipfs.com/ipfs/Qmd3W5DuhgHirLHGVixi6V76LhCkZUz6pnFt5AJBiyvHye/avatar/676.jpg	MALE	2021-08-02 03:26:09.331	59
192	Deon.Fadel97@yahoo.com	1-880-520-0357 x2916	Marty	Ondricka	https://cloudflare-ipfs.com/ipfs/Qmd3W5DuhgHirLHGVixi6V76LhCkZUz6pnFt5AJBiyvHye/avatar/218.jpg	FEMALE	2021-09-24 08:25:38.241	77
193	Bailey_Schneider@yahoo.com	878.542.5278 x854	Marty	Huels	https://cloudflare-ipfs.com/ipfs/Qmd3W5DuhgHirLHGVixi6V76LhCkZUz6pnFt5AJBiyvHye/avatar/1043.jpg	MALE	2021-08-21 05:02:42.18	37
194	Dora.Donnelly@gmail.com	821.833.5027	Juston	Batz	https://cloudflare-ipfs.com/ipfs/Qmd3W5DuhgHirLHGVixi6V76LhCkZUz6pnFt5AJBiyvHye/avatar/733.jpg	MALE	2021-05-04 07:09:42.305	55
195	Emmy9@hotmail.com	911-981-2641 x0082	Aron	Baumbach	https://cloudflare-ipfs.com/ipfs/Qmd3W5DuhgHirLHGVixi6V76LhCkZUz6pnFt5AJBiyvHye/avatar/944.jpg	MALE	2021-03-20 16:37:03.566	10
196	Xavier.Schmitt@yahoo.com	714.681.5567	Jean	Kuhlman	https://cloudflare-ipfs.com/ipfs/Qmd3W5DuhgHirLHGVixi6V76LhCkZUz6pnFt5AJBiyvHye/avatar/960.jpg	FEMALE	2021-06-19 22:17:20.399	31
197	Jailyn74@gmail.com	(258) 544-2876 x4774	Gayle	Labadie	https://cloudflare-ipfs.com/ipfs/Qmd3W5DuhgHirLHGVixi6V76LhCkZUz6pnFt5AJBiyvHye/avatar/786.jpg	FEMALE	2021-04-23 12:22:43.345	10
198	Amie76@gmail.com	1-345-897-2830 x5853	Garry	Haley	https://cloudflare-ipfs.com/ipfs/Qmd3W5DuhgHirLHGVixi6V76LhCkZUz6pnFt5AJBiyvHye/avatar/962.jpg	MALE	2022-01-22 06:00:55.068	85
199	Yazmin.Medhurst@yahoo.com	(337) 812-4887	Orrin	Metz	https://cloudflare-ipfs.com/ipfs/Qmd3W5DuhgHirLHGVixi6V76LhCkZUz6pnFt5AJBiyvHye/avatar/243.jpg	MALE	2021-11-28 10:55:13.739	54
200	Susan24@gmail.com	1-688-291-1607	Eulah	Little	https://cloudflare-ipfs.com/ipfs/Qmd3W5DuhgHirLHGVixi6V76LhCkZUz6pnFt5AJBiyvHye/avatar/428.jpg	MALE	2021-10-18 02:38:50.826	20
201	Angel_Pouros99@yahoo.com	1-283-321-5733 x67291	Eleazar	Lowe	https://cloudflare-ipfs.com/ipfs/Qmd3W5DuhgHirLHGVixi6V76LhCkZUz6pnFt5AJBiyvHye/avatar/1008.jpg	MALE	2021-06-11 12:30:47.726	57
202	Suzanne.Bailey71@hotmail.com	587-861-3761	Antonietta	Osinski	https://cloudflare-ipfs.com/ipfs/Qmd3W5DuhgHirLHGVixi6V76LhCkZUz6pnFt5AJBiyvHye/avatar/733.jpg	MALE	2021-10-13 16:38:29.055	14
203	Bradly.Thiel67@yahoo.com	(325) 624-1132 x723	Kane	Grant	https://cloudflare-ipfs.com/ipfs/Qmd3W5DuhgHirLHGVixi6V76LhCkZUz6pnFt5AJBiyvHye/avatar/1043.jpg	MALE	2021-04-08 22:06:45.687	3
204	Kaleigh_Orn53@yahoo.com	320-301-9830	Noble	Pouros	https://cloudflare-ipfs.com/ipfs/Qmd3W5DuhgHirLHGVixi6V76LhCkZUz6pnFt5AJBiyvHye/avatar/771.jpg	MALE	2021-12-20 22:28:17.895	27
205	Darlene.Fahey@gmail.com	885-243-3764 x79307	Santa	Ebert	https://cloudflare-ipfs.com/ipfs/Qmd3W5DuhgHirLHGVixi6V76LhCkZUz6pnFt5AJBiyvHye/avatar/818.jpg	FEMALE	2021-02-18 03:56:36.979	65
206	Lavern_Dicki@hotmail.com	567-810-1196 x6625	Beaulah	Raynor	https://cloudflare-ipfs.com/ipfs/Qmd3W5DuhgHirLHGVixi6V76LhCkZUz6pnFt5AJBiyvHye/avatar/1242.jpg	MALE	2021-10-26 07:25:23.807	63
207	Alfonso76@hotmail.com	(515) 856-8205 x379	Gabrielle	Champlin	https://cloudflare-ipfs.com/ipfs/Qmd3W5DuhgHirLHGVixi6V76LhCkZUz6pnFt5AJBiyvHye/avatar/402.jpg	FEMALE	2021-02-01 08:53:58.216	98
208	Wilber_Davis@yahoo.com	1-270-376-2351 x078	Sandra	Terry	https://cloudflare-ipfs.com/ipfs/Qmd3W5DuhgHirLHGVixi6V76LhCkZUz6pnFt5AJBiyvHye/avatar/1223.jpg	MALE	2021-10-29 21:24:02.787	66
209	Nolan20@hotmail.com	(983) 809-5659 x860	Stuart	Schiller	https://cloudflare-ipfs.com/ipfs/Qmd3W5DuhgHirLHGVixi6V76LhCkZUz6pnFt5AJBiyvHye/avatar/199.jpg	MALE	2021-09-15 12:23:06.531	43
210	Giuseppe36@yahoo.com	1-885-562-4777	Gunnar	Hane	https://cloudflare-ipfs.com/ipfs/Qmd3W5DuhgHirLHGVixi6V76LhCkZUz6pnFt5AJBiyvHye/avatar/116.jpg	MALE	2021-06-09 17:53:44.235	43
211	Brenden51@yahoo.com	(763) 622-5551	Frederik	Nolan	https://cloudflare-ipfs.com/ipfs/Qmd3W5DuhgHirLHGVixi6V76LhCkZUz6pnFt5AJBiyvHye/avatar/653.jpg	MALE	2021-02-20 17:59:46.734	61
212	Nona46@gmail.com	273-776-9295 x48359	Deven	Stiedemann	https://cloudflare-ipfs.com/ipfs/Qmd3W5DuhgHirLHGVixi6V76LhCkZUz6pnFt5AJBiyvHye/avatar/1029.jpg	FEMALE	2021-10-23 06:50:09.994	71
213	Desmond_Schoen34@yahoo.com	(742) 993-1734 x8926	Eden	Williamson	https://cloudflare-ipfs.com/ipfs/Qmd3W5DuhgHirLHGVixi6V76LhCkZUz6pnFt5AJBiyvHye/avatar/675.jpg	MALE	2021-09-27 05:24:46.996	92
214	Drake31@yahoo.com	479.945.6103 x55145	Devin	Rutherford	https://cloudflare-ipfs.com/ipfs/Qmd3W5DuhgHirLHGVixi6V76LhCkZUz6pnFt5AJBiyvHye/avatar/621.jpg	MALE	2021-09-21 02:36:49.077	68
215	Stephany_Pollich@gmail.com	(816) 281-7879 x3878	Milan	Rodriguez	https://cloudflare-ipfs.com/ipfs/Qmd3W5DuhgHirLHGVixi6V76LhCkZUz6pnFt5AJBiyvHye/avatar/359.jpg	FEMALE	2021-10-14 20:37:06.234	58
216	Gussie14@yahoo.com	(270) 760-8219 x7628	Ellen	Toy	https://cloudflare-ipfs.com/ipfs/Qmd3W5DuhgHirLHGVixi6V76LhCkZUz6pnFt5AJBiyvHye/avatar/990.jpg	FEMALE	2021-02-28 21:16:30.925	94
217	Abner44@hotmail.com	1-834-469-3368	Glennie	Douglas	https://cloudflare-ipfs.com/ipfs/Qmd3W5DuhgHirLHGVixi6V76LhCkZUz6pnFt5AJBiyvHye/avatar/1091.jpg	FEMALE	2021-10-13 19:51:16.098	8
218	Tracy.Grady27@yahoo.com	895-437-8983 x1731	David	Doyle	https://cloudflare-ipfs.com/ipfs/Qmd3W5DuhgHirLHGVixi6V76LhCkZUz6pnFt5AJBiyvHye/avatar/1016.jpg	MALE	2021-06-22 22:58:38.935	72
219	Gia5@hotmail.com	1-452-612-0586 x451	Velma	Gislason	https://cloudflare-ipfs.com/ipfs/Qmd3W5DuhgHirLHGVixi6V76LhCkZUz6pnFt5AJBiyvHye/avatar/36.jpg	MALE	2021-12-24 04:30:55.722	36
220	Garland90@hotmail.com	(956) 217-3114	Elsa	Quigley	https://cloudflare-ipfs.com/ipfs/Qmd3W5DuhgHirLHGVixi6V76LhCkZUz6pnFt5AJBiyvHye/avatar/385.jpg	MALE	2021-04-12 16:03:51.113	10
221	Fredy76@hotmail.com	671-210-6018	Jadon	Kerluke	https://cloudflare-ipfs.com/ipfs/Qmd3W5DuhgHirLHGVixi6V76LhCkZUz6pnFt5AJBiyvHye/avatar/597.jpg	MALE	2021-07-25 10:44:26.898	64
222	Darrick4@gmail.com	598.378.3823 x6473	Dawn	Brakus	https://cloudflare-ipfs.com/ipfs/Qmd3W5DuhgHirLHGVixi6V76LhCkZUz6pnFt5AJBiyvHye/avatar/521.jpg	MALE	2021-12-22 03:37:09.614	97
223	Helmer.Haley@yahoo.com	1-870-610-9533 x10809	Anderson	Marks	https://cloudflare-ipfs.com/ipfs/Qmd3W5DuhgHirLHGVixi6V76LhCkZUz6pnFt5AJBiyvHye/avatar/1077.jpg	MALE	2021-11-08 04:25:19.73	60
224	Jasmin.Rau34@yahoo.com	(359) 590-1971	Phyllis	Gutkowski	https://cloudflare-ipfs.com/ipfs/Qmd3W5DuhgHirLHGVixi6V76LhCkZUz6pnFt5AJBiyvHye/avatar/367.jpg	MALE	2021-07-23 19:16:00.909	4
225	Kelly58@yahoo.com	748-346-8015 x064	Ona	Gibson	https://cloudflare-ipfs.com/ipfs/Qmd3W5DuhgHirLHGVixi6V76LhCkZUz6pnFt5AJBiyvHye/avatar/949.jpg	MALE	2021-09-25 10:25:15.972	95
226	Samir.Crona@gmail.com	1-702-740-9497 x25506	Misael	Bahringer	https://cloudflare-ipfs.com/ipfs/Qmd3W5DuhgHirLHGVixi6V76LhCkZUz6pnFt5AJBiyvHye/avatar/288.jpg	MALE	2021-11-09 00:33:56.978	5
227	Bennie_Stehr@hotmail.com	399-529-2416	Carson	Dickens	https://cloudflare-ipfs.com/ipfs/Qmd3W5DuhgHirLHGVixi6V76LhCkZUz6pnFt5AJBiyvHye/avatar/633.jpg	FEMALE	2021-08-06 02:24:27.652	29
228	Kailee77@hotmail.com	265-248-3582	Vicky	Monahan	https://cloudflare-ipfs.com/ipfs/Qmd3W5DuhgHirLHGVixi6V76LhCkZUz6pnFt5AJBiyvHye/avatar/62.jpg	FEMALE	2021-03-27 05:55:45.987	40
229	Darrin.Altenwerth@hotmail.com	1-260-905-5703	Devonte	Okuneva	https://cloudflare-ipfs.com/ipfs/Qmd3W5DuhgHirLHGVixi6V76LhCkZUz6pnFt5AJBiyvHye/avatar/236.jpg	FEMALE	2021-01-29 02:27:14.691	100
230	Daron.Hettinger32@hotmail.com	483.788.5299 x9691	Jane	Satterfield	https://cloudflare-ipfs.com/ipfs/Qmd3W5DuhgHirLHGVixi6V76LhCkZUz6pnFt5AJBiyvHye/avatar/748.jpg	FEMALE	2021-07-24 04:10:39.436	16
231	Garnett_Schiller@yahoo.com	1-842-749-5811	Tressa	Skiles	https://cloudflare-ipfs.com/ipfs/Qmd3W5DuhgHirLHGVixi6V76LhCkZUz6pnFt5AJBiyvHye/avatar/1016.jpg	FEMALE	2021-10-28 05:44:07.56	62
232	Lourdes_Waters@gmail.com	(578) 345-0616 x89588	Kathryne	Hickle	https://cloudflare-ipfs.com/ipfs/Qmd3W5DuhgHirLHGVixi6V76LhCkZUz6pnFt5AJBiyvHye/avatar/214.jpg	FEMALE	2021-01-29 08:57:08.108	94
233	Otha30@gmail.com	1-441-586-0852 x930	Armani	Conroy	https://cloudflare-ipfs.com/ipfs/Qmd3W5DuhgHirLHGVixi6V76LhCkZUz6pnFt5AJBiyvHye/avatar/950.jpg	FEMALE	2021-11-21 11:12:20.908	17
234	Piper_McKenzie@yahoo.com	875.368.1826 x32784	Kevon	Goodwin	https://cloudflare-ipfs.com/ipfs/Qmd3W5DuhgHirLHGVixi6V76LhCkZUz6pnFt5AJBiyvHye/avatar/173.jpg	MALE	2021-04-22 14:33:31.478	31
235	Loy88@gmail.com	1-743-711-5935 x09495	Kip	Hickle	https://cloudflare-ipfs.com/ipfs/Qmd3W5DuhgHirLHGVixi6V76LhCkZUz6pnFt5AJBiyvHye/avatar/988.jpg	FEMALE	2021-08-27 14:22:06.574	78
236	Orlo.Boyer@hotmail.com	475-591-4954 x69213	Andres	Stracke	https://cloudflare-ipfs.com/ipfs/Qmd3W5DuhgHirLHGVixi6V76LhCkZUz6pnFt5AJBiyvHye/avatar/1141.jpg	MALE	2021-09-05 23:43:57.11	81
237	Mohamed.Steuber@gmail.com	634-590-2415	Columbus	Schneider	https://cloudflare-ipfs.com/ipfs/Qmd3W5DuhgHirLHGVixi6V76LhCkZUz6pnFt5AJBiyvHye/avatar/885.jpg	FEMALE	2021-02-13 07:52:39.865	48
238	Ruth4@hotmail.com	544.400.8553	Melyssa	Fahey	https://cloudflare-ipfs.com/ipfs/Qmd3W5DuhgHirLHGVixi6V76LhCkZUz6pnFt5AJBiyvHye/avatar/698.jpg	FEMALE	2021-08-21 23:51:03.301	74
239	Kris.Reichel46@gmail.com	643.415.1449 x3780	Hayden	Wehner	https://cloudflare-ipfs.com/ipfs/Qmd3W5DuhgHirLHGVixi6V76LhCkZUz6pnFt5AJBiyvHye/avatar/762.jpg	MALE	2021-11-06 16:20:17.906	23
240	Iva83@hotmail.com	1-395-833-9609 x0881	Mavis	Lubowitz	https://cloudflare-ipfs.com/ipfs/Qmd3W5DuhgHirLHGVixi6V76LhCkZUz6pnFt5AJBiyvHye/avatar/937.jpg	MALE	2021-10-25 19:48:39.945	30
241	Lavon.Welch43@yahoo.com	1-388-292-0307 x6587	Toni	Windler	https://cloudflare-ipfs.com/ipfs/Qmd3W5DuhgHirLHGVixi6V76LhCkZUz6pnFt5AJBiyvHye/avatar/267.jpg	MALE	2021-08-22 15:33:36.847	94
242	Monserrate_Raynor@hotmail.com	481.627.5489 x8282	Emelia	Treutel	https://cloudflare-ipfs.com/ipfs/Qmd3W5DuhgHirLHGVixi6V76LhCkZUz6pnFt5AJBiyvHye/avatar/1052.jpg	FEMALE	2021-08-09 10:31:03.675	59
243	Lon.Bednar@hotmail.com	1-842-585-2546 x161	Emery	Feest	https://cloudflare-ipfs.com/ipfs/Qmd3W5DuhgHirLHGVixi6V76LhCkZUz6pnFt5AJBiyvHye/avatar/819.jpg	MALE	2021-08-17 07:37:00.102	14
244	Evangeline_Volkman79@gmail.com	1-696-238-3414	Kale	Bins	https://cloudflare-ipfs.com/ipfs/Qmd3W5DuhgHirLHGVixi6V76LhCkZUz6pnFt5AJBiyvHye/avatar/494.jpg	FEMALE	2021-07-06 05:49:33.993	83
245	Priscilla47@hotmail.com	1-607-985-2381 x35640	Makayla	Heaney	https://cloudflare-ipfs.com/ipfs/Qmd3W5DuhgHirLHGVixi6V76LhCkZUz6pnFt5AJBiyvHye/avatar/429.jpg	MALE	2021-01-26 13:39:54.549	59
246	Daija78@gmail.com	1-207-842-7436 x17104	Alessia	MacGyver	https://cloudflare-ipfs.com/ipfs/Qmd3W5DuhgHirLHGVixi6V76LhCkZUz6pnFt5AJBiyvHye/avatar/303.jpg	FEMALE	2021-07-31 01:46:47.209	65
247	Lewis3@gmail.com	394-732-2759 x2226	Rickie	Spinka	https://cloudflare-ipfs.com/ipfs/Qmd3W5DuhgHirLHGVixi6V76LhCkZUz6pnFt5AJBiyvHye/avatar/1229.jpg	FEMALE	2021-06-21 18:59:48.501	28
248	Alexis49@yahoo.com	968.586.1246	Tobin	Champlin	https://cloudflare-ipfs.com/ipfs/Qmd3W5DuhgHirLHGVixi6V76LhCkZUz6pnFt5AJBiyvHye/avatar/648.jpg	FEMALE	2021-11-13 08:26:53.191	43
249	Tressa_Kihn@hotmail.com	835.431.4945	Camilla	Kuphal	https://cloudflare-ipfs.com/ipfs/Qmd3W5DuhgHirLHGVixi6V76LhCkZUz6pnFt5AJBiyvHye/avatar/188.jpg	FEMALE	2021-09-12 04:01:50.962	25
250	Corrine.Halvorson44@yahoo.com	932-285-2562 x111	Mariah	Purdy	https://cloudflare-ipfs.com/ipfs/Qmd3W5DuhgHirLHGVixi6V76LhCkZUz6pnFt5AJBiyvHye/avatar/304.jpg	FEMALE	2021-04-02 18:21:02.23	60
251	Karolann.Mosciski90@gmail.com	762.265.1604	Ludwig	Rogahn	https://cloudflare-ipfs.com/ipfs/Qmd3W5DuhgHirLHGVixi6V76LhCkZUz6pnFt5AJBiyvHye/avatar/1102.jpg	MALE	2022-01-13 01:03:17.345	10
252	Bella12@gmail.com	776.217.0827 x060	Betsy	O'Keefe	https://cloudflare-ipfs.com/ipfs/Qmd3W5DuhgHirLHGVixi6V76LhCkZUz6pnFt5AJBiyvHye/avatar/645.jpg	FEMALE	2021-02-17 07:34:44.614	98
253	Kathlyn60@yahoo.com	455-307-4654 x160	Jedidiah	Stamm	https://cloudflare-ipfs.com/ipfs/Qmd3W5DuhgHirLHGVixi6V76LhCkZUz6pnFt5AJBiyvHye/avatar/1122.jpg	MALE	2021-08-20 00:21:51.099	66
254	Edythe_Skiles@yahoo.com	(658) 508-1973	Eden	Dickens	https://cloudflare-ipfs.com/ipfs/Qmd3W5DuhgHirLHGVixi6V76LhCkZUz6pnFt5AJBiyvHye/avatar/950.jpg	FEMALE	2021-08-13 13:17:24.923	20
255	Nick_Baumbach@yahoo.com	576.892.0858	Margaretta	Hyatt	https://cloudflare-ipfs.com/ipfs/Qmd3W5DuhgHirLHGVixi6V76LhCkZUz6pnFt5AJBiyvHye/avatar/474.jpg	FEMALE	2021-06-13 05:23:38.668	33
256	Germaine77@gmail.com	740-363-1439 x8183	Noemi	Stoltenberg	https://cloudflare-ipfs.com/ipfs/Qmd3W5DuhgHirLHGVixi6V76LhCkZUz6pnFt5AJBiyvHye/avatar/15.jpg	FEMALE	2021-04-24 05:26:28.936	74
257	Jarret_Lemke8@gmail.com	387-969-6145	Graciela	Towne	https://cloudflare-ipfs.com/ipfs/Qmd3W5DuhgHirLHGVixi6V76LhCkZUz6pnFt5AJBiyvHye/avatar/287.jpg	MALE	2021-02-01 03:08:34.197	67
258	Sabrina.Kunze50@gmail.com	1-291-873-4919 x64288	Paula	Farrell	https://cloudflare-ipfs.com/ipfs/Qmd3W5DuhgHirLHGVixi6V76LhCkZUz6pnFt5AJBiyvHye/avatar/472.jpg	MALE	2021-10-29 00:16:47.925	71
259	Maryam_Lebsack71@yahoo.com	513.551.9167 x9413	Kristofer	Runolfsdottir	https://cloudflare-ipfs.com/ipfs/Qmd3W5DuhgHirLHGVixi6V76LhCkZUz6pnFt5AJBiyvHye/avatar/1002.jpg	MALE	2021-12-10 05:07:08.543	84
260	Meaghan_Funk@yahoo.com	1-577-826-1966 x620	Adolph	Mayer	https://cloudflare-ipfs.com/ipfs/Qmd3W5DuhgHirLHGVixi6V76LhCkZUz6pnFt5AJBiyvHye/avatar/249.jpg	FEMALE	2021-09-04 18:36:54.824	38
261	Hilbert86@yahoo.com	(414) 590-3128	Stanton	McClure	https://cloudflare-ipfs.com/ipfs/Qmd3W5DuhgHirLHGVixi6V76LhCkZUz6pnFt5AJBiyvHye/avatar/478.jpg	MALE	2021-05-02 08:10:24.833	19
262	Dawn89@yahoo.com	255-401-9818 x506	Matteo	Wisozk	https://cloudflare-ipfs.com/ipfs/Qmd3W5DuhgHirLHGVixi6V76LhCkZUz6pnFt5AJBiyvHye/avatar/588.jpg	MALE	2021-06-10 14:51:34.334	2
263	Athena.Grant26@gmail.com	1-508-714-0844 x4199	Irwin	Will	https://cloudflare-ipfs.com/ipfs/Qmd3W5DuhgHirLHGVixi6V76LhCkZUz6pnFt5AJBiyvHye/avatar/86.jpg	MALE	2021-11-26 11:36:47.58	52
264	Wilburn2@yahoo.com	(511) 291-4175	Aryanna	Beatty	https://cloudflare-ipfs.com/ipfs/Qmd3W5DuhgHirLHGVixi6V76LhCkZUz6pnFt5AJBiyvHye/avatar/815.jpg	MALE	2022-01-20 15:06:50.445	33
265	Reynold.Braun75@yahoo.com	1-683-490-8813	Lea	Douglas	https://cloudflare-ipfs.com/ipfs/Qmd3W5DuhgHirLHGVixi6V76LhCkZUz6pnFt5AJBiyvHye/avatar/465.jpg	FEMALE	2021-02-19 20:58:00.315	77
266	Paige15@gmail.com	454-289-7454 x045	Lavada	Klein	https://cloudflare-ipfs.com/ipfs/Qmd3W5DuhgHirLHGVixi6V76LhCkZUz6pnFt5AJBiyvHye/avatar/309.jpg	FEMALE	2021-10-21 19:13:34.764	96
267	Lori89@gmail.com	373.582.2559 x213	Rahul	Marks	https://cloudflare-ipfs.com/ipfs/Qmd3W5DuhgHirLHGVixi6V76LhCkZUz6pnFt5AJBiyvHye/avatar/657.jpg	FEMALE	2021-08-26 05:34:34.958	8
268	Amparo.Kemmer16@gmail.com	(339) 417-6051	Estelle	Daniel	https://cloudflare-ipfs.com/ipfs/Qmd3W5DuhgHirLHGVixi6V76LhCkZUz6pnFt5AJBiyvHye/avatar/822.jpg	MALE	2021-12-30 05:23:24.286	7
269	Clarissa_Padberg12@gmail.com	407.996.2170 x236	Aliyah	White	https://cloudflare-ipfs.com/ipfs/Qmd3W5DuhgHirLHGVixi6V76LhCkZUz6pnFt5AJBiyvHye/avatar/228.jpg	FEMALE	2021-07-26 16:00:21.956	23
270	Rickey24@hotmail.com	1-315-503-4154	Crystal	Runte	https://cloudflare-ipfs.com/ipfs/Qmd3W5DuhgHirLHGVixi6V76LhCkZUz6pnFt5AJBiyvHye/avatar/898.jpg	MALE	2021-10-14 10:34:54.413	11
271	Sharon.Considine@yahoo.com	221.883.7338	Glenna	Greenholt	https://cloudflare-ipfs.com/ipfs/Qmd3W5DuhgHirLHGVixi6V76LhCkZUz6pnFt5AJBiyvHye/avatar/97.jpg	FEMALE	2021-10-20 14:37:00.44	14
272	Dagmar_Stracke@gmail.com	425-547-9076	Hortense	Jones	https://cloudflare-ipfs.com/ipfs/Qmd3W5DuhgHirLHGVixi6V76LhCkZUz6pnFt5AJBiyvHye/avatar/546.jpg	FEMALE	2021-09-10 16:33:52.251	62
273	Mina_Nicolas@hotmail.com	776.318.7982	Torrey	Zboncak	https://cloudflare-ipfs.com/ipfs/Qmd3W5DuhgHirLHGVixi6V76LhCkZUz6pnFt5AJBiyvHye/avatar/137.jpg	FEMALE	2021-10-19 12:39:10.607	62
274	Marcel_Quitzon@hotmail.com	1-800-412-1073	Keenan	Dooley	https://cloudflare-ipfs.com/ipfs/Qmd3W5DuhgHirLHGVixi6V76LhCkZUz6pnFt5AJBiyvHye/avatar/670.jpg	FEMALE	2021-09-16 09:29:51.235	23
275	Bernhard.Kemmer77@gmail.com	964-846-9281 x431	Uriel	Bogisich	https://cloudflare-ipfs.com/ipfs/Qmd3W5DuhgHirLHGVixi6V76LhCkZUz6pnFt5AJBiyvHye/avatar/568.jpg	MALE	2021-07-26 23:36:11.832	43
276	Leora10@gmail.com	1-291-972-8569	Lexi	Bergnaum	https://cloudflare-ipfs.com/ipfs/Qmd3W5DuhgHirLHGVixi6V76LhCkZUz6pnFt5AJBiyvHye/avatar/1219.jpg	FEMALE	2021-10-04 17:55:25.579	76
277	Ron3@hotmail.com	824.813.4465 x841	Marc	Heller	https://cloudflare-ipfs.com/ipfs/Qmd3W5DuhgHirLHGVixi6V76LhCkZUz6pnFt5AJBiyvHye/avatar/517.jpg	MALE	2021-02-05 20:44:32.561	38
278	Nelle_Green@gmail.com	1-591-920-0529 x368	Daron	Kirlin	https://cloudflare-ipfs.com/ipfs/Qmd3W5DuhgHirLHGVixi6V76LhCkZUz6pnFt5AJBiyvHye/avatar/927.jpg	MALE	2021-02-04 19:40:32.802	98
279	Savannah40@gmail.com	690.266.5502 x42865	Johathan	Schowalter	https://cloudflare-ipfs.com/ipfs/Qmd3W5DuhgHirLHGVixi6V76LhCkZUz6pnFt5AJBiyvHye/avatar/575.jpg	FEMALE	2021-08-26 18:28:05.363	53
280	Violet_Stracke3@hotmail.com	608-548-0525	Naomie	Rippin	https://cloudflare-ipfs.com/ipfs/Qmd3W5DuhgHirLHGVixi6V76LhCkZUz6pnFt5AJBiyvHye/avatar/278.jpg	MALE	2021-11-28 22:42:13.601	79
281	Antwan_Haley28@yahoo.com	377-970-1809 x0590	Angelica	Leffler	https://cloudflare-ipfs.com/ipfs/Qmd3W5DuhgHirLHGVixi6V76LhCkZUz6pnFt5AJBiyvHye/avatar/785.jpg	MALE	2021-12-20 13:44:55.003	29
282	Julian_Bednar@yahoo.com	1-788-409-7276 x35652	Wade	Harvey	https://cloudflare-ipfs.com/ipfs/Qmd3W5DuhgHirLHGVixi6V76LhCkZUz6pnFt5AJBiyvHye/avatar/697.jpg	MALE	2021-07-07 08:32:42.584	57
283	Tyra_Bergnaum@yahoo.com	(592) 299-5734	Darrel	Nikolaus	https://cloudflare-ipfs.com/ipfs/Qmd3W5DuhgHirLHGVixi6V76LhCkZUz6pnFt5AJBiyvHye/avatar/946.jpg	MALE	2021-10-07 22:07:00.154	98
284	Jamil_Bailey@hotmail.com	(338) 879-1940	Paris	Haag	https://cloudflare-ipfs.com/ipfs/Qmd3W5DuhgHirLHGVixi6V76LhCkZUz6pnFt5AJBiyvHye/avatar/162.jpg	FEMALE	2021-08-01 07:17:23.971	51
285	Lisette75@yahoo.com	743-633-5358	Ollie	Upton	https://cloudflare-ipfs.com/ipfs/Qmd3W5DuhgHirLHGVixi6V76LhCkZUz6pnFt5AJBiyvHye/avatar/662.jpg	FEMALE	2021-10-11 22:45:28.775	38
286	Lionel_Heidenreich17@gmail.com	998-308-9508 x29000	Esperanza	Stokes	https://cloudflare-ipfs.com/ipfs/Qmd3W5DuhgHirLHGVixi6V76LhCkZUz6pnFt5AJBiyvHye/avatar/599.jpg	FEMALE	2021-05-08 00:16:21.806	88
287	Glen12@hotmail.com	1-961-675-6963	Hermann	Daniel	https://cloudflare-ipfs.com/ipfs/Qmd3W5DuhgHirLHGVixi6V76LhCkZUz6pnFt5AJBiyvHye/avatar/102.jpg	FEMALE	2021-07-15 14:27:45.135	35
288	Claudine13@hotmail.com	1-361-393-2608 x802	Erich	Rogahn	https://cloudflare-ipfs.com/ipfs/Qmd3W5DuhgHirLHGVixi6V76LhCkZUz6pnFt5AJBiyvHye/avatar/925.jpg	FEMALE	2021-12-31 23:25:55.743	67
289	Verdie.Price49@hotmail.com	1-214-848-5588	Adam	Champlin	https://cloudflare-ipfs.com/ipfs/Qmd3W5DuhgHirLHGVixi6V76LhCkZUz6pnFt5AJBiyvHye/avatar/862.jpg	FEMALE	2021-01-26 06:11:16.852	75
290	Jess35@gmail.com	702.959.8538 x4733	Rosalind	Bogan	https://cloudflare-ipfs.com/ipfs/Qmd3W5DuhgHirLHGVixi6V76LhCkZUz6pnFt5AJBiyvHye/avatar/277.jpg	FEMALE	2022-01-06 12:15:36.207	69
291	Eulah.Kemmer54@yahoo.com	930.851.3645	Sage	Bergstrom	https://cloudflare-ipfs.com/ipfs/Qmd3W5DuhgHirLHGVixi6V76LhCkZUz6pnFt5AJBiyvHye/avatar/46.jpg	FEMALE	2021-08-26 19:22:14.525	8
292	Dangelo.Zboncak54@gmail.com	481-436-8407	Mafalda	Koch	https://cloudflare-ipfs.com/ipfs/Qmd3W5DuhgHirLHGVixi6V76LhCkZUz6pnFt5AJBiyvHye/avatar/3.jpg	FEMALE	2022-01-22 02:56:03.888	78
293	Gerry_Lind@yahoo.com	893.230.1409 x77103	Ed	Mayer	https://cloudflare-ipfs.com/ipfs/Qmd3W5DuhgHirLHGVixi6V76LhCkZUz6pnFt5AJBiyvHye/avatar/98.jpg	FEMALE	2022-01-21 22:48:44.847	82
294	Austyn75@hotmail.com	493-322-1834 x0518	Werner	Ratke	https://cloudflare-ipfs.com/ipfs/Qmd3W5DuhgHirLHGVixi6V76LhCkZUz6pnFt5AJBiyvHye/avatar/685.jpg	MALE	2021-06-04 22:04:42.965	14
295	Phyllis.Dibbert@hotmail.com	1-569-651-6345 x67959	Delphine	Cruickshank	https://cloudflare-ipfs.com/ipfs/Qmd3W5DuhgHirLHGVixi6V76LhCkZUz6pnFt5AJBiyvHye/avatar/943.jpg	FEMALE	2021-01-23 17:10:25.427	7
296	Anais.Bernier99@hotmail.com	(943) 953-9184	Velda	Bruen	https://cloudflare-ipfs.com/ipfs/Qmd3W5DuhgHirLHGVixi6V76LhCkZUz6pnFt5AJBiyvHye/avatar/226.jpg	MALE	2021-08-09 19:40:10.482	50
297	Shirley.Stamm74@hotmail.com	(768) 348-8954	Gregory	Douglas	https://cloudflare-ipfs.com/ipfs/Qmd3W5DuhgHirLHGVixi6V76LhCkZUz6pnFt5AJBiyvHye/avatar/378.jpg	MALE	2022-01-02 03:35:24.225	50
298	Lemuel.Shields@gmail.com	1-716-758-3756 x211	Neil	Mueller	https://cloudflare-ipfs.com/ipfs/Qmd3W5DuhgHirLHGVixi6V76LhCkZUz6pnFt5AJBiyvHye/avatar/879.jpg	FEMALE	2021-12-25 08:25:55.138	77
299	Berry87@yahoo.com	697.742.5894	Enrico	Bednar	https://cloudflare-ipfs.com/ipfs/Qmd3W5DuhgHirLHGVixi6V76LhCkZUz6pnFt5AJBiyvHye/avatar/581.jpg	MALE	2021-04-15 13:35:26.053	76
300	Monty_Jast43@yahoo.com	920-747-0350 x94259	Forrest	Parisian	https://cloudflare-ipfs.com/ipfs/Qmd3W5DuhgHirLHGVixi6V76LhCkZUz6pnFt5AJBiyvHye/avatar/926.jpg	MALE	2021-05-29 19:43:08.864	23
301	Lera11@hotmail.com	1-688-416-5242 x492	Consuelo	Predovic	https://cloudflare-ipfs.com/ipfs/Qmd3W5DuhgHirLHGVixi6V76LhCkZUz6pnFt5AJBiyvHye/avatar/18.jpg	FEMALE	2021-05-23 01:39:23.355	93
302	Jeffery1@gmail.com	251.225.9715 x3724	Chyna	Bruen	https://cloudflare-ipfs.com/ipfs/Qmd3W5DuhgHirLHGVixi6V76LhCkZUz6pnFt5AJBiyvHye/avatar/1211.jpg	MALE	2021-11-25 20:52:13.505	6
303	Herminia24@yahoo.com	361-444-0505	Angel	Lakin	https://cloudflare-ipfs.com/ipfs/Qmd3W5DuhgHirLHGVixi6V76LhCkZUz6pnFt5AJBiyvHye/avatar/377.jpg	FEMALE	2021-04-16 16:36:34.463	23
304	Rossie87@yahoo.com	605-736-9175	Laurianne	Sawayn	https://cloudflare-ipfs.com/ipfs/Qmd3W5DuhgHirLHGVixi6V76LhCkZUz6pnFt5AJBiyvHye/avatar/254.jpg	FEMALE	2021-11-12 20:25:09.795	6
305	Lavern58@gmail.com	1-508-248-9661	Curt	Mills	https://cloudflare-ipfs.com/ipfs/Qmd3W5DuhgHirLHGVixi6V76LhCkZUz6pnFt5AJBiyvHye/avatar/262.jpg	MALE	2021-06-10 12:36:37.422	59
306	Elliott43@hotmail.com	(340) 824-1589 x58427	Elouise	Moen	https://cloudflare-ipfs.com/ipfs/Qmd3W5DuhgHirLHGVixi6V76LhCkZUz6pnFt5AJBiyvHye/avatar/171.jpg	FEMALE	2021-07-02 14:11:57.902	55
307	Theodore.Bashirian@hotmail.com	1-596-287-8437 x8411	Lulu	Gleichner	https://cloudflare-ipfs.com/ipfs/Qmd3W5DuhgHirLHGVixi6V76LhCkZUz6pnFt5AJBiyvHye/avatar/436.jpg	MALE	2021-03-06 10:46:38.677	99
308	Marietta_Schuppe@yahoo.com	(435) 401-8395 x5822	Meredith	Block	https://cloudflare-ipfs.com/ipfs/Qmd3W5DuhgHirLHGVixi6V76LhCkZUz6pnFt5AJBiyvHye/avatar/795.jpg	FEMALE	2021-05-10 08:39:48.507	37
309	Karelle_Kovacek98@hotmail.com	1-566-415-0425	Rebeca	Trantow	https://cloudflare-ipfs.com/ipfs/Qmd3W5DuhgHirLHGVixi6V76LhCkZUz6pnFt5AJBiyvHye/avatar/285.jpg	MALE	2021-06-06 23:28:17.034	95
310	Jett.Trantow@hotmail.com	1-672-791-4687 x281	Matteo	Schroeder	https://cloudflare-ipfs.com/ipfs/Qmd3W5DuhgHirLHGVixi6V76LhCkZUz6pnFt5AJBiyvHye/avatar/1105.jpg	FEMALE	2021-04-11 23:50:34.47	4
311	Antwan.Reichel60@hotmail.com	(240) 922-9753	Felipe	Kuphal	https://cloudflare-ipfs.com/ipfs/Qmd3W5DuhgHirLHGVixi6V76LhCkZUz6pnFt5AJBiyvHye/avatar/749.jpg	MALE	2021-02-23 00:15:33.168	9
312	Blake12@yahoo.com	(672) 737-3564 x05477	Erin	Baumbach	https://cloudflare-ipfs.com/ipfs/Qmd3W5DuhgHirLHGVixi6V76LhCkZUz6pnFt5AJBiyvHye/avatar/160.jpg	FEMALE	2021-09-05 10:31:42.854	80
313	Joanie.Walsh20@gmail.com	502-516-5414 x501	Lilyan	Rodriguez	https://cloudflare-ipfs.com/ipfs/Qmd3W5DuhgHirLHGVixi6V76LhCkZUz6pnFt5AJBiyvHye/avatar/961.jpg	MALE	2021-06-11 20:56:12.235	38
314	Lemuel.Cronin@gmail.com	(829) 609-1401	Retta	McLaughlin	https://cloudflare-ipfs.com/ipfs/Qmd3W5DuhgHirLHGVixi6V76LhCkZUz6pnFt5AJBiyvHye/avatar/529.jpg	MALE	2021-09-04 08:48:33.212	86
315	Bernhard60@gmail.com	841-855-1028	Adalberto	Schaefer	https://cloudflare-ipfs.com/ipfs/Qmd3W5DuhgHirLHGVixi6V76LhCkZUz6pnFt5AJBiyvHye/avatar/54.jpg	FEMALE	2022-01-14 11:21:34.52	1
316	Fermin.Hirthe@hotmail.com	952.851.1470 x149	Koby	Leffler	https://cloudflare-ipfs.com/ipfs/Qmd3W5DuhgHirLHGVixi6V76LhCkZUz6pnFt5AJBiyvHye/avatar/1197.jpg	MALE	2021-02-06 20:47:53.611	29
317	Alfonzo.Spencer@gmail.com	813.862.7744	Dejon	Batz	https://cloudflare-ipfs.com/ipfs/Qmd3W5DuhgHirLHGVixi6V76LhCkZUz6pnFt5AJBiyvHye/avatar/88.jpg	MALE	2021-11-05 23:24:23.429	27
318	Skye_Yundt@gmail.com	1-362-315-6480	Lorenzo	Little	https://cloudflare-ipfs.com/ipfs/Qmd3W5DuhgHirLHGVixi6V76LhCkZUz6pnFt5AJBiyvHye/avatar/1121.jpg	MALE	2021-02-03 07:50:48.521	22
319	Tad57@gmail.com	1-630-683-0391 x435	Jerad	Kovacek	https://cloudflare-ipfs.com/ipfs/Qmd3W5DuhgHirLHGVixi6V76LhCkZUz6pnFt5AJBiyvHye/avatar/1043.jpg	FEMALE	2021-02-26 15:26:33.172	13
320	Jayda.Walker@gmail.com	1-965-848-1022	Lew	Kub	https://cloudflare-ipfs.com/ipfs/Qmd3W5DuhgHirLHGVixi6V76LhCkZUz6pnFt5AJBiyvHye/avatar/577.jpg	FEMALE	2021-03-28 04:39:18.806	17
321	Roberta.Corwin37@gmail.com	721.381.5038 x20759	Angus	Corwin	https://cloudflare-ipfs.com/ipfs/Qmd3W5DuhgHirLHGVixi6V76LhCkZUz6pnFt5AJBiyvHye/avatar/876.jpg	MALE	2021-12-02 23:21:14.972	4
322	Jazmyne5@yahoo.com	(262) 276-6414 x26821	Adrain	Cormier	https://cloudflare-ipfs.com/ipfs/Qmd3W5DuhgHirLHGVixi6V76LhCkZUz6pnFt5AJBiyvHye/avatar/642.jpg	FEMALE	2021-12-30 07:17:20.276	19
323	Brennon.Dibbert21@yahoo.com	572.428.3308 x51507	Sheila	Sipes	https://cloudflare-ipfs.com/ipfs/Qmd3W5DuhgHirLHGVixi6V76LhCkZUz6pnFt5AJBiyvHye/avatar/1106.jpg	FEMALE	2021-03-18 11:54:37.135	47
324	Edwin57@hotmail.com	(453) 949-2496 x5817	Jeramy	Parker	https://cloudflare-ipfs.com/ipfs/Qmd3W5DuhgHirLHGVixi6V76LhCkZUz6pnFt5AJBiyvHye/avatar/735.jpg	FEMALE	2021-06-22 02:29:22.474	43
325	Tess41@gmail.com	(719) 320-7511 x9470	Eileen	Roob	https://cloudflare-ipfs.com/ipfs/Qmd3W5DuhgHirLHGVixi6V76LhCkZUz6pnFt5AJBiyvHye/avatar/346.jpg	FEMALE	2021-06-12 13:20:06.512	29
326	Jazmin.Torp@gmail.com	820.351.5626 x0069	Jaylon	Kertzmann	https://cloudflare-ipfs.com/ipfs/Qmd3W5DuhgHirLHGVixi6V76LhCkZUz6pnFt5AJBiyvHye/avatar/1137.jpg	FEMALE	2021-07-09 06:13:27.646	61
327	Eunice31@gmail.com	(567) 849-3545	Rahsaan	Dibbert	https://cloudflare-ipfs.com/ipfs/Qmd3W5DuhgHirLHGVixi6V76LhCkZUz6pnFt5AJBiyvHye/avatar/94.jpg	FEMALE	2021-07-02 09:33:12.694	71
328	Cooper95@yahoo.com	746.603.5055 x9938	Vesta	Schultz	https://cloudflare-ipfs.com/ipfs/Qmd3W5DuhgHirLHGVixi6V76LhCkZUz6pnFt5AJBiyvHye/avatar/1107.jpg	FEMALE	2021-05-05 06:15:30.42	26
329	Carmelo.Kling18@hotmail.com	(615) 808-3427 x109	Katelynn	Towne	https://cloudflare-ipfs.com/ipfs/Qmd3W5DuhgHirLHGVixi6V76LhCkZUz6pnFt5AJBiyvHye/avatar/395.jpg	FEMALE	2021-09-03 20:01:35.507	44
330	Tristian17@yahoo.com	1-243-655-8874 x170	Kali	Koch	https://cloudflare-ipfs.com/ipfs/Qmd3W5DuhgHirLHGVixi6V76LhCkZUz6pnFt5AJBiyvHye/avatar/328.jpg	MALE	2021-05-22 09:42:44.246	60
331	Brandy_Lynch@gmail.com	1-726-982-4585 x199	Teagan	Lehner	https://cloudflare-ipfs.com/ipfs/Qmd3W5DuhgHirLHGVixi6V76LhCkZUz6pnFt5AJBiyvHye/avatar/961.jpg	MALE	2021-02-13 21:18:36.819	53
332	Zander.Wintheiser67@hotmail.com	1-604-954-3945	Catalina	Daugherty	https://cloudflare-ipfs.com/ipfs/Qmd3W5DuhgHirLHGVixi6V76LhCkZUz6pnFt5AJBiyvHye/avatar/203.jpg	MALE	2021-11-03 20:20:43.631	51
333	Sylvia5@yahoo.com	482.660.0420	Nelle	Upton	https://cloudflare-ipfs.com/ipfs/Qmd3W5DuhgHirLHGVixi6V76LhCkZUz6pnFt5AJBiyvHye/avatar/250.jpg	MALE	2021-04-13 16:39:58.196	62
334	Jeanette.Funk@yahoo.com	1-696-410-1860 x84450	Zion	McGlynn	https://cloudflare-ipfs.com/ipfs/Qmd3W5DuhgHirLHGVixi6V76LhCkZUz6pnFt5AJBiyvHye/avatar/16.jpg	MALE	2021-01-25 09:03:52.621	52
335	Keanu37@gmail.com	895.346.1511 x21045	Athena	Stroman	https://cloudflare-ipfs.com/ipfs/Qmd3W5DuhgHirLHGVixi6V76LhCkZUz6pnFt5AJBiyvHye/avatar/591.jpg	FEMALE	2021-07-29 23:12:38.812	90
336	Felix.Collins@yahoo.com	1-842-626-7086	Jena	Waters	https://cloudflare-ipfs.com/ipfs/Qmd3W5DuhgHirLHGVixi6V76LhCkZUz6pnFt5AJBiyvHye/avatar/559.jpg	FEMALE	2021-10-25 03:44:12.904	83
337	Maverick_Corwin58@hotmail.com	387.934.7575	Darrel	Cassin	https://cloudflare-ipfs.com/ipfs/Qmd3W5DuhgHirLHGVixi6V76LhCkZUz6pnFt5AJBiyvHye/avatar/168.jpg	FEMALE	2021-03-14 15:15:56.086	76
338	Rogers_Gorczany@gmail.com	450-264-3794 x4959	Nadia	Grimes	https://cloudflare-ipfs.com/ipfs/Qmd3W5DuhgHirLHGVixi6V76LhCkZUz6pnFt5AJBiyvHye/avatar/663.jpg	FEMALE	2022-01-01 07:45:12.934	92
339	Gilberto.Langosh@gmail.com	785-682-3743 x620	Ricardo	Quigley	https://cloudflare-ipfs.com/ipfs/Qmd3W5DuhgHirLHGVixi6V76LhCkZUz6pnFt5AJBiyvHye/avatar/522.jpg	MALE	2021-12-12 20:48:58.545	75
340	Major.Donnelly@hotmail.com	981-497-0108 x392	Merlin	Pacocha	https://cloudflare-ipfs.com/ipfs/Qmd3W5DuhgHirLHGVixi6V76LhCkZUz6pnFt5AJBiyvHye/avatar/623.jpg	MALE	2021-01-27 03:36:51.334	51
341	Robbie.Legros21@hotmail.com	958-768-0542	Unique	King	https://cloudflare-ipfs.com/ipfs/Qmd3W5DuhgHirLHGVixi6V76LhCkZUz6pnFt5AJBiyvHye/avatar/198.jpg	MALE	2021-07-17 01:02:39.972	69
342	Susie52@gmail.com	998-993-1003	Bethel	Kihn	https://cloudflare-ipfs.com/ipfs/Qmd3W5DuhgHirLHGVixi6V76LhCkZUz6pnFt5AJBiyvHye/avatar/729.jpg	MALE	2021-04-05 21:32:59.162	34
343	Lilliana44@yahoo.com	854-677-8277	Verner	Stroman	https://cloudflare-ipfs.com/ipfs/Qmd3W5DuhgHirLHGVixi6V76LhCkZUz6pnFt5AJBiyvHye/avatar/763.jpg	FEMALE	2021-09-06 23:59:34.68	70
344	Jacky75@yahoo.com	(778) 298-5041 x44310	Claude	Feil	https://cloudflare-ipfs.com/ipfs/Qmd3W5DuhgHirLHGVixi6V76LhCkZUz6pnFt5AJBiyvHye/avatar/959.jpg	MALE	2021-05-21 08:06:35.131	21
345	Sonya93@hotmail.com	754.801.1064	Vanessa	Yundt	https://cloudflare-ipfs.com/ipfs/Qmd3W5DuhgHirLHGVixi6V76LhCkZUz6pnFt5AJBiyvHye/avatar/591.jpg	FEMALE	2021-07-24 11:05:43.325	68
346	Eileen.Wolff@hotmail.com	1-611-241-2350 x363	Flavie	Rath	https://cloudflare-ipfs.com/ipfs/Qmd3W5DuhgHirLHGVixi6V76LhCkZUz6pnFt5AJBiyvHye/avatar/1073.jpg	FEMALE	2021-12-27 01:26:49.844	29
347	Nigel93@yahoo.com	650.236.5844 x1511	Eleanore	Schamberger	https://cloudflare-ipfs.com/ipfs/Qmd3W5DuhgHirLHGVixi6V76LhCkZUz6pnFt5AJBiyvHye/avatar/944.jpg	MALE	2022-01-09 06:10:25.402	95
348	Earnestine.Aufderhar@gmail.com	1-608-467-3112 x75903	Annabelle	Waters	https://cloudflare-ipfs.com/ipfs/Qmd3W5DuhgHirLHGVixi6V76LhCkZUz6pnFt5AJBiyvHye/avatar/893.jpg	MALE	2021-07-28 00:33:48.066	64
349	Alberta_Greenfelder@hotmail.com	1-370-465-2535	Angie	Hackett	https://cloudflare-ipfs.com/ipfs/Qmd3W5DuhgHirLHGVixi6V76LhCkZUz6pnFt5AJBiyvHye/avatar/254.jpg	FEMALE	2021-06-25 04:36:42.468	84
350	Bridgette_DuBuque6@yahoo.com	1-695-478-1707 x312	Jaylan	Cartwright	https://cloudflare-ipfs.com/ipfs/Qmd3W5DuhgHirLHGVixi6V76LhCkZUz6pnFt5AJBiyvHye/avatar/326.jpg	MALE	2021-10-02 21:45:46.382	1
351	Prudence.Hegmann53@yahoo.com	(247) 331-5130	Stephania	Robel	https://cloudflare-ipfs.com/ipfs/Qmd3W5DuhgHirLHGVixi6V76LhCkZUz6pnFt5AJBiyvHye/avatar/1077.jpg	MALE	2021-09-13 07:17:19.541	4
352	Destany.Tromp9@hotmail.com	884-993-6384 x847	Demario	Grant	https://cloudflare-ipfs.com/ipfs/Qmd3W5DuhgHirLHGVixi6V76LhCkZUz6pnFt5AJBiyvHye/avatar/1044.jpg	FEMALE	2021-09-18 08:37:53.008	6
353	Sammy.Kunze@gmail.com	818-245-4618 x0643	Salvador	Gutmann	https://cloudflare-ipfs.com/ipfs/Qmd3W5DuhgHirLHGVixi6V76LhCkZUz6pnFt5AJBiyvHye/avatar/447.jpg	FEMALE	2021-11-14 00:47:45.88	73
354	Stanley_Smitham74@hotmail.com	476-258-9025 x384	Casimer	Lueilwitz	https://cloudflare-ipfs.com/ipfs/Qmd3W5DuhgHirLHGVixi6V76LhCkZUz6pnFt5AJBiyvHye/avatar/591.jpg	FEMALE	2021-12-28 06:44:36.893	56
355	Clementina94@gmail.com	866-689-6865 x4539	Arden	Schinner	https://cloudflare-ipfs.com/ipfs/Qmd3W5DuhgHirLHGVixi6V76LhCkZUz6pnFt5AJBiyvHye/avatar/364.jpg	MALE	2021-12-26 06:54:29.79	50
356	Clair47@hotmail.com	(724) 398-8546	Laila	Jones	https://cloudflare-ipfs.com/ipfs/Qmd3W5DuhgHirLHGVixi6V76LhCkZUz6pnFt5AJBiyvHye/avatar/360.jpg	MALE	2021-09-23 23:06:20.533	44
357	Freddie_Crona67@hotmail.com	846-553-8965	Angela	Schowalter	https://cloudflare-ipfs.com/ipfs/Qmd3W5DuhgHirLHGVixi6V76LhCkZUz6pnFt5AJBiyvHye/avatar/585.jpg	MALE	2021-07-28 13:00:34.94	90
358	Enos4@gmail.com	888.612.6591	Noe	Aufderhar	https://cloudflare-ipfs.com/ipfs/Qmd3W5DuhgHirLHGVixi6V76LhCkZUz6pnFt5AJBiyvHye/avatar/633.jpg	MALE	2021-10-15 17:10:54.466	4
359	Amira.Kemmer61@yahoo.com	(518) 897-3560 x280	Humberto	Metz	https://cloudflare-ipfs.com/ipfs/Qmd3W5DuhgHirLHGVixi6V76LhCkZUz6pnFt5AJBiyvHye/avatar/307.jpg	FEMALE	2021-07-09 16:25:22.816	17
360	Montana.Romaguera47@gmail.com	1-341-809-2585 x352	Horacio	Schmeler	https://cloudflare-ipfs.com/ipfs/Qmd3W5DuhgHirLHGVixi6V76LhCkZUz6pnFt5AJBiyvHye/avatar/737.jpg	FEMALE	2021-11-07 21:38:20.143	2
361	Seth_Rice@gmail.com	466-746-9653 x65791	Bart	Sawayn	https://cloudflare-ipfs.com/ipfs/Qmd3W5DuhgHirLHGVixi6V76LhCkZUz6pnFt5AJBiyvHye/avatar/265.jpg	MALE	2022-01-22 15:03:11.169	49
362	Freida.DuBuque@hotmail.com	778-756-6102 x088	Justina	Leffler	https://cloudflare-ipfs.com/ipfs/Qmd3W5DuhgHirLHGVixi6V76LhCkZUz6pnFt5AJBiyvHye/avatar/417.jpg	FEMALE	2021-05-02 14:18:37.901	64
363	Marcelle92@gmail.com	1-275-265-2892	Roosevelt	Carter	https://cloudflare-ipfs.com/ipfs/Qmd3W5DuhgHirLHGVixi6V76LhCkZUz6pnFt5AJBiyvHye/avatar/516.jpg	MALE	2021-11-09 08:05:20.757	3
364	Dillan66@hotmail.com	(320) 266-2390 x935	Roberto	Bergnaum	https://cloudflare-ipfs.com/ipfs/Qmd3W5DuhgHirLHGVixi6V76LhCkZUz6pnFt5AJBiyvHye/avatar/495.jpg	FEMALE	2021-10-21 17:15:32.199	33
365	Kenna61@hotmail.com	518-459-7120	Yoshiko	Ankunding	https://cloudflare-ipfs.com/ipfs/Qmd3W5DuhgHirLHGVixi6V76LhCkZUz6pnFt5AJBiyvHye/avatar/1097.jpg	FEMALE	2021-09-02 04:27:04.691	2
366	Hubert_Waters74@yahoo.com	335.402.5860 x230	Orin	Schneider	https://cloudflare-ipfs.com/ipfs/Qmd3W5DuhgHirLHGVixi6V76LhCkZUz6pnFt5AJBiyvHye/avatar/990.jpg	MALE	2021-10-03 08:20:21.569	64
367	Rachel_Hauck@gmail.com	(763) 505-9358	Alberto	Feest	https://cloudflare-ipfs.com/ipfs/Qmd3W5DuhgHirLHGVixi6V76LhCkZUz6pnFt5AJBiyvHye/avatar/645.jpg	MALE	2021-03-15 03:26:56.731	14
368	Kathryne41@gmail.com	684.742.0469 x58645	Arno	Lang	https://cloudflare-ipfs.com/ipfs/Qmd3W5DuhgHirLHGVixi6V76LhCkZUz6pnFt5AJBiyvHye/avatar/0.jpg	FEMALE	2021-06-13 14:41:54.659	65
369	Marley.Murazik@yahoo.com	937-609-3119	Jayde	Hagenes	https://cloudflare-ipfs.com/ipfs/Qmd3W5DuhgHirLHGVixi6V76LhCkZUz6pnFt5AJBiyvHye/avatar/602.jpg	MALE	2021-11-17 17:01:23.527	39
370	Ima59@yahoo.com	372.277.5484 x40165	Emmanuel	MacGyver	https://cloudflare-ipfs.com/ipfs/Qmd3W5DuhgHirLHGVixi6V76LhCkZUz6pnFt5AJBiyvHye/avatar/796.jpg	MALE	2021-05-06 00:50:47.912	37
371	Jazmin_Emard@hotmail.com	1-831-696-4726	Kellie	Heathcote	https://cloudflare-ipfs.com/ipfs/Qmd3W5DuhgHirLHGVixi6V76LhCkZUz6pnFt5AJBiyvHye/avatar/293.jpg	FEMALE	2021-05-11 16:53:25.189	98
372	Vesta.Borer8@hotmail.com	659.895.1559 x6030	Flavio	Bartell	https://cloudflare-ipfs.com/ipfs/Qmd3W5DuhgHirLHGVixi6V76LhCkZUz6pnFt5AJBiyvHye/avatar/105.jpg	MALE	2021-08-26 19:10:33.321	38
373	Kaden56@gmail.com	(680) 246-3474 x3526	Daisy	Kuphal	https://cloudflare-ipfs.com/ipfs/Qmd3W5DuhgHirLHGVixi6V76LhCkZUz6pnFt5AJBiyvHye/avatar/979.jpg	FEMALE	2021-03-26 07:24:47.14	93
374	Frankie8@hotmail.com	288.318.3663 x0569	Jedidiah	Schmitt	https://cloudflare-ipfs.com/ipfs/Qmd3W5DuhgHirLHGVixi6V76LhCkZUz6pnFt5AJBiyvHye/avatar/326.jpg	FEMALE	2021-02-27 16:26:39.505	22
375	Lamar67@yahoo.com	343.870.1902 x4732	Dessie	Morar	https://cloudflare-ipfs.com/ipfs/Qmd3W5DuhgHirLHGVixi6V76LhCkZUz6pnFt5AJBiyvHye/avatar/749.jpg	MALE	2021-11-26 08:43:05.676	22
376	Ken_Marquardt98@gmail.com	(748) 463-4343	Issac	Balistreri	https://cloudflare-ipfs.com/ipfs/Qmd3W5DuhgHirLHGVixi6V76LhCkZUz6pnFt5AJBiyvHye/avatar/859.jpg	MALE	2021-04-16 08:33:58.933	91
377	Mozelle_Kutch@gmail.com	(235) 483-9153 x311	Toney	Schoen	https://cloudflare-ipfs.com/ipfs/Qmd3W5DuhgHirLHGVixi6V76LhCkZUz6pnFt5AJBiyvHye/avatar/862.jpg	FEMALE	2021-07-26 04:28:15.441	59
378	Shanna.Moen@gmail.com	227-311-9877 x367	Duane	Ortiz	https://cloudflare-ipfs.com/ipfs/Qmd3W5DuhgHirLHGVixi6V76LhCkZUz6pnFt5AJBiyvHye/avatar/81.jpg	FEMALE	2021-05-12 11:48:07.087	49
379	Eli.Howell@hotmail.com	816.656.0669	Dayna	Weimann	https://cloudflare-ipfs.com/ipfs/Qmd3W5DuhgHirLHGVixi6V76LhCkZUz6pnFt5AJBiyvHye/avatar/99.jpg	FEMALE	2021-05-08 17:51:55.56	15
380	Selena63@hotmail.com	(562) 847-1653 x544	Maggie	Bailey	https://cloudflare-ipfs.com/ipfs/Qmd3W5DuhgHirLHGVixi6V76LhCkZUz6pnFt5AJBiyvHye/avatar/608.jpg	MALE	2022-01-10 04:38:23.346	26
381	Maybelle.Predovic@yahoo.com	1-526-791-0429	Claudia	McClure	https://cloudflare-ipfs.com/ipfs/Qmd3W5DuhgHirLHGVixi6V76LhCkZUz6pnFt5AJBiyvHye/avatar/946.jpg	FEMALE	2021-10-22 16:39:07.749	64
382	Felicita70@yahoo.com	(393) 554-8513 x1304	Vaughn	Franey	https://cloudflare-ipfs.com/ipfs/Qmd3W5DuhgHirLHGVixi6V76LhCkZUz6pnFt5AJBiyvHye/avatar/578.jpg	FEMALE	2021-12-02 08:50:23.672	56
383	Caesar52@hotmail.com	1-288-750-4226 x9501	David	Kertzmann	https://cloudflare-ipfs.com/ipfs/Qmd3W5DuhgHirLHGVixi6V76LhCkZUz6pnFt5AJBiyvHye/avatar/777.jpg	MALE	2021-08-24 19:02:57.824	5
384	Celia74@hotmail.com	1-235-369-5659	Bridie	Schimmel	https://cloudflare-ipfs.com/ipfs/Qmd3W5DuhgHirLHGVixi6V76LhCkZUz6pnFt5AJBiyvHye/avatar/521.jpg	MALE	2021-09-20 23:40:39.068	98
385	Lelah57@gmail.com	854.837.6438	Anya	Satterfield	https://cloudflare-ipfs.com/ipfs/Qmd3W5DuhgHirLHGVixi6V76LhCkZUz6pnFt5AJBiyvHye/avatar/401.jpg	MALE	2021-10-17 02:55:42.074	62
386	Gladyce.Nader95@yahoo.com	394.316.1625	Natalie	Barton	https://cloudflare-ipfs.com/ipfs/Qmd3W5DuhgHirLHGVixi6V76LhCkZUz6pnFt5AJBiyvHye/avatar/124.jpg	MALE	2021-05-11 17:38:00.245	44
387	Novella.Pollich@yahoo.com	(867) 720-6202	Gaston	Wyman	https://cloudflare-ipfs.com/ipfs/Qmd3W5DuhgHirLHGVixi6V76LhCkZUz6pnFt5AJBiyvHye/avatar/683.jpg	MALE	2021-07-21 02:45:47.404	61
388	Theresia91@gmail.com	1-248-966-9151 x2198	Aniya	Hamill	https://cloudflare-ipfs.com/ipfs/Qmd3W5DuhgHirLHGVixi6V76LhCkZUz6pnFt5AJBiyvHye/avatar/919.jpg	FEMALE	2021-03-30 17:34:43	43
389	Bruce_Emmerich@gmail.com	994.201.5337	Celestino	Grant	https://cloudflare-ipfs.com/ipfs/Qmd3W5DuhgHirLHGVixi6V76LhCkZUz6pnFt5AJBiyvHye/avatar/959.jpg	MALE	2021-04-23 01:33:25.178	96
390	Ramiro63@hotmail.com	414.900.0792 x61282	Vena	Reinger	https://cloudflare-ipfs.com/ipfs/Qmd3W5DuhgHirLHGVixi6V76LhCkZUz6pnFt5AJBiyvHye/avatar/220.jpg	MALE	2021-07-04 14:36:14.792	94
391	Glenna7@hotmail.com	1-699-945-6839 x1997	Layla	Hilll	https://cloudflare-ipfs.com/ipfs/Qmd3W5DuhgHirLHGVixi6V76LhCkZUz6pnFt5AJBiyvHye/avatar/1194.jpg	MALE	2021-11-26 18:44:05.256	79
392	Graham63@gmail.com	462.674.4607	Dominic	Kilback	https://cloudflare-ipfs.com/ipfs/Qmd3W5DuhgHirLHGVixi6V76LhCkZUz6pnFt5AJBiyvHye/avatar/1032.jpg	MALE	2022-01-09 15:12:27.534	100
393	Abe_Tillman@yahoo.com	327.229.7885	Helmer	Hilll	https://cloudflare-ipfs.com/ipfs/Qmd3W5DuhgHirLHGVixi6V76LhCkZUz6pnFt5AJBiyvHye/avatar/176.jpg	MALE	2021-05-09 03:11:48.172	33
394	Dewitt_McGlynn10@hotmail.com	565.272.4522	Suzanne	Wuckert	https://cloudflare-ipfs.com/ipfs/Qmd3W5DuhgHirLHGVixi6V76LhCkZUz6pnFt5AJBiyvHye/avatar/533.jpg	FEMALE	2021-06-04 23:12:39.318	95
395	Roosevelt77@hotmail.com	1-837-230-0898 x761	Imani	Walsh	https://cloudflare-ipfs.com/ipfs/Qmd3W5DuhgHirLHGVixi6V76LhCkZUz6pnFt5AJBiyvHye/avatar/624.jpg	MALE	2021-07-15 20:14:01.241	18
396	Elenor_Stoltenberg@gmail.com	439-702-6091 x69010	Gerald	Conn	https://cloudflare-ipfs.com/ipfs/Qmd3W5DuhgHirLHGVixi6V76LhCkZUz6pnFt5AJBiyvHye/avatar/1067.jpg	FEMALE	2021-02-23 01:55:27.854	6
397	Loyce.Ziemann87@hotmail.com	292.805.4485 x096	Robin	Macejkovic	https://cloudflare-ipfs.com/ipfs/Qmd3W5DuhgHirLHGVixi6V76LhCkZUz6pnFt5AJBiyvHye/avatar/692.jpg	MALE	2021-03-30 10:39:10.955	58
398	Lexie.Wolf43@yahoo.com	736-755-9978	Marianna	Parisian	https://cloudflare-ipfs.com/ipfs/Qmd3W5DuhgHirLHGVixi6V76LhCkZUz6pnFt5AJBiyvHye/avatar/705.jpg	FEMALE	2021-11-15 05:45:46.843	12
399	Meaghan.Kozey@yahoo.com	465.317.9574 x412	Toy	Bosco	https://cloudflare-ipfs.com/ipfs/Qmd3W5DuhgHirLHGVixi6V76LhCkZUz6pnFt5AJBiyvHye/avatar/70.jpg	MALE	2022-01-08 22:29:30.424	68
400	Mackenzie11@gmail.com	539.342.9644	Leanna	Kshlerin	https://cloudflare-ipfs.com/ipfs/Qmd3W5DuhgHirLHGVixi6V76LhCkZUz6pnFt5AJBiyvHye/avatar/364.jpg	FEMALE	2021-12-21 00:15:43.117	11
401	Sarina_OConner37@yahoo.com	590-982-4360	Benedict	Ryan	https://cloudflare-ipfs.com/ipfs/Qmd3W5DuhgHirLHGVixi6V76LhCkZUz6pnFt5AJBiyvHye/avatar/1038.jpg	MALE	2021-03-30 21:00:55.049	63
402	Patsy.Hilll@gmail.com	495-525-3725 x4144	Evan	Mayert	https://cloudflare-ipfs.com/ipfs/Qmd3W5DuhgHirLHGVixi6V76LhCkZUz6pnFt5AJBiyvHye/avatar/1055.jpg	FEMALE	2021-03-23 07:22:55.797	45
403	Wayne.Collins45@gmail.com	1-550-603-0068 x6142	Joey	Wunsch	https://cloudflare-ipfs.com/ipfs/Qmd3W5DuhgHirLHGVixi6V76LhCkZUz6pnFt5AJBiyvHye/avatar/534.jpg	FEMALE	2021-04-17 20:31:58.323	4
404	Keaton.Schiller@gmail.com	804-757-9228	Columbus	Simonis	https://cloudflare-ipfs.com/ipfs/Qmd3W5DuhgHirLHGVixi6V76LhCkZUz6pnFt5AJBiyvHye/avatar/522.jpg	MALE	2021-04-16 08:39:31.464	66
405	Austen.Hartmann@gmail.com	331-864-3873 x89932	Curtis	Bednar	https://cloudflare-ipfs.com/ipfs/Qmd3W5DuhgHirLHGVixi6V76LhCkZUz6pnFt5AJBiyvHye/avatar/1203.jpg	FEMALE	2021-05-18 11:53:38.579	43
406	Richie_Welch5@gmail.com	826-395-8539 x27256	Gilbert	Schaefer	https://cloudflare-ipfs.com/ipfs/Qmd3W5DuhgHirLHGVixi6V76LhCkZUz6pnFt5AJBiyvHye/avatar/1215.jpg	MALE	2021-04-07 14:44:05.721	47
407	Dewitt79@gmail.com	837-766-9048	Rahsaan	Grimes	https://cloudflare-ipfs.com/ipfs/Qmd3W5DuhgHirLHGVixi6V76LhCkZUz6pnFt5AJBiyvHye/avatar/34.jpg	MALE	2021-10-22 09:32:26.776	83
408	Mittie46@hotmail.com	1-407-785-4192	Nyasia	Mraz	https://cloudflare-ipfs.com/ipfs/Qmd3W5DuhgHirLHGVixi6V76LhCkZUz6pnFt5AJBiyvHye/avatar/273.jpg	MALE	2021-08-24 02:42:07.043	5
409	Makenzie.Quigley73@hotmail.com	(894) 439-1234 x87646	Magnolia	Kihn	https://cloudflare-ipfs.com/ipfs/Qmd3W5DuhgHirLHGVixi6V76LhCkZUz6pnFt5AJBiyvHye/avatar/527.jpg	FEMALE	2021-04-23 14:51:02.456	51
410	Elizabeth.Koch@gmail.com	(891) 705-8356 x135	Sylvan	Oberbrunner	https://cloudflare-ipfs.com/ipfs/Qmd3W5DuhgHirLHGVixi6V76LhCkZUz6pnFt5AJBiyvHye/avatar/385.jpg	FEMALE	2021-06-16 16:39:37.396	45
411	Rodrick77@yahoo.com	974-889-1366 x6828	Hettie	Turner	https://cloudflare-ipfs.com/ipfs/Qmd3W5DuhgHirLHGVixi6V76LhCkZUz6pnFt5AJBiyvHye/avatar/883.jpg	FEMALE	2021-09-24 22:08:36.223	49
412	Eleanore.Cassin@gmail.com	1-291-547-5023	Shanel	Shanahan	https://cloudflare-ipfs.com/ipfs/Qmd3W5DuhgHirLHGVixi6V76LhCkZUz6pnFt5AJBiyvHye/avatar/1122.jpg	FEMALE	2021-11-16 18:01:15.064	76
413	Henry.Tromp89@yahoo.com	(663) 482-2283	Favian	Hartmann	https://cloudflare-ipfs.com/ipfs/Qmd3W5DuhgHirLHGVixi6V76LhCkZUz6pnFt5AJBiyvHye/avatar/77.jpg	MALE	2021-02-16 23:43:10.258	70
414	Doyle_Gusikowski@yahoo.com	1-277-851-9146 x987	Steve	Bergnaum	https://cloudflare-ipfs.com/ipfs/Qmd3W5DuhgHirLHGVixi6V76LhCkZUz6pnFt5AJBiyvHye/avatar/572.jpg	MALE	2021-12-31 22:26:36.345	49
415	Caroline.Little18@hotmail.com	1-421-640-6634	Dejah	Pollich	https://cloudflare-ipfs.com/ipfs/Qmd3W5DuhgHirLHGVixi6V76LhCkZUz6pnFt5AJBiyvHye/avatar/102.jpg	FEMALE	2021-05-31 16:45:42.472	19
416	Dakota_Lehner45@gmail.com	885-315-1095 x5610	Jefferey	Gerlach	https://cloudflare-ipfs.com/ipfs/Qmd3W5DuhgHirLHGVixi6V76LhCkZUz6pnFt5AJBiyvHye/avatar/336.jpg	MALE	2021-10-06 03:01:57.871	85
417	Eunice_Thiel@yahoo.com	1-600-777-8433 x30932	Leonora	Gleichner	https://cloudflare-ipfs.com/ipfs/Qmd3W5DuhgHirLHGVixi6V76LhCkZUz6pnFt5AJBiyvHye/avatar/1168.jpg	MALE	2021-04-10 23:37:24.636	57
418	Jayme.Wehner@hotmail.com	1-622-683-0750 x50085	Jared	Hickle	https://cloudflare-ipfs.com/ipfs/Qmd3W5DuhgHirLHGVixi6V76LhCkZUz6pnFt5AJBiyvHye/avatar/772.jpg	MALE	2021-01-30 01:42:41.582	17
419	Lavern_Grady@gmail.com	346.757.1284	Justina	Heidenreich	https://cloudflare-ipfs.com/ipfs/Qmd3W5DuhgHirLHGVixi6V76LhCkZUz6pnFt5AJBiyvHye/avatar/108.jpg	FEMALE	2021-04-02 11:07:04.563	48
420	Leda.Lindgren@gmail.com	1-415-855-7412	Davion	Grady	https://cloudflare-ipfs.com/ipfs/Qmd3W5DuhgHirLHGVixi6V76LhCkZUz6pnFt5AJBiyvHye/avatar/265.jpg	FEMALE	2022-01-14 17:17:54.085	5
421	Haley.Emard@hotmail.com	1-757-956-4084 x973	Izaiah	Schulist	https://cloudflare-ipfs.com/ipfs/Qmd3W5DuhgHirLHGVixi6V76LhCkZUz6pnFt5AJBiyvHye/avatar/1132.jpg	FEMALE	2021-06-13 00:57:02.908	65
422	Carissa.Batz23@hotmail.com	923.240.0846	Robert	Cole	https://cloudflare-ipfs.com/ipfs/Qmd3W5DuhgHirLHGVixi6V76LhCkZUz6pnFt5AJBiyvHye/avatar/736.jpg	FEMALE	2021-10-16 13:37:58.797	98
423	Maryse.Marks77@yahoo.com	(754) 397-5212	Mya	Windler	https://cloudflare-ipfs.com/ipfs/Qmd3W5DuhgHirLHGVixi6V76LhCkZUz6pnFt5AJBiyvHye/avatar/273.jpg	FEMALE	2021-09-23 20:41:52.8	88
424	Lily81@yahoo.com	1-294-461-9179 x604	Mike	Howe	https://cloudflare-ipfs.com/ipfs/Qmd3W5DuhgHirLHGVixi6V76LhCkZUz6pnFt5AJBiyvHye/avatar/834.jpg	FEMALE	2021-07-08 00:55:04.516	40
425	Maritza.Ryan@hotmail.com	448.489.3857 x9107	Greg	Bernier	https://cloudflare-ipfs.com/ipfs/Qmd3W5DuhgHirLHGVixi6V76LhCkZUz6pnFt5AJBiyvHye/avatar/576.jpg	FEMALE	2021-06-26 23:40:27.539	53
426	Esmeralda95@yahoo.com	972.420.6729	Lavonne	Swaniawski	https://cloudflare-ipfs.com/ipfs/Qmd3W5DuhgHirLHGVixi6V76LhCkZUz6pnFt5AJBiyvHye/avatar/448.jpg	MALE	2021-02-17 22:09:24.62	62
427	Jermey33@yahoo.com	1-563-630-7900	Moriah	Hermiston	https://cloudflare-ipfs.com/ipfs/Qmd3W5DuhgHirLHGVixi6V76LhCkZUz6pnFt5AJBiyvHye/avatar/1025.jpg	FEMALE	2021-02-20 20:52:17.775	47
428	Brady77@hotmail.com	(899) 311-2228 x168	Karl	Anderson	https://cloudflare-ipfs.com/ipfs/Qmd3W5DuhgHirLHGVixi6V76LhCkZUz6pnFt5AJBiyvHye/avatar/881.jpg	MALE	2021-12-20 15:58:19.357	52
429	Timothy10@hotmail.com	212.356.8963	Nigel	Marvin	https://cloudflare-ipfs.com/ipfs/Qmd3W5DuhgHirLHGVixi6V76LhCkZUz6pnFt5AJBiyvHye/avatar/502.jpg	FEMALE	2021-06-29 07:15:40.753	66
430	Wilhelm_Cole19@hotmail.com	1-493-999-8002	Antwon	Rempel	https://cloudflare-ipfs.com/ipfs/Qmd3W5DuhgHirLHGVixi6V76LhCkZUz6pnFt5AJBiyvHye/avatar/442.jpg	FEMALE	2021-02-04 14:52:55.541	18
431	Eileen.Huels89@gmail.com	(251) 231-3432 x437	Juliana	Feest	https://cloudflare-ipfs.com/ipfs/Qmd3W5DuhgHirLHGVixi6V76LhCkZUz6pnFt5AJBiyvHye/avatar/610.jpg	MALE	2021-08-30 03:03:18.505	91
432	Anabelle.Keebler87@gmail.com	872.380.0318	Abbie	Vandervort	https://cloudflare-ipfs.com/ipfs/Qmd3W5DuhgHirLHGVixi6V76LhCkZUz6pnFt5AJBiyvHye/avatar/836.jpg	FEMALE	2021-06-29 23:46:44.819	62
433	Esta79@hotmail.com	(266) 538-6881	Braulio	Osinski	https://cloudflare-ipfs.com/ipfs/Qmd3W5DuhgHirLHGVixi6V76LhCkZUz6pnFt5AJBiyvHye/avatar/966.jpg	FEMALE	2021-01-27 03:29:27.564	80
434	Mazie.Hettinger@gmail.com	627-902-2324	Jerrell	Emard	https://cloudflare-ipfs.com/ipfs/Qmd3W5DuhgHirLHGVixi6V76LhCkZUz6pnFt5AJBiyvHye/avatar/942.jpg	FEMALE	2021-02-10 15:50:35.546	70
435	Geovany21@yahoo.com	413.995.3612	Holly	Prohaska	https://cloudflare-ipfs.com/ipfs/Qmd3W5DuhgHirLHGVixi6V76LhCkZUz6pnFt5AJBiyvHye/avatar/832.jpg	MALE	2022-01-21 16:00:22.661	31
436	Lorena_Morissette0@yahoo.com	(943) 769-9290	Gwendolyn	Kertzmann	https://cloudflare-ipfs.com/ipfs/Qmd3W5DuhgHirLHGVixi6V76LhCkZUz6pnFt5AJBiyvHye/avatar/450.jpg	MALE	2021-08-10 16:38:13.973	60
437	Jane.Jacobi76@yahoo.com	(815) 916-0437 x5125	Shea	Witting	https://cloudflare-ipfs.com/ipfs/Qmd3W5DuhgHirLHGVixi6V76LhCkZUz6pnFt5AJBiyvHye/avatar/603.jpg	FEMALE	2021-12-12 08:38:28.07	70
438	Benedict26@yahoo.com	547.312.5752 x258	Earline	Zboncak	https://cloudflare-ipfs.com/ipfs/Qmd3W5DuhgHirLHGVixi6V76LhCkZUz6pnFt5AJBiyvHye/avatar/348.jpg	FEMALE	2021-05-23 02:44:14.009	98
439	Corine.Hayes63@yahoo.com	641-632-6049	Ova	Hand	https://cloudflare-ipfs.com/ipfs/Qmd3W5DuhgHirLHGVixi6V76LhCkZUz6pnFt5AJBiyvHye/avatar/524.jpg	FEMALE	2021-08-28 08:23:39.29	8
440	Vivian15@gmail.com	998-305-1248 x8527	Darian	Yundt	https://cloudflare-ipfs.com/ipfs/Qmd3W5DuhgHirLHGVixi6V76LhCkZUz6pnFt5AJBiyvHye/avatar/162.jpg	FEMALE	2021-04-22 13:26:58.551	34
441	Millie.Abernathy9@yahoo.com	(964) 539-3930	Cesar	Schaefer	https://cloudflare-ipfs.com/ipfs/Qmd3W5DuhgHirLHGVixi6V76LhCkZUz6pnFt5AJBiyvHye/avatar/543.jpg	FEMALE	2021-04-26 04:04:35.445	99
442	Herta.Schmidt38@hotmail.com	961.589.8351 x8700	Vilma	Kshlerin	https://cloudflare-ipfs.com/ipfs/Qmd3W5DuhgHirLHGVixi6V76LhCkZUz6pnFt5AJBiyvHye/avatar/998.jpg	MALE	2021-06-23 13:04:45.573	48
443	Manuel86@yahoo.com	1-257-335-5538 x12659	Alejandrin	Mayert	https://cloudflare-ipfs.com/ipfs/Qmd3W5DuhgHirLHGVixi6V76LhCkZUz6pnFt5AJBiyvHye/avatar/254.jpg	FEMALE	2021-07-06 07:45:32.345	11
444	Ezequiel_Hane47@yahoo.com	950.927.2766	Florencio	Donnelly	https://cloudflare-ipfs.com/ipfs/Qmd3W5DuhgHirLHGVixi6V76LhCkZUz6pnFt5AJBiyvHye/avatar/1240.jpg	FEMALE	2021-12-05 05:53:10.327	54
445	Orville76@yahoo.com	(224) 357-7998 x43472	Giovani	Swift	https://cloudflare-ipfs.com/ipfs/Qmd3W5DuhgHirLHGVixi6V76LhCkZUz6pnFt5AJBiyvHye/avatar/599.jpg	MALE	2021-10-29 12:33:30.226	36
446	Lola_Nicolas@yahoo.com	1-223-479-5743	Cathrine	Funk	https://cloudflare-ipfs.com/ipfs/Qmd3W5DuhgHirLHGVixi6V76LhCkZUz6pnFt5AJBiyvHye/avatar/816.jpg	FEMALE	2021-06-21 15:12:49.329	36
447	Marlee59@yahoo.com	478.633.3451 x57645	Ramiro	Cassin	https://cloudflare-ipfs.com/ipfs/Qmd3W5DuhgHirLHGVixi6V76LhCkZUz6pnFt5AJBiyvHye/avatar/330.jpg	FEMALE	2022-01-15 15:24:16.195	32
448	Mariam_Heller@hotmail.com	633.557.5871 x678	Halle	Hyatt	https://cloudflare-ipfs.com/ipfs/Qmd3W5DuhgHirLHGVixi6V76LhCkZUz6pnFt5AJBiyvHye/avatar/569.jpg	FEMALE	2021-06-26 10:24:43.657	79
449	Walker_Green44@gmail.com	480.683.8495	Johann	Vandervort	https://cloudflare-ipfs.com/ipfs/Qmd3W5DuhgHirLHGVixi6V76LhCkZUz6pnFt5AJBiyvHye/avatar/389.jpg	FEMALE	2021-07-17 02:21:45.504	9
450	Bernardo93@gmail.com	512-649-4412	Kurt	Daniel	https://cloudflare-ipfs.com/ipfs/Qmd3W5DuhgHirLHGVixi6V76LhCkZUz6pnFt5AJBiyvHye/avatar/265.jpg	FEMALE	2021-02-19 23:42:39.198	53
451	Isabelle_Marquardt58@hotmail.com	1-801-834-8112	Bradford	Prohaska	https://cloudflare-ipfs.com/ipfs/Qmd3W5DuhgHirLHGVixi6V76LhCkZUz6pnFt5AJBiyvHye/avatar/712.jpg	FEMALE	2021-06-23 05:34:37.879	2
452	Lera.Schneider18@hotmail.com	398.299.4954 x9831	Hoyt	Frami	https://cloudflare-ipfs.com/ipfs/Qmd3W5DuhgHirLHGVixi6V76LhCkZUz6pnFt5AJBiyvHye/avatar/1106.jpg	MALE	2021-10-06 20:31:52.539	17
453	Cydney.Stroman@hotmail.com	740.393.8909 x549	Antwan	Herman	https://cloudflare-ipfs.com/ipfs/Qmd3W5DuhgHirLHGVixi6V76LhCkZUz6pnFt5AJBiyvHye/avatar/810.jpg	MALE	2021-07-24 05:39:53.753	21
454	Johnson9@hotmail.com	219-742-5554	Reyes	Wuckert	https://cloudflare-ipfs.com/ipfs/Qmd3W5DuhgHirLHGVixi6V76LhCkZUz6pnFt5AJBiyvHye/avatar/1050.jpg	MALE	2021-05-15 14:08:17.324	72
455	Orlo.Blick@gmail.com	1-896-547-2349	Heather	Rosenbaum	https://cloudflare-ipfs.com/ipfs/Qmd3W5DuhgHirLHGVixi6V76LhCkZUz6pnFt5AJBiyvHye/avatar/524.jpg	FEMALE	2021-05-02 04:48:49.749	9
456	Mariano32@hotmail.com	(386) 201-2369 x791	Werner	Kris	https://cloudflare-ipfs.com/ipfs/Qmd3W5DuhgHirLHGVixi6V76LhCkZUz6pnFt5AJBiyvHye/avatar/372.jpg	MALE	2021-10-10 20:36:29.628	95
457	Eusebio_Mosciski@hotmail.com	(697) 935-9869	Markus	Reichel	https://cloudflare-ipfs.com/ipfs/Qmd3W5DuhgHirLHGVixi6V76LhCkZUz6pnFt5AJBiyvHye/avatar/596.jpg	FEMALE	2021-11-25 17:03:15.76	78
458	Kaitlyn_Heathcote@hotmail.com	(243) 208-0781 x74457	Colby	Ferry	https://cloudflare-ipfs.com/ipfs/Qmd3W5DuhgHirLHGVixi6V76LhCkZUz6pnFt5AJBiyvHye/avatar/978.jpg	MALE	2021-09-18 19:40:58.841	57
459	Janet_Bechtelar@yahoo.com	448-825-3054	Irma	Murazik	https://cloudflare-ipfs.com/ipfs/Qmd3W5DuhgHirLHGVixi6V76LhCkZUz6pnFt5AJBiyvHye/avatar/1100.jpg	MALE	2022-01-03 09:51:10.292	87
460	Jayne60@gmail.com	(914) 522-9325 x6042	Lyda	Rice	https://cloudflare-ipfs.com/ipfs/Qmd3W5DuhgHirLHGVixi6V76LhCkZUz6pnFt5AJBiyvHye/avatar/1009.jpg	MALE	2021-12-03 17:59:49.649	33
461	Jamarcus_Ritchie@gmail.com	604.750.7875 x548	Skylar	Feil	https://cloudflare-ipfs.com/ipfs/Qmd3W5DuhgHirLHGVixi6V76LhCkZUz6pnFt5AJBiyvHye/avatar/263.jpg	FEMALE	2021-06-17 09:46:10.936	79
462	Ashley_McClure@yahoo.com	338-418-9731	Eldridge	Stiedemann	https://cloudflare-ipfs.com/ipfs/Qmd3W5DuhgHirLHGVixi6V76LhCkZUz6pnFt5AJBiyvHye/avatar/430.jpg	MALE	2021-06-25 21:13:00.012	60
463	Arthur_Trantow@hotmail.com	675.327.1721	Kaleb	Lindgren	https://cloudflare-ipfs.com/ipfs/Qmd3W5DuhgHirLHGVixi6V76LhCkZUz6pnFt5AJBiyvHye/avatar/1100.jpg	MALE	2021-05-01 03:26:08.142	78
464	Mittie_Dare@hotmail.com	420.254.0946	Vince	Terry	https://cloudflare-ipfs.com/ipfs/Qmd3W5DuhgHirLHGVixi6V76LhCkZUz6pnFt5AJBiyvHye/avatar/691.jpg	FEMALE	2021-05-16 13:19:43.272	97
465	Betsy_Moore5@hotmail.com	1-883-629-8666	Alvina	Beier	https://cloudflare-ipfs.com/ipfs/Qmd3W5DuhgHirLHGVixi6V76LhCkZUz6pnFt5AJBiyvHye/avatar/1101.jpg	MALE	2021-09-24 04:11:39.413	48
466	Augustus.McDermott93@yahoo.com	748.952.9868	Martina	Green	https://cloudflare-ipfs.com/ipfs/Qmd3W5DuhgHirLHGVixi6V76LhCkZUz6pnFt5AJBiyvHye/avatar/660.jpg	MALE	2021-05-28 04:15:35.462	62
467	Vinnie.Howe87@yahoo.com	532-754-2389	Kory	Vandervort	https://cloudflare-ipfs.com/ipfs/Qmd3W5DuhgHirLHGVixi6V76LhCkZUz6pnFt5AJBiyvHye/avatar/47.jpg	MALE	2021-11-23 07:56:54.331	11
468	Cesar83@gmail.com	(404) 591-4442 x637	Leanne	Schulist	https://cloudflare-ipfs.com/ipfs/Qmd3W5DuhgHirLHGVixi6V76LhCkZUz6pnFt5AJBiyvHye/avatar/542.jpg	FEMALE	2021-03-30 20:35:51.265	53
469	Reinhold_Will29@gmail.com	(658) 281-1725 x9435	Jed	Dare	https://cloudflare-ipfs.com/ipfs/Qmd3W5DuhgHirLHGVixi6V76LhCkZUz6pnFt5AJBiyvHye/avatar/246.jpg	MALE	2021-11-24 04:39:54.942	23
470	Josefa97@yahoo.com	1-528-988-5957	Lilian	Yundt	https://cloudflare-ipfs.com/ipfs/Qmd3W5DuhgHirLHGVixi6V76LhCkZUz6pnFt5AJBiyvHye/avatar/867.jpg	MALE	2021-03-24 10:00:33.21	56
471	Caterina.Sanford62@gmail.com	630.407.0316 x2423	Annabell	Schamberger	https://cloudflare-ipfs.com/ipfs/Qmd3W5DuhgHirLHGVixi6V76LhCkZUz6pnFt5AJBiyvHye/avatar/401.jpg	MALE	2021-05-10 12:22:14.974	63
472	Leonard74@hotmail.com	233.832.4718	Jakob	Baumbach	https://cloudflare-ipfs.com/ipfs/Qmd3W5DuhgHirLHGVixi6V76LhCkZUz6pnFt5AJBiyvHye/avatar/826.jpg	FEMALE	2021-03-24 11:29:59.367	9
473	Santino_Dibbert36@yahoo.com	278.353.0658 x71050	Nova	Yundt	https://cloudflare-ipfs.com/ipfs/Qmd3W5DuhgHirLHGVixi6V76LhCkZUz6pnFt5AJBiyvHye/avatar/687.jpg	MALE	2021-11-12 18:33:44.929	84
474	Palma.Terry92@gmail.com	(564) 457-7612 x0352	Patricia	McCullough	https://cloudflare-ipfs.com/ipfs/Qmd3W5DuhgHirLHGVixi6V76LhCkZUz6pnFt5AJBiyvHye/avatar/572.jpg	MALE	2021-04-23 14:18:16.436	72
475	Cooper33@gmail.com	427.860.7970	Colt	Murazik	https://cloudflare-ipfs.com/ipfs/Qmd3W5DuhgHirLHGVixi6V76LhCkZUz6pnFt5AJBiyvHye/avatar/22.jpg	MALE	2021-12-02 21:45:09.113	75
476	Daphney.Hayes4@gmail.com	(204) 351-3408	Freddy	Bosco	https://cloudflare-ipfs.com/ipfs/Qmd3W5DuhgHirLHGVixi6V76LhCkZUz6pnFt5AJBiyvHye/avatar/241.jpg	FEMALE	2021-02-19 02:07:09.775	65
477	Otto.Leffler98@gmail.com	1-895-938-7463 x24360	Gillian	Johnson	https://cloudflare-ipfs.com/ipfs/Qmd3W5DuhgHirLHGVixi6V76LhCkZUz6pnFt5AJBiyvHye/avatar/1220.jpg	FEMALE	2022-01-09 01:37:46.513	9
478	Nikko.Willms@yahoo.com	711.576.8372 x83082	Keshawn	Jaskolski	https://cloudflare-ipfs.com/ipfs/Qmd3W5DuhgHirLHGVixi6V76LhCkZUz6pnFt5AJBiyvHye/avatar/1157.jpg	MALE	2021-04-28 08:26:19.754	4
479	Jacynthe17@gmail.com	707-646-9485 x50086	Chasity	Jerde	https://cloudflare-ipfs.com/ipfs/Qmd3W5DuhgHirLHGVixi6V76LhCkZUz6pnFt5AJBiyvHye/avatar/593.jpg	FEMALE	2021-10-24 17:58:20.445	30
480	Jean77@yahoo.com	991.425.6328 x361	Irving	Lowe	https://cloudflare-ipfs.com/ipfs/Qmd3W5DuhgHirLHGVixi6V76LhCkZUz6pnFt5AJBiyvHye/avatar/792.jpg	MALE	2021-09-09 22:22:48.711	27
481	Demetrius.Kilback43@yahoo.com	303-769-0835 x52546	Dejah	Veum	https://cloudflare-ipfs.com/ipfs/Qmd3W5DuhgHirLHGVixi6V76LhCkZUz6pnFt5AJBiyvHye/avatar/1207.jpg	MALE	2021-09-21 11:40:10.03	96
482	Scotty75@hotmail.com	505-480-9564	Emanuel	Ortiz	https://cloudflare-ipfs.com/ipfs/Qmd3W5DuhgHirLHGVixi6V76LhCkZUz6pnFt5AJBiyvHye/avatar/601.jpg	FEMALE	2021-04-15 02:42:13.252	68
483	Vaughn_Moore@hotmail.com	(631) 919-9747	Crawford	Kunde	https://cloudflare-ipfs.com/ipfs/Qmd3W5DuhgHirLHGVixi6V76LhCkZUz6pnFt5AJBiyvHye/avatar/895.jpg	MALE	2021-12-15 00:19:25.004	6
484	Merritt75@gmail.com	1-250-842-1321	Karianne	Marquardt	https://cloudflare-ipfs.com/ipfs/Qmd3W5DuhgHirLHGVixi6V76LhCkZUz6pnFt5AJBiyvHye/avatar/1187.jpg	FEMALE	2021-11-18 14:49:15.029	31
485	Wilhelm27@yahoo.com	230-255-9994	Alexandro	Roberts	https://cloudflare-ipfs.com/ipfs/Qmd3W5DuhgHirLHGVixi6V76LhCkZUz6pnFt5AJBiyvHye/avatar/598.jpg	FEMALE	2021-05-01 23:34:17.078	30
486	Sigmund5@gmail.com	1-381-769-7652	Maud	Streich	https://cloudflare-ipfs.com/ipfs/Qmd3W5DuhgHirLHGVixi6V76LhCkZUz6pnFt5AJBiyvHye/avatar/942.jpg	MALE	2021-11-11 08:15:36.147	5
487	Tamara.Crooks71@yahoo.com	773-516-1929 x3874	Morton	D'Amore	https://cloudflare-ipfs.com/ipfs/Qmd3W5DuhgHirLHGVixi6V76LhCkZUz6pnFt5AJBiyvHye/avatar/734.jpg	MALE	2021-12-23 10:22:09.315	78
488	Marlen.Schulist@yahoo.com	(780) 211-0316 x7829	Kylee	Klein	https://cloudflare-ipfs.com/ipfs/Qmd3W5DuhgHirLHGVixi6V76LhCkZUz6pnFt5AJBiyvHye/avatar/1147.jpg	FEMALE	2021-01-30 21:44:17.964	86
489	Evie.Bogan@yahoo.com	1-757-479-3348 x093	Clarabelle	Jacobs	https://cloudflare-ipfs.com/ipfs/Qmd3W5DuhgHirLHGVixi6V76LhCkZUz6pnFt5AJBiyvHye/avatar/388.jpg	FEMALE	2021-09-18 06:21:22.297	54
490	Bridie16@hotmail.com	395.919.0705	Winston	Cole	https://cloudflare-ipfs.com/ipfs/Qmd3W5DuhgHirLHGVixi6V76LhCkZUz6pnFt5AJBiyvHye/avatar/975.jpg	FEMALE	2021-02-14 02:14:41.548	78
491	Justina11@gmail.com	307-224-5042 x70842	Roscoe	Swaniawski	https://cloudflare-ipfs.com/ipfs/Qmd3W5DuhgHirLHGVixi6V76LhCkZUz6pnFt5AJBiyvHye/avatar/1008.jpg	MALE	2021-02-01 07:05:33.168	96
492	Thalia_Hirthe@hotmail.com	580.591.0652	Joaquin	Mertz	https://cloudflare-ipfs.com/ipfs/Qmd3W5DuhgHirLHGVixi6V76LhCkZUz6pnFt5AJBiyvHye/avatar/1141.jpg	MALE	2021-12-20 04:05:33.068	71
493	Wilson_Padberg54@yahoo.com	434.374.3425 x374	Layla	Murray	https://cloudflare-ipfs.com/ipfs/Qmd3W5DuhgHirLHGVixi6V76LhCkZUz6pnFt5AJBiyvHye/avatar/785.jpg	MALE	2021-12-15 09:14:33.871	73
494	Emile34@gmail.com	225-919-8594 x0519	Jovan	Parisian	https://cloudflare-ipfs.com/ipfs/Qmd3W5DuhgHirLHGVixi6V76LhCkZUz6pnFt5AJBiyvHye/avatar/680.jpg	FEMALE	2022-01-10 15:15:26.16	59
495	Elbert.Mertz@gmail.com	(474) 475-4934 x1303	Joey	Klein	https://cloudflare-ipfs.com/ipfs/Qmd3W5DuhgHirLHGVixi6V76LhCkZUz6pnFt5AJBiyvHye/avatar/889.jpg	FEMALE	2021-05-03 00:11:52.911	96
496	Jason_Schmidt@hotmail.com	(996) 770-9735	Carli	Koss	https://cloudflare-ipfs.com/ipfs/Qmd3W5DuhgHirLHGVixi6V76LhCkZUz6pnFt5AJBiyvHye/avatar/329.jpg	MALE	2022-01-20 16:23:43.194	29
497	Angus39@hotmail.com	1-274-257-2474 x5431	Corene	Homenick	https://cloudflare-ipfs.com/ipfs/Qmd3W5DuhgHirLHGVixi6V76LhCkZUz6pnFt5AJBiyvHye/avatar/304.jpg	FEMALE	2021-10-07 00:30:55.048	90
498	Jonatan.King@hotmail.com	(836) 270-8656	Zoe	Langosh	https://cloudflare-ipfs.com/ipfs/Qmd3W5DuhgHirLHGVixi6V76LhCkZUz6pnFt5AJBiyvHye/avatar/552.jpg	MALE	2021-10-05 18:50:27.851	1
499	Deonte83@hotmail.com	398-778-2671	Ottilie	Donnelly	https://cloudflare-ipfs.com/ipfs/Qmd3W5DuhgHirLHGVixi6V76LhCkZUz6pnFt5AJBiyvHye/avatar/342.jpg	FEMALE	2021-10-24 00:37:11.206	1
500	Patricia.Rau@gmail.com	420-895-7635 x7835	Juliana	Windler	https://cloudflare-ipfs.com/ipfs/Qmd3W5DuhgHirLHGVixi6V76LhCkZUz6pnFt5AJBiyvHye/avatar/1009.jpg	MALE	2022-01-13 08:03:26.425	9
\.


--
-- TOC entry 3161 (class 0 OID 51359)
-- Dependencies: 204
-- Data for Name: Section; Type: TABLE DATA; Schema: public; Owner: pendo
--

COPY public."Section" (id, code, "adminId") FROM stdin;
1	A	2
2	B	3
3	C 	4
4	D	5
\.


--
-- TOC entry 3159 (class 0 OID 51348)
-- Dependencies: 202
-- Data for Name: Tent; Type: TABLE DATA; Schema: public; Owner: pendo
--

COPY public."Tent" (id, code, "sectionId") FROM stdin;
1	TG-1	2
2	TG-2	1
3	TG-3	3
4	TG-4	1
5	TG-5	4
6	TG-6	4
7	TG-7	3
8	TG-8	1
9	TG-9	4
10	TG-10	4
11	TG-11	3
12	TG-12	4
13	TG-13	1
14	TG-14	3
15	TG-15	2
16	TG-16	2
17	TG-17	1
18	TG-18	4
19	TG-19	3
20	TG-20	1
21	TG-21	2
22	TG-22	2
23	TG-23	3
24	TG-24	4
25	TG-25	2
26	TG-26	4
27	TG-27	3
28	TG-28	4
29	TG-29	2
30	TG-30	1
31	TG-31	2
32	TG-32	3
33	TG-33	1
34	TG-34	3
35	TG-35	1
36	TG-36	4
37	TG-37	2
38	TG-38	4
39	TG-39	4
40	TG-40	1
41	TG-41	3
42	TG-42	2
43	TG-43	4
44	TG-44	3
45	TG-45	2
46	TG-46	4
47	TG-47	3
48	TG-48	1
49	TG-49	4
50	TG-50	4
51	TG-51	1
52	TG-52	3
53	TG-53	2
54	TG-54	3
55	TG-55	2
56	TG-56	4
57	TG-57	1
58	TG-58	3
59	TG-59	3
60	TG-60	4
61	TG-61	2
62	TG-62	1
63	TG-63	4
64	TG-64	1
65	TG-65	3
66	TG-66	3
67	TG-67	2
68	TG-68	3
69	TG-69	1
70	TG-70	3
71	TG-71	3
72	TG-72	3
73	TG-73	1
74	TG-74	3
75	TG-75	4
76	TG-76	4
77	TG-77	2
78	TG-78	4
79	TG-79	3
80	TG-80	3
81	TG-81	1
82	TG-82	2
83	TG-83	4
84	TG-84	1
85	TG-85	4
86	TG-86	3
87	TG-87	3
88	TG-88	1
89	TG-89	1
90	TG-90	3
91	TG-91	2
92	TG-92	2
93	TG-93	1
94	TG-94	4
95	TG-95	2
96	TG-96	4
97	TG-97	2
98	TG-98	4
99	TG-99	4
100	TG-100	2
\.


--
-- TOC entry 3163 (class 0 OID 51382)
-- Dependencies: 206
-- Data for Name: Transaction; Type: TABLE DATA; Schema: public; Owner: pendo
--

COPY public."Transaction" (id, amount, "transactionType", "createdAt", "adminId", "sectionId", "refugeeId") FROM stdin;
1	33	ADMIN_TO_SECTION	2022-01-22 20:08:24.712	2	4	98
2	98	ADMIN_TO_INDIVIDUAL	2022-01-22 20:08:24.768	1	3	161
3	67	ADMIN_TO_INDIVIDUAL	2022-01-22 20:08:24.789	3	1	267
4	14	ADMIN_TO_SECTION	2022-01-22 20:08:24.81	5	2	498
5	24	ADMIN_TO_SECTION	2022-01-22 20:08:24.829	1	3	165
6	62	ADMIN_TO_SECTION	2022-01-22 20:08:24.843	4	4	235
7	29	ADMIN_TO_SECTION	2022-01-22 20:08:24.857	5	1	468
8	16	ADMIN_TO_INDIVIDUAL	2022-01-22 20:08:24.877	1	2	500
9	5	ADMIN_TO_INDIVIDUAL	2022-01-22 20:08:24.901	5	3	443
10	45	ADMIN_TO_SECTION	2022-01-22 20:08:24.933	2	1	430
11	59	ADMIN_TO_INDIVIDUAL	2022-01-22 20:08:24.947	2	1	214
12	42	ADMIN_TO_INDIVIDUAL	2022-01-22 20:08:24.965	2	3	196
13	24	ADMIN_TO_INDIVIDUAL	2022-01-22 20:08:24.989	5	2	33
14	51	ADMIN_TO_SECTION	2022-01-22 20:08:25.012	3	2	98
15	38	ADMIN_TO_SECTION	2022-01-22 20:08:25.035	4	1	190
16	25	ADMIN_TO_INDIVIDUAL	2022-01-22 20:08:25.043	3	2	116
17	9	ADMIN_TO_SECTION	2022-01-22 20:08:25.055	1	4	345
18	64	ADMIN_TO_SECTION	2022-01-22 20:08:25.065	4	2	417
19	81	ADMIN_TO_INDIVIDUAL	2022-01-22 20:08:25.101	2	3	478
20	31	ADMIN_TO_INDIVIDUAL	2022-01-22 20:08:25.12	5	1	75
21	45	ADMIN_TO_INDIVIDUAL	2022-01-22 20:08:25.153	2	4	317
22	53	ADMIN_TO_INDIVIDUAL	2022-01-22 20:08:25.166	3	3	55
23	6	ADMIN_TO_SECTION	2022-01-22 20:08:25.177	4	2	421
24	85	ADMIN_TO_INDIVIDUAL	2022-01-22 20:08:25.199	1	1	48
25	61	ADMIN_TO_INDIVIDUAL	2022-01-22 20:08:25.211	5	1	337
26	75	ADMIN_TO_SECTION	2022-01-22 20:08:25.231	2	3	335
27	53	ADMIN_TO_INDIVIDUAL	2022-01-22 20:08:25.244	2	1	491
28	13	ADMIN_TO_INDIVIDUAL	2022-01-22 20:08:25.256	4	4	377
29	21	ADMIN_TO_INDIVIDUAL	2022-01-22 20:08:25.277	5	1	402
30	15	ADMIN_TO_INDIVIDUAL	2022-01-22 20:08:25.297	2	2	42
31	83	ADMIN_TO_INDIVIDUAL	2022-01-22 20:08:25.309	1	2	118
32	54	ADMIN_TO_INDIVIDUAL	2022-01-22 20:08:25.322	3	3	53
33	13	ADMIN_TO_SECTION	2022-01-22 20:08:25.342	5	2	407
34	83	ADMIN_TO_SECTION	2022-01-22 20:08:25.354	5	2	456
35	8	ADMIN_TO_SECTION	2022-01-22 20:08:25.376	1	2	289
36	27	ADMIN_TO_SECTION	2022-01-22 20:08:25.389	4	4	34
37	39	ADMIN_TO_SECTION	2022-01-22 20:08:25.408	5	4	279
38	99	ADMIN_TO_SECTION	2022-01-22 20:08:25.431	2	2	274
39	26	ADMIN_TO_SECTION	2022-01-22 20:08:25.454	4	3	493
40	34	ADMIN_TO_INDIVIDUAL	2022-01-22 20:08:25.464	3	3	192
41	71	ADMIN_TO_INDIVIDUAL	2022-01-22 20:08:25.476	3	3	234
42	2	ADMIN_TO_INDIVIDUAL	2022-01-22 20:08:25.488	2	3	266
43	17	ADMIN_TO_SECTION	2022-01-22 20:08:25.508	5	4	25
44	71	ADMIN_TO_SECTION	2022-01-22 20:08:25.52	5	4	271
45	24	ADMIN_TO_INDIVIDUAL	2022-01-22 20:08:25.541	4	4	275
46	96	ADMIN_TO_INDIVIDUAL	2022-01-22 20:08:25.556	5	3	438
47	86	ADMIN_TO_INDIVIDUAL	2022-01-22 20:08:25.574	2	3	296
48	2	ADMIN_TO_INDIVIDUAL	2022-01-22 20:08:25.598	2	1	9
49	5	ADMIN_TO_INDIVIDUAL	2022-01-22 20:08:25.61	4	2	143
50	59	ADMIN_TO_SECTION	2022-01-22 20:08:25.631	4	1	78
51	10	ADMIN_TO_INDIVIDUAL	2022-01-22 20:08:25.641	2	3	105
52	49	ADMIN_TO_SECTION	2022-01-22 20:08:25.653	1	1	265
53	24	ADMIN_TO_INDIVIDUAL	2022-01-22 20:08:25.664	5	4	59
54	24	ADMIN_TO_SECTION	2022-01-22 20:08:25.675	1	3	51
55	86	ADMIN_TO_SECTION	2022-01-22 20:08:25.708	5	4	475
56	49	ADMIN_TO_SECTION	2022-01-22 20:08:25.721	1	2	53
57	87	ADMIN_TO_SECTION	2022-01-22 20:08:25.741	3	1	262
58	70	ADMIN_TO_INDIVIDUAL	2022-01-22 20:08:25.752	1	2	297
59	25	ADMIN_TO_INDIVIDUAL	2022-01-22 20:08:25.765	5	3	307
60	82	ADMIN_TO_INDIVIDUAL	2022-01-22 20:08:25.785	1	4	377
61	33	ADMIN_TO_SECTION	2022-01-22 20:08:25.797	5	3	278
62	38	ADMIN_TO_INDIVIDUAL	2022-01-22 20:08:25.807	4	1	186
63	94	ADMIN_TO_INDIVIDUAL	2022-01-22 20:08:25.818	5	4	96
64	90	ADMIN_TO_SECTION	2022-01-22 20:08:25.831	5	4	291
65	43	ADMIN_TO_INDIVIDUAL	2022-01-22 20:08:25.853	1	2	362
66	37	ADMIN_TO_SECTION	2022-01-22 20:08:25.874	5	4	76
67	4	ADMIN_TO_INDIVIDUAL	2022-01-22 20:08:25.886	2	4	352
68	27	ADMIN_TO_INDIVIDUAL	2022-01-22 20:08:25.907	5	3	179
69	29	ADMIN_TO_SECTION	2022-01-22 20:08:25.942	2	2	488
70	22	ADMIN_TO_SECTION	2022-01-22 20:08:25.95	1	3	402
71	21	ADMIN_TO_SECTION	2022-01-22 20:08:25.962	4	1	40
72	5	ADMIN_TO_SECTION	2022-01-22 20:08:25.976	1	1	79
73	20	ADMIN_TO_SECTION	2022-01-22 20:08:25.984	2	1	452
74	47	ADMIN_TO_INDIVIDUAL	2022-01-22 20:08:26.018	2	4	207
75	92	ADMIN_TO_SECTION	2022-01-22 20:08:26.04	4	4	342
76	33	ADMIN_TO_INDIVIDUAL	2022-01-22 20:08:26.073	4	2	368
77	41	ADMIN_TO_SECTION	2022-01-22 20:08:26.109	3	1	482
78	100	ADMIN_TO_INDIVIDUAL	2022-01-22 20:08:26.172	2	1	294
79	40	ADMIN_TO_SECTION	2022-01-22 20:08:26.195	5	3	20
80	48	ADMIN_TO_INDIVIDUAL	2022-01-22 20:08:26.229	1	2	231
81	75	ADMIN_TO_INDIVIDUAL	2022-01-22 20:08:26.262	4	3	93
82	29	ADMIN_TO_SECTION	2022-01-22 20:08:26.272	3	4	439
83	7	ADMIN_TO_INDIVIDUAL	2022-01-22 20:08:26.297	4	4	462
84	27	ADMIN_TO_SECTION	2022-01-22 20:08:26.319	1	4	181
85	44	ADMIN_TO_INDIVIDUAL	2022-01-22 20:08:26.34	4	4	221
86	1	ADMIN_TO_SECTION	2022-01-22 20:08:26.363	5	3	488
87	28	ADMIN_TO_INDIVIDUAL	2022-01-22 20:08:26.372	2	3	301
88	88	ADMIN_TO_SECTION	2022-01-22 20:08:26.383	1	1	175
89	96	ADMIN_TO_INDIVIDUAL	2022-01-22 20:08:26.396	5	1	429
90	18	ADMIN_TO_INDIVIDUAL	2022-01-22 20:08:26.416	3	3	338
91	33	ADMIN_TO_INDIVIDUAL	2022-01-22 20:08:26.427	4	2	410
92	27	ADMIN_TO_INDIVIDUAL	2022-01-22 20:08:26.451	2	3	178
93	28	ADMIN_TO_INDIVIDUAL	2022-01-22 20:08:26.46	1	1	362
94	67	ADMIN_TO_INDIVIDUAL	2022-01-22 20:08:26.473	4	3	326
95	82	ADMIN_TO_INDIVIDUAL	2022-01-22 20:08:26.484	2	1	248
96	23	ADMIN_TO_INDIVIDUAL	2022-01-22 20:08:26.493	2	1	172
97	80	ADMIN_TO_SECTION	2022-01-22 20:08:26.506	5	3	421
98	100	ADMIN_TO_SECTION	2022-01-22 20:08:26.517	4	3	373
99	54	ADMIN_TO_INDIVIDUAL	2022-01-22 20:08:26.527	4	4	87
100	4	ADMIN_TO_SECTION	2022-01-22 20:08:26.539	3	1	396
101	78	ADMIN_TO_INDIVIDUAL	2022-01-22 20:08:26.56	3	4	149
102	52	ADMIN_TO_INDIVIDUAL	2022-01-22 20:08:26.571	5	1	386
103	44	ADMIN_TO_SECTION	2022-01-22 20:08:26.582	1	4	348
104	85	ADMIN_TO_SECTION	2022-01-22 20:08:26.594	1	2	496
105	24	ADMIN_TO_INDIVIDUAL	2022-01-22 20:08:26.605	5	1	298
106	71	ADMIN_TO_INDIVIDUAL	2022-01-22 20:08:26.635	3	2	130
107	29	ADMIN_TO_SECTION	2022-01-22 20:08:26.65	1	2	455
108	94	ADMIN_TO_SECTION	2022-01-22 20:08:26.67	2	4	421
109	51	ADMIN_TO_INDIVIDUAL	2022-01-22 20:08:26.685	5	4	52
110	59	ADMIN_TO_INDIVIDUAL	2022-01-22 20:08:26.704	2	4	86
111	31	ADMIN_TO_INDIVIDUAL	2022-01-22 20:08:26.717	4	2	357
112	93	ADMIN_TO_SECTION	2022-01-22 20:08:26.726	5	4	41
113	68	ADMIN_TO_INDIVIDUAL	2022-01-22 20:08:26.739	3	3	265
114	94	ADMIN_TO_SECTION	2022-01-22 20:08:26.748	1	2	86
115	86	ADMIN_TO_INDIVIDUAL	2022-01-22 20:08:26.76	1	1	383
116	62	ADMIN_TO_SECTION	2022-01-22 20:08:26.77	3	3	436
117	58	ADMIN_TO_INDIVIDUAL	2022-01-22 20:08:26.781	2	2	14
118	33	ADMIN_TO_SECTION	2022-01-22 20:08:26.794	5	3	261
119	98	ADMIN_TO_INDIVIDUAL	2022-01-22 20:08:26.803	2	1	216
120	31	ADMIN_TO_INDIVIDUAL	2022-01-22 20:08:26.817	5	3	87
121	60	ADMIN_TO_INDIVIDUAL	2022-01-22 20:08:26.838	4	4	420
122	24	ADMIN_TO_SECTION	2022-01-22 20:08:26.864	4	4	74
123	13	ADMIN_TO_INDIVIDUAL	2022-01-22 20:08:26.904	3	3	491
124	67	ADMIN_TO_SECTION	2022-01-22 20:08:26.925	3	3	491
125	90	ADMIN_TO_SECTION	2022-01-22 20:08:26.938	3	3	10
126	29	ADMIN_TO_SECTION	2022-01-22 20:08:26.969	4	2	36
127	72	ADMIN_TO_INDIVIDUAL	2022-01-22 20:08:26.98	3	3	229
128	90	ADMIN_TO_SECTION	2022-01-22 20:08:26.992	1	1	392
129	46	ADMIN_TO_SECTION	2022-01-22 20:08:27.002	5	4	74
130	87	ADMIN_TO_SECTION	2022-01-22 20:08:27.035	3	4	411
131	59	ADMIN_TO_INDIVIDUAL	2022-01-22 20:08:27.051	1	3	141
132	3	ADMIN_TO_SECTION	2022-01-22 20:08:27.071	5	3	195
133	93	ADMIN_TO_SECTION	2022-01-22 20:08:27.114	1	2	15
134	99	ADMIN_TO_INDIVIDUAL	2022-01-22 20:08:27.147	2	2	219
135	90	ADMIN_TO_INDIVIDUAL	2022-01-22 20:08:27.204	2	3	495
136	80	ADMIN_TO_INDIVIDUAL	2022-01-22 20:08:27.225	4	2	437
137	71	ADMIN_TO_INDIVIDUAL	2022-01-22 20:08:27.247	5	3	14
138	97	ADMIN_TO_SECTION	2022-01-22 20:08:27.269	1	2	253
139	91	ADMIN_TO_INDIVIDUAL	2022-01-22 20:08:27.284	5	1	327
140	24	ADMIN_TO_SECTION	2022-01-22 20:08:27.691	2	4	24
141	62	ADMIN_TO_INDIVIDUAL	2022-01-22 20:08:28.015	2	3	305
142	23	ADMIN_TO_SECTION	2022-01-22 20:08:28.166	4	3	331
143	26	ADMIN_TO_INDIVIDUAL	2022-01-22 20:08:28.199	1	4	359
144	14	ADMIN_TO_SECTION	2022-01-22 20:08:28.21	5	1	417
145	63	ADMIN_TO_SECTION	2022-01-22 20:08:28.22	2	1	290
146	53	ADMIN_TO_INDIVIDUAL	2022-01-22 20:08:28.233	1	3	348
147	66	ADMIN_TO_SECTION	2022-01-22 20:08:28.243	4	1	311
148	46	ADMIN_TO_SECTION	2022-01-22 20:08:28.256	3	2	113
149	81	ADMIN_TO_INDIVIDUAL	2022-01-22 20:08:28.267	5	2	4
150	31	ADMIN_TO_INDIVIDUAL	2022-01-22 20:08:28.276	5	2	315
151	57	ADMIN_TO_INDIVIDUAL	2022-01-22 20:08:28.289	3	1	111
152	78	ADMIN_TO_INDIVIDUAL	2022-01-22 20:08:28.299	4	4	275
153	13	ADMIN_TO_INDIVIDUAL	2022-01-22 20:08:28.322	1	1	206
154	26	ADMIN_TO_INDIVIDUAL	2022-01-22 20:08:28.333	1	4	316
155	68	ADMIN_TO_SECTION	2022-01-22 20:08:28.342	2	4	195
156	20	ADMIN_TO_INDIVIDUAL	2022-01-22 20:08:28.358	2	3	212
157	82	ADMIN_TO_INDIVIDUAL	2022-01-22 20:08:28.375	4	1	9
158	92	ADMIN_TO_INDIVIDUAL	2022-01-22 20:08:28.387	1	3	74
159	58	ADMIN_TO_INDIVIDUAL	2022-01-22 20:08:28.401	5	1	229
160	38	ADMIN_TO_INDIVIDUAL	2022-01-22 20:08:28.42	4	3	162
161	53	ADMIN_TO_INDIVIDUAL	2022-01-22 20:08:28.442	4	4	124
162	71	ADMIN_TO_INDIVIDUAL	2022-01-22 20:08:28.464	2	1	72
163	88	ADMIN_TO_SECTION	2022-01-22 20:08:28.5	5	2	362
164	10	ADMIN_TO_INDIVIDUAL	2022-01-22 20:08:28.532	1	4	428
165	73	ADMIN_TO_SECTION	2022-01-22 20:08:28.552	5	4	311
166	41	ADMIN_TO_INDIVIDUAL	2022-01-22 20:08:28.564	5	3	360
167	60	ADMIN_TO_INDIVIDUAL	2022-01-22 20:08:28.577	4	3	315
168	21	ADMIN_TO_INDIVIDUAL	2022-01-22 20:08:28.598	3	2	109
169	47	ADMIN_TO_INDIVIDUAL	2022-01-22 20:08:28.608	4	1	185
170	13	ADMIN_TO_SECTION	2022-01-22 20:08:28.621	3	1	336
171	62	ADMIN_TO_INDIVIDUAL	2022-01-22 20:08:28.642	1	2	405
172	81	ADMIN_TO_INDIVIDUAL	2022-01-22 20:08:28.665	4	4	458
173	7	ADMIN_TO_INDIVIDUAL	2022-01-22 20:08:28.674	1	3	247
174	76	ADMIN_TO_SECTION	2022-01-22 20:08:28.686	2	1	163
175	50	ADMIN_TO_SECTION	2022-01-22 20:08:28.708	4	3	161
176	6	ADMIN_TO_SECTION	2022-01-22 20:08:28.721	1	4	324
177	1	ADMIN_TO_SECTION	2022-01-22 20:08:28.74	4	4	443
178	49	ADMIN_TO_INDIVIDUAL	2022-01-22 20:08:28.753	5	4	27
179	86	ADMIN_TO_SECTION	2022-01-22 20:08:28.774	5	2	77
180	54	ADMIN_TO_INDIVIDUAL	2022-01-22 20:08:28.785	5	3	196
181	100	ADMIN_TO_SECTION	2022-01-22 20:08:28.799	4	1	310
182	49	ADMIN_TO_INDIVIDUAL	2022-01-22 20:08:28.821	2	2	28
183	89	ADMIN_TO_INDIVIDUAL	2022-01-22 20:08:28.831	5	1	250
184	57	ADMIN_TO_INDIVIDUAL	2022-01-22 20:08:28.84	5	3	240
185	92	ADMIN_TO_SECTION	2022-01-22 20:08:28.874	4	1	422
186	81	ADMIN_TO_SECTION	2022-01-22 20:08:28.885	5	1	47
187	24	ADMIN_TO_INDIVIDUAL	2022-01-22 20:08:28.896	5	1	425
188	14	ADMIN_TO_INDIVIDUAL	2022-01-22 20:08:28.936	5	1	21
189	89	ADMIN_TO_SECTION	2022-01-22 20:08:28.964	1	2	268
190	37	ADMIN_TO_SECTION	2022-01-22 20:08:29.002	5	4	411
191	84	ADMIN_TO_INDIVIDUAL	2022-01-22 20:08:29.049	3	3	190
192	98	ADMIN_TO_SECTION	2022-01-22 20:08:29.063	5	1	445
193	67	ADMIN_TO_SECTION	2022-01-22 20:08:29.095	2	2	229
194	90	ADMIN_TO_INDIVIDUAL	2022-01-22 20:08:29.106	1	2	181
195	75	ADMIN_TO_SECTION	2022-01-22 20:08:29.117	4	4	166
196	32	ADMIN_TO_SECTION	2022-01-22 20:08:29.178	4	3	89
197	5	ADMIN_TO_INDIVIDUAL	2022-01-22 20:08:29.239	3	1	17
198	73	ADMIN_TO_INDIVIDUAL	2022-01-22 20:08:29.272	3	1	5
199	92	ADMIN_TO_INDIVIDUAL	2022-01-22 20:08:29.306	3	3	335
200	4	ADMIN_TO_SECTION	2022-01-22 20:08:29.317	5	1	345
201	38	ADMIN_TO_INDIVIDUAL	2022-01-22 20:08:29.35	4	2	354
202	61	ADMIN_TO_INDIVIDUAL	2022-01-22 20:08:29.362	2	1	382
203	12	ADMIN_TO_SECTION	2022-01-22 20:08:29.382	2	2	131
204	83	ADMIN_TO_INDIVIDUAL	2022-01-22 20:08:29.394	1	2	473
205	65	ADMIN_TO_INDIVIDUAL	2022-01-22 20:08:29.438	1	2	397
206	69	ADMIN_TO_INDIVIDUAL	2022-01-22 20:08:29.471	4	1	417
207	78	ADMIN_TO_SECTION	2022-01-22 20:08:29.483	1	1	80
208	87	ADMIN_TO_SECTION	2022-01-22 20:08:29.494	3	2	119
209	60	ADMIN_TO_SECTION	2022-01-22 20:08:29.505	1	2	248
210	54	ADMIN_TO_SECTION	2022-01-22 20:08:29.516	1	2	430
211	69	ADMIN_TO_SECTION	2022-01-22 20:08:29.528	5	2	66
212	54	ADMIN_TO_SECTION	2022-01-22 20:08:29.538	3	2	362
213	94	ADMIN_TO_SECTION	2022-01-22 20:08:29.549	5	2	264
214	82	ADMIN_TO_SECTION	2022-01-22 20:08:29.563	4	2	253
215	54	ADMIN_TO_SECTION	2022-01-22 20:08:29.583	3	1	330
216	77	ADMIN_TO_SECTION	2022-01-22 20:08:29.617	5	4	92
217	80	ADMIN_TO_INDIVIDUAL	2022-01-22 20:08:29.637	2	4	333
218	8	ADMIN_TO_INDIVIDUAL	2022-01-22 20:08:29.652	1	3	217
219	8	ADMIN_TO_INDIVIDUAL	2022-01-22 20:08:29.671	3	3	116
220	14	ADMIN_TO_SECTION	2022-01-22 20:08:29.683	4	4	233
221	9	ADMIN_TO_SECTION	2022-01-22 20:08:29.704	1	2	360
222	36	ADMIN_TO_SECTION	2022-01-22 20:08:29.737	4	3	239
223	2	ADMIN_TO_SECTION	2022-01-22 20:08:29.75	5	2	179
224	52	ADMIN_TO_SECTION	2022-01-22 20:08:29.76	2	1	199
225	10	ADMIN_TO_SECTION	2022-01-22 20:08:29.77	3	4	55
226	47	ADMIN_TO_INDIVIDUAL	2022-01-22 20:08:29.782	5	4	312
227	84	ADMIN_TO_SECTION	2022-01-22 20:08:29.803	3	2	344
228	94	ADMIN_TO_INDIVIDUAL	2022-01-22 20:08:29.816	4	2	366
229	36	ADMIN_TO_INDIVIDUAL	2022-01-22 20:08:29.87	3	4	249
230	93	ADMIN_TO_SECTION	2022-01-22 20:08:29.896	2	2	31
231	90	ADMIN_TO_INDIVIDUAL	2022-01-22 20:08:29.926	1	2	464
232	19	ADMIN_TO_SECTION	2022-01-22 20:08:29.97	5	4	145
233	21	ADMIN_TO_INDIVIDUAL	2022-01-22 20:08:29.982	5	3	30
234	34	ADMIN_TO_INDIVIDUAL	2022-01-22 20:08:29.993	4	4	476
235	76	ADMIN_TO_INDIVIDUAL	2022-01-22 20:08:30.021	4	4	453
236	92	ADMIN_TO_SECTION	2022-01-22 20:08:30.036	4	3	263
237	63	ADMIN_TO_SECTION	2022-01-22 20:08:30.049	4	1	146
238	3	ADMIN_TO_SECTION	2022-01-22 20:08:30.061	5	1	361
239	25	ADMIN_TO_INDIVIDUAL	2022-01-22 20:08:30.081	4	4	270
240	73	ADMIN_TO_INDIVIDUAL	2022-01-22 20:08:30.091	3	2	123
241	1	ADMIN_TO_SECTION	2022-01-22 20:08:30.125	3	4	439
242	93	ADMIN_TO_INDIVIDUAL	2022-01-22 20:08:30.136	1	3	240
243	70	ADMIN_TO_SECTION	2022-01-22 20:08:30.169	1	1	119
244	40	ADMIN_TO_INDIVIDUAL	2022-01-22 20:08:30.182	1	3	364
245	83	ADMIN_TO_INDIVIDUAL	2022-01-22 20:08:30.194	2	2	142
246	32	ADMIN_TO_SECTION	2022-01-22 20:08:30.215	3	1	65
247	88	ADMIN_TO_INDIVIDUAL	2022-01-22 20:08:30.235	1	3	156
248	79	ADMIN_TO_SECTION	2022-01-22 20:08:30.246	3	1	80
249	37	ADMIN_TO_INDIVIDUAL	2022-01-22 20:08:30.258	3	3	40
250	91	ADMIN_TO_INDIVIDUAL	2022-01-22 20:08:30.268	3	4	277
251	80	ADMIN_TO_INDIVIDUAL	2022-01-22 20:08:30.286	5	2	137
252	7	ADMIN_TO_INDIVIDUAL	2022-01-22 20:08:30.301	4	4	259
253	28	ADMIN_TO_SECTION	2022-01-22 20:08:30.314	1	1	250
254	83	ADMIN_TO_INDIVIDUAL	2022-01-22 20:08:30.335	4	4	124
255	3	ADMIN_TO_INDIVIDUAL	2022-01-22 20:08:30.346	2	2	211
256	79	ADMIN_TO_SECTION	2022-01-22 20:08:30.36	2	4	457
257	55	ADMIN_TO_INDIVIDUAL	2022-01-22 20:08:30.388	1	3	288
258	4	ADMIN_TO_SECTION	2022-01-22 20:08:30.401	3	3	267
259	18	ADMIN_TO_INDIVIDUAL	2022-01-22 20:08:30.422	5	2	353
260	28	ADMIN_TO_SECTION	2022-01-22 20:08:30.436	1	4	88
261	27	ADMIN_TO_SECTION	2022-01-22 20:08:30.446	4	1	209
262	94	ADMIN_TO_INDIVIDUAL	2022-01-22 20:08:30.458	2	3	447
263	33	ADMIN_TO_INDIVIDUAL	2022-01-22 20:08:30.48	1	3	245
264	99	ADMIN_TO_SECTION	2022-01-22 20:08:30.49	1	4	386
265	96	ADMIN_TO_INDIVIDUAL	2022-01-22 20:08:30.503	5	3	415
266	4	ADMIN_TO_SECTION	2022-01-22 20:08:30.524	5	2	224
267	15	ADMIN_TO_INDIVIDUAL	2022-01-22 20:08:30.535	5	2	144
268	30	ADMIN_TO_INDIVIDUAL	2022-01-22 20:08:30.556	3	4	107
269	58	ADMIN_TO_SECTION	2022-01-22 20:08:30.569	1	3	79
270	28	ADMIN_TO_INDIVIDUAL	2022-01-22 20:08:30.589	4	4	180
271	13	ADMIN_TO_INDIVIDUAL	2022-01-22 20:08:30.602	1	1	427
272	59	ADMIN_TO_SECTION	2022-01-22 20:08:30.635	1	1	63
273	5	ADMIN_TO_INDIVIDUAL	2022-01-22 20:08:30.645	1	1	359
274	89	ADMIN_TO_INDIVIDUAL	2022-01-22 20:08:30.656	1	2	153
275	81	ADMIN_TO_INDIVIDUAL	2022-01-22 20:08:30.668	4	2	339
276	29	ADMIN_TO_SECTION	2022-01-22 20:08:30.678	5	3	367
277	87	ADMIN_TO_INDIVIDUAL	2022-01-22 20:08:30.693	3	1	480
278	3	ADMIN_TO_SECTION	2022-01-22 20:08:30.712	5	4	32
279	92	ADMIN_TO_INDIVIDUAL	2022-01-22 20:08:30.722	1	2	357
280	72	ADMIN_TO_INDIVIDUAL	2022-01-22 20:08:30.735	3	4	446
281	84	ADMIN_TO_SECTION	2022-01-22 20:08:30.746	4	2	164
282	62	ADMIN_TO_INDIVIDUAL	2022-01-22 20:08:30.767	5	1	119
283	25	ADMIN_TO_SECTION	2022-01-22 20:08:30.779	1	3	268
284	34	ADMIN_TO_INDIVIDUAL	2022-01-22 20:08:30.801	2	3	160
285	49	ADMIN_TO_INDIVIDUAL	2022-01-22 20:08:30.811	2	2	338
286	86	ADMIN_TO_INDIVIDUAL	2022-01-22 20:08:30.823	4	3	115
287	56	ADMIN_TO_SECTION	2022-01-22 20:08:30.837	5	2	260
288	21	ADMIN_TO_INDIVIDUAL	2022-01-22 20:08:30.856	3	2	317
289	53	ADMIN_TO_INDIVIDUAL	2022-01-22 20:08:30.878	5	3	363
290	13	ADMIN_TO_SECTION	2022-01-22 20:08:30.9	4	2	107
291	1	ADMIN_TO_INDIVIDUAL	2022-01-22 20:08:30.922	1	3	430
292	73	ADMIN_TO_INDIVIDUAL	2022-01-22 20:08:30.968	4	4	268
293	76	ADMIN_TO_SECTION	2022-01-22 20:08:30.999	5	4	22
294	25	ADMIN_TO_INDIVIDUAL	2022-01-22 20:08:31.014	1	2	200
295	74	ADMIN_TO_SECTION	2022-01-22 20:08:31.034	2	1	74
296	49	ADMIN_TO_SECTION	2022-01-22 20:08:31.044	5	1	270
297	51	ADMIN_TO_SECTION	2022-01-22 20:08:31.055	1	1	215
298	47	ADMIN_TO_INDIVIDUAL	2022-01-22 20:08:31.196	4	4	205
299	1	ADMIN_TO_INDIVIDUAL	2022-01-22 20:08:31.488	5	1	300
300	81	ADMIN_TO_INDIVIDUAL	2022-01-22 20:08:31.653	2	3	223
301	10	ADMIN_TO_SECTION	2022-01-22 20:08:31.808	4	3	145
302	31	ADMIN_TO_SECTION	2022-01-22 20:08:31.941	3	1	111
303	14	ADMIN_TO_SECTION	2022-01-22 20:08:32.07	1	4	181
304	56	ADMIN_TO_SECTION	2022-01-22 20:08:32.128	2	1	51
305	63	ADMIN_TO_INDIVIDUAL	2022-01-22 20:08:32.184	3	2	177
306	2	ADMIN_TO_INDIVIDUAL	2022-01-22 20:08:32.228	5	1	59
307	99	ADMIN_TO_INDIVIDUAL	2022-01-22 20:08:32.261	4	1	308
308	94	ADMIN_TO_INDIVIDUAL	2022-01-22 20:08:32.297	5	4	123
309	82	ADMIN_TO_SECTION	2022-01-22 20:08:32.339	4	3	327
310	75	ADMIN_TO_INDIVIDUAL	2022-01-22 20:08:32.383	5	2	171
311	27	ADMIN_TO_INDIVIDUAL	2022-01-22 20:08:32.396	1	3	221
312	31	ADMIN_TO_INDIVIDUAL	2022-01-22 20:08:32.406	2	1	283
313	82	ADMIN_TO_SECTION	2022-01-22 20:08:32.416	2	4	482
314	37	ADMIN_TO_SECTION	2022-01-22 20:08:32.428	1	1	242
315	29	ADMIN_TO_SECTION	2022-01-22 20:08:32.449	3	2	466
316	2	ADMIN_TO_INDIVIDUAL	2022-01-22 20:08:32.483	3	2	58
317	76	ADMIN_TO_SECTION	2022-01-22 20:08:32.495	3	3	212
318	81	ADMIN_TO_INDIVIDUAL	2022-01-22 20:08:32.505	3	1	408
319	11	ADMIN_TO_INDIVIDUAL	2022-01-22 20:08:32.549	4	4	324
320	61	ADMIN_TO_SECTION	2022-01-22 20:08:32.572	5	3	223
321	49	ADMIN_TO_INDIVIDUAL	2022-01-22 20:08:32.605	5	1	247
322	6	ADMIN_TO_INDIVIDUAL	2022-01-22 20:08:32.638	5	2	283
323	92	ADMIN_TO_INDIVIDUAL	2022-01-22 20:08:32.671	3	4	476
324	65	ADMIN_TO_INDIVIDUAL	2022-01-22 20:08:32.683	2	3	94
325	63	ADMIN_TO_INDIVIDUAL	2022-01-22 20:08:32.693	3	1	202
326	29	ADMIN_TO_INDIVIDUAL	2022-01-22 20:08:32.716	5	4	47
327	94	ADMIN_TO_INDIVIDUAL	2022-01-22 20:08:32.738	1	2	265
328	44	ADMIN_TO_SECTION	2022-01-22 20:08:32.748	1	2	320
329	36	ADMIN_TO_INDIVIDUAL	2022-01-22 20:08:32.76	5	1	205
330	100	ADMIN_TO_SECTION	2022-01-22 20:08:32.77	2	4	56
331	45	ADMIN_TO_SECTION	2022-01-22 20:08:32.782	1	3	405
332	77	ADMIN_TO_INDIVIDUAL	2022-01-22 20:08:32.794	3	3	232
333	75	ADMIN_TO_INDIVIDUAL	2022-01-22 20:08:32.805	5	3	361
334	17	ADMIN_TO_SECTION	2022-01-22 20:08:32.828	3	3	349
335	43	ADMIN_TO_SECTION	2022-01-22 20:08:32.837	1	4	30
336	16	ADMIN_TO_INDIVIDUAL	2022-01-22 20:08:32.849	5	3	143
337	18	ADMIN_TO_INDIVIDUAL	2022-01-22 20:08:32.86	2	2	330
338	88	ADMIN_TO_INDIVIDUAL	2022-01-22 20:08:32.895	5	2	235
339	57	ADMIN_TO_INDIVIDUAL	2022-01-22 20:08:32.916	3	3	414
340	27	ADMIN_TO_SECTION	2022-01-22 20:08:32.948	2	1	445
341	69	ADMIN_TO_INDIVIDUAL	2022-01-22 20:08:32.959	3	2	205
342	87	ADMIN_TO_SECTION	2022-01-22 20:08:32.971	1	4	186
343	97	ADMIN_TO_INDIVIDUAL	2022-01-22 20:08:32.993	1	1	134
344	79	ADMIN_TO_INDIVIDUAL	2022-01-22 20:08:33.003	3	1	415
345	71	ADMIN_TO_INDIVIDUAL	2022-01-22 20:08:33.025	5	1	88
346	43	ADMIN_TO_SECTION	2022-01-22 20:08:33.037	1	1	133
347	16	ADMIN_TO_SECTION	2022-01-22 20:08:33.049	1	2	2
348	64	ADMIN_TO_SECTION	2022-01-22 20:08:33.06	5	3	496
349	75	ADMIN_TO_SECTION	2022-01-22 20:08:33.07	1	2	369
350	27	ADMIN_TO_INDIVIDUAL	2022-01-22 20:08:33.082	3	2	258
351	9	ADMIN_TO_INDIVIDUAL	2022-01-22 20:08:33.091	2	2	438
352	47	ADMIN_TO_INDIVIDUAL	2022-01-22 20:08:33.103	5	3	500
353	43	ADMIN_TO_SECTION	2022-01-22 20:08:33.114	3	3	230
354	66	ADMIN_TO_INDIVIDUAL	2022-01-22 20:08:33.126	3	1	323
355	89	ADMIN_TO_INDIVIDUAL	2022-01-22 20:08:33.136	2	1	108
356	100	ADMIN_TO_INDIVIDUAL	2022-01-22 20:08:33.147	1	2	247
357	10	ADMIN_TO_INDIVIDUAL	2022-01-22 20:08:33.159	4	1	83
358	72	ADMIN_TO_SECTION	2022-01-22 20:08:33.169	3	4	105
359	76	ADMIN_TO_INDIVIDUAL	2022-01-22 20:08:33.33	4	3	178
360	88	ADMIN_TO_SECTION	2022-01-22 20:08:33.347	1	3	10
361	16	ADMIN_TO_INDIVIDUAL	2022-01-22 20:08:33.369	2	3	266
362	97	ADMIN_TO_INDIVIDUAL	2022-01-22 20:08:33.379	4	3	354
363	4	ADMIN_TO_SECTION	2022-01-22 20:08:33.392	3	3	137
364	40	ADMIN_TO_SECTION	2022-01-22 20:08:33.402	1	2	315
365	89	ADMIN_TO_SECTION	2022-01-22 20:08:33.427	5	3	75
366	39	ADMIN_TO_INDIVIDUAL	2022-01-22 20:08:33.447	3	3	157
367	50	ADMIN_TO_INDIVIDUAL	2022-01-22 20:08:33.457	4	4	199
368	57	ADMIN_TO_INDIVIDUAL	2022-01-22 20:08:33.468	2	1	457
369	18	ADMIN_TO_SECTION	2022-01-22 20:08:33.48	4	3	233
370	70	ADMIN_TO_SECTION	2022-01-22 20:08:33.492	4	4	242
371	65	ADMIN_TO_INDIVIDUAL	2022-01-22 20:08:33.513	2	1	462
372	68	ADMIN_TO_SECTION	2022-01-22 20:08:33.525	5	3	348
373	87	ADMIN_TO_INDIVIDUAL	2022-01-22 20:08:33.546	5	3	362
374	26	ADMIN_TO_SECTION	2022-01-22 20:08:33.558	2	1	184
375	64	ADMIN_TO_SECTION	2022-01-22 20:08:33.568	1	3	307
376	16	ADMIN_TO_INDIVIDUAL	2022-01-22 20:08:33.579	3	3	418
377	36	ADMIN_TO_SECTION	2022-01-22 20:08:33.593	3	4	362
378	71	ADMIN_TO_SECTION	2022-01-22 20:08:33.613	5	3	415
379	59	ADMIN_TO_INDIVIDUAL	2022-01-22 20:08:33.626	3	3	11
380	56	ADMIN_TO_SECTION	2022-01-22 20:08:33.646	2	1	381
381	56	ADMIN_TO_INDIVIDUAL	2022-01-22 20:08:33.657	1	1	495
382	24	ADMIN_TO_INDIVIDUAL	2022-01-22 20:08:33.667	4	3	311
383	78	ADMIN_TO_SECTION	2022-01-22 20:08:33.679	5	1	186
384	82	ADMIN_TO_SECTION	2022-01-22 20:08:33.69	5	4	495
385	5	ADMIN_TO_INDIVIDUAL	2022-01-22 20:08:33.702	5	3	423
386	55	ADMIN_TO_INDIVIDUAL	2022-01-22 20:08:33.713	3	4	414
387	37	ADMIN_TO_SECTION	2022-01-22 20:08:33.723	1	2	133
388	42	ADMIN_TO_SECTION	2022-01-22 20:08:33.734	4	3	256
389	47	ADMIN_TO_INDIVIDUAL	2022-01-22 20:08:33.768	1	3	311
390	97	ADMIN_TO_INDIVIDUAL	2022-01-22 20:08:33.79	2	2	31
391	96	ADMIN_TO_SECTION	2022-01-22 20:08:33.834	1	1	39
392	38	ADMIN_TO_INDIVIDUAL	2022-01-22 20:08:33.859	5	3	79
393	47	ADMIN_TO_SECTION	2022-01-22 20:08:33.89	5	3	353
394	99	ADMIN_TO_SECTION	2022-01-22 20:08:33.923	4	4	56
395	55	ADMIN_TO_INDIVIDUAL	2022-01-22 20:08:33.967	1	2	455
396	23	ADMIN_TO_INDIVIDUAL	2022-01-22 20:08:33.978	5	4	376
397	18	ADMIN_TO_SECTION	2022-01-22 20:08:33.989	4	4	178
398	100	ADMIN_TO_SECTION	2022-01-22 20:08:34	5	3	62
399	3	ADMIN_TO_INDIVIDUAL	2022-01-22 20:08:34.012	2	4	500
400	14	ADMIN_TO_SECTION	2022-01-22 20:08:34.023	2	2	122
401	75	ADMIN_TO_SECTION	2022-01-22 20:08:34.033	5	3	415
402	96	ADMIN_TO_SECTION	2022-01-22 20:08:34.067	5	3	52
403	85	ADMIN_TO_SECTION	2022-01-22 20:08:34.11	2	2	244
404	68	ADMIN_TO_INDIVIDUAL	2022-01-22 20:08:34.191	3	3	395
405	12	ADMIN_TO_SECTION	2022-01-22 20:08:34.221	5	1	281
406	38	ADMIN_TO_INDIVIDUAL	2022-01-22 20:08:34.233	4	2	336
407	93	ADMIN_TO_SECTION	2022-01-22 20:08:34.244	3	3	39
408	32	ADMIN_TO_INDIVIDUAL	2022-01-22 20:08:34.255	1	2	260
409	3	ADMIN_TO_INDIVIDUAL	2022-01-22 20:08:34.265	4	1	235
410	86	ADMIN_TO_SECTION	2022-01-22 20:08:34.278	1	3	263
411	86	ADMIN_TO_INDIVIDUAL	2022-01-22 20:08:34.287	1	4	317
412	99	ADMIN_TO_SECTION	2022-01-22 20:08:34.321	1	4	416
413	49	ADMIN_TO_INDIVIDUAL	2022-01-22 20:08:34.354	4	1	23
414	25	ADMIN_TO_SECTION	2022-01-22 20:08:34.387	5	4	474
415	93	ADMIN_TO_SECTION	2022-01-22 20:08:34.421	1	4	16
416	37	ADMIN_TO_INDIVIDUAL	2022-01-22 20:08:34.454	5	4	337
417	13	ADMIN_TO_SECTION	2022-01-22 20:08:34.465	1	2	246
418	78	ADMIN_TO_INDIVIDUAL	2022-01-22 20:08:34.476	4	3	186
419	11	ADMIN_TO_SECTION	2022-01-22 20:08:34.486	1	4	302
420	22	ADMIN_TO_SECTION	2022-01-22 20:08:34.498	4	4	103
421	12	ADMIN_TO_SECTION	2022-01-22 20:08:34.512	2	2	480
422	35	ADMIN_TO_INDIVIDUAL	2022-01-22 20:08:34.52	2	1	100
423	41	ADMIN_TO_INDIVIDUAL	2022-01-22 20:08:34.531	5	2	286
424	55	ADMIN_TO_INDIVIDUAL	2022-01-22 20:08:34.547	3	1	61
425	84	ADMIN_TO_SECTION	2022-01-22 20:08:34.564	2	2	16
426	94	ADMIN_TO_SECTION	2022-01-22 20:08:34.577	2	2	108
427	74	ADMIN_TO_INDIVIDUAL	2022-01-22 20:08:34.586	1	1	118
428	5	ADMIN_TO_SECTION	2022-01-22 20:08:34.597	5	4	359
429	2	ADMIN_TO_SECTION	2022-01-22 20:08:34.61	1	2	195
430	45	ADMIN_TO_INDIVIDUAL	2022-01-22 20:08:34.621	5	1	294
431	23	ADMIN_TO_INDIVIDUAL	2022-01-22 20:08:34.644	4	1	496
432	36	ADMIN_TO_SECTION	2022-01-22 20:08:34.665	3	1	287
433	55	ADMIN_TO_SECTION	2022-01-22 20:08:34.676	1	2	272
434	41	ADMIN_TO_SECTION	2022-01-22 20:08:34.686	1	4	249
435	27	ADMIN_TO_INDIVIDUAL	2022-01-22 20:08:34.698	4	3	6
436	1	ADMIN_TO_SECTION	2022-01-22 20:08:34.709	5	2	342
437	94	ADMIN_TO_INDIVIDUAL	2022-01-22 20:08:34.731	5	2	13
438	19	ADMIN_TO_INDIVIDUAL	2022-01-22 20:08:34.743	2	2	424
439	3	ADMIN_TO_INDIVIDUAL	2022-01-22 20:08:34.797	2	4	210
440	70	ADMIN_TO_INDIVIDUAL	2022-01-22 20:08:34.83	1	2	15
441	33	ADMIN_TO_INDIVIDUAL	2022-01-22 20:08:34.875	3	1	13
442	25	ADMIN_TO_SECTION	2022-01-22 20:08:34.929	2	3	135
443	14	ADMIN_TO_SECTION	2022-01-22 20:08:34.956	4	3	20
444	7	ADMIN_TO_SECTION	2022-01-22 20:08:34.976	5	1	371
445	40	ADMIN_TO_INDIVIDUAL	2022-01-22 20:08:34.999	5	4	27
446	77	ADMIN_TO_SECTION	2022-01-22 20:08:35.019	4	4	108
447	62	ADMIN_TO_SECTION	2022-01-22 20:08:35.032	5	3	414
448	32	ADMIN_TO_INDIVIDUAL	2022-01-22 20:08:35.052	2	1	86
449	41	ADMIN_TO_INDIVIDUAL	2022-01-22 20:08:35.062	2	2	118
450	55	ADMIN_TO_SECTION	2022-01-22 20:08:35.074	5	4	281
451	39	ADMIN_TO_INDIVIDUAL	2022-01-22 20:08:35.096	2	2	98
452	15	ADMIN_TO_SECTION	2022-01-22 20:08:35.109	3	1	37
453	88	ADMIN_TO_INDIVIDUAL	2022-01-22 20:08:35.129	5	3	168
454	53	ADMIN_TO_INDIVIDUAL	2022-01-22 20:08:35.14	3	3	189
455	69	ADMIN_TO_SECTION	2022-01-22 20:08:35.151	2	3	205
456	34	ADMIN_TO_SECTION	2022-01-22 20:08:35.163	5	3	134
457	97	ADMIN_TO_INDIVIDUAL	2022-01-22 20:08:35.176	4	3	2
458	55	ADMIN_TO_INDIVIDUAL	2022-01-22 20:08:35.198	1	1	213
459	4	ADMIN_TO_INDIVIDUAL	2022-01-22 20:08:35.206	5	2	68
460	78	ADMIN_TO_SECTION	2022-01-22 20:08:35.217	1	1	440
461	59	ADMIN_TO_INDIVIDUAL	2022-01-22 20:08:35.241	1	1	275
462	38	ADMIN_TO_INDIVIDUAL	2022-01-22 20:08:35.251	1	3	207
463	48	ADMIN_TO_INDIVIDUAL	2022-01-22 20:08:35.285	5	3	365
464	55	ADMIN_TO_INDIVIDUAL	2022-01-22 20:08:35.296	2	4	275
465	7	ADMIN_TO_INDIVIDUAL	2022-01-22 20:08:35.329	5	1	112
466	6	ADMIN_TO_SECTION	2022-01-22 20:08:35.35	1	2	25
467	49	ADMIN_TO_SECTION	2022-01-22 20:08:35.363	3	2	289
468	9	ADMIN_TO_SECTION	2022-01-22 20:08:35.407	2	4	38
469	64	ADMIN_TO_INDIVIDUAL	2022-01-22 20:08:35.417	4	4	442
470	2	ADMIN_TO_SECTION	2022-01-22 20:08:35.428	5	1	129
471	84	ADMIN_TO_SECTION	2022-01-22 20:08:35.44	5	1	144
472	89	ADMIN_TO_SECTION	2022-01-22 20:08:35.461	4	4	192
473	57	ADMIN_TO_INDIVIDUAL	2022-01-22 20:08:35.472	5	2	288
474	12	ADMIN_TO_SECTION	2022-01-22 20:08:35.484	4	1	418
475	2	ADMIN_TO_INDIVIDUAL	2022-01-22 20:08:35.495	2	3	478
476	51	ADMIN_TO_SECTION	2022-01-22 20:08:35.506	1	3	56
477	23	ADMIN_TO_INDIVIDUAL	2022-01-22 20:08:35.516	1	2	334
478	85	ADMIN_TO_SECTION	2022-01-22 20:08:35.527	4	3	132
479	95	ADMIN_TO_INDIVIDUAL	2022-01-22 20:08:35.539	5	3	147
480	5	ADMIN_TO_INDIVIDUAL	2022-01-22 20:08:35.549	1	3	52
481	72	ADMIN_TO_SECTION	2022-01-22 20:08:35.562	1	1	483
482	62	ADMIN_TO_SECTION	2022-01-22 20:08:35.572	2	2	205
483	99	ADMIN_TO_SECTION	2022-01-22 20:08:35.594	4	4	296
484	42	ADMIN_TO_SECTION	2022-01-22 20:08:35.605	4	1	348
485	5	ADMIN_TO_SECTION	2022-01-22 20:08:35.617	2	2	360
486	55	ADMIN_TO_SECTION	2022-01-22 20:08:35.639	5	1	75
487	20	ADMIN_TO_SECTION	2022-01-22 20:08:35.662	4	4	336
488	53	ADMIN_TO_INDIVIDUAL	2022-01-22 20:08:35.671	1	4	439
489	88	ADMIN_TO_SECTION	2022-01-22 20:08:35.683	5	2	149
490	93	ADMIN_TO_INDIVIDUAL	2022-01-22 20:08:35.694	5	4	282
491	63	ADMIN_TO_INDIVIDUAL	2022-01-22 20:08:35.707	3	3	258
492	99	ADMIN_TO_SECTION	2022-01-22 20:08:35.749	5	3	319
493	81	ADMIN_TO_INDIVIDUAL	2022-01-22 20:08:35.76	4	3	121
494	24	ADMIN_TO_INDIVIDUAL	2022-01-22 20:08:35.772	3	2	378
495	89	ADMIN_TO_INDIVIDUAL	2022-01-22 20:08:35.782	1	4	390
496	31	ADMIN_TO_SECTION	2022-01-22 20:08:35.793	2	1	397
497	9	ADMIN_TO_SECTION	2022-01-22 20:08:35.805	4	3	272
498	33	ADMIN_TO_SECTION	2022-01-22 20:08:35.815	4	4	241
499	26	ADMIN_TO_INDIVIDUAL	2022-01-22 20:08:35.826	5	2	425
500	23	ADMIN_TO_SECTION	2022-01-22 20:08:35.84	4	4	427
501	49	ADMIN_TO_SECTION	2022-01-22 20:08:35.861	1	4	44
502	82	ADMIN_TO_SECTION	2022-01-22 20:08:35.871	4	4	441
503	90	ADMIN_TO_INDIVIDUAL	2022-01-22 20:08:35.883	4	4	143
504	48	ADMIN_TO_INDIVIDUAL	2022-01-22 20:08:35.906	4	3	89
505	1	ADMIN_TO_INDIVIDUAL	2022-01-22 20:08:35.93	1	2	406
506	54	ADMIN_TO_INDIVIDUAL	2022-01-22 20:08:35.949	5	4	81
507	15	ADMIN_TO_SECTION	2022-01-22 20:08:35.972	3	4	107
508	8	ADMIN_TO_SECTION	2022-01-22 20:08:35.982	2	2	221
509	5	ADMIN_TO_INDIVIDUAL	2022-01-22 20:08:36.004	5	4	430
510	63	ADMIN_TO_SECTION	2022-01-22 20:08:36.015	4	4	66
511	94	ADMIN_TO_SECTION	2022-01-22 20:08:36.026	1	1	478
512	34	ADMIN_TO_SECTION	2022-01-22 20:08:36.037	1	3	296
513	56	ADMIN_TO_INDIVIDUAL	2022-01-22 20:08:36.059	2	3	47
514	39	ADMIN_TO_SECTION	2022-01-22 20:08:36.07	2	3	269
515	26	ADMIN_TO_SECTION	2022-01-22 20:08:36.081	3	2	142
516	74	ADMIN_TO_INDIVIDUAL	2022-01-22 20:08:36.092	3	3	333
517	49	ADMIN_TO_SECTION	2022-01-22 20:08:36.103	3	2	117
518	28	ADMIN_TO_SECTION	2022-01-22 20:08:36.114	5	1	174
519	19	ADMIN_TO_SECTION	2022-01-22 20:08:36.125	1	2	317
520	30	ADMIN_TO_SECTION	2022-01-22 20:08:36.138	5	3	191
521	93	ADMIN_TO_INDIVIDUAL	2022-01-22 20:08:36.148	1	1	37
522	8	ADMIN_TO_INDIVIDUAL	2022-01-22 20:08:36.159	5	4	137
523	84	ADMIN_TO_SECTION	2022-01-22 20:08:36.171	2	2	91
524	79	ADMIN_TO_SECTION	2022-01-22 20:08:36.181	1	3	289
525	51	ADMIN_TO_SECTION	2022-01-22 20:08:36.192	3	3	168
526	64	ADMIN_TO_SECTION	2022-01-22 20:08:36.214	2	1	192
527	36	ADMIN_TO_INDIVIDUAL	2022-01-22 20:08:36.225	1	2	267
528	99	ADMIN_TO_SECTION	2022-01-22 20:08:36.236	5	4	38
529	69	ADMIN_TO_INDIVIDUAL	2022-01-22 20:08:36.247	5	1	223
530	24	ADMIN_TO_INDIVIDUAL	2022-01-22 20:08:36.258	1	3	500
531	64	ADMIN_TO_SECTION	2022-01-22 20:08:36.269	1	3	359
532	39	ADMIN_TO_INDIVIDUAL	2022-01-22 20:08:36.28	2	1	264
533	85	ADMIN_TO_SECTION	2022-01-22 20:08:36.291	2	2	91
534	44	ADMIN_TO_SECTION	2022-01-22 20:08:36.302	3	4	456
535	87	ADMIN_TO_INDIVIDUAL	2022-01-22 20:08:36.315	3	1	109
536	31	ADMIN_TO_INDIVIDUAL	2022-01-22 20:08:36.331	1	1	114
537	99	ADMIN_TO_INDIVIDUAL	2022-01-22 20:08:36.349	5	1	283
538	94	ADMIN_TO_INDIVIDUAL	2022-01-22 20:08:36.383	3	4	82
539	69	ADMIN_TO_INDIVIDUAL	2022-01-22 20:08:36.404	5	4	212
540	34	ADMIN_TO_INDIVIDUAL	2022-01-22 20:08:36.415	2	1	72
541	71	ADMIN_TO_INDIVIDUAL	2022-01-22 20:08:36.432	4	1	99
542	20	ADMIN_TO_INDIVIDUAL	2022-01-22 20:08:36.446	2	4	324
543	71	ADMIN_TO_SECTION	2022-01-22 20:08:36.459	4	3	265
544	21	ADMIN_TO_SECTION	2022-01-22 20:08:36.469	5	1	486
545	5	ADMIN_TO_SECTION	2022-01-22 20:08:36.48	1	2	489
546	59	ADMIN_TO_INDIVIDUAL	2022-01-22 20:08:36.491	3	3	370
547	8	ADMIN_TO_SECTION	2022-01-22 20:08:36.527	4	4	321
548	84	ADMIN_TO_INDIVIDUAL	2022-01-22 20:08:36.546	4	4	185
549	52	ADMIN_TO_INDIVIDUAL	2022-01-22 20:08:36.56	4	3	376
550	55	ADMIN_TO_INDIVIDUAL	2022-01-22 20:08:36.568	3	1	399
551	24	ADMIN_TO_INDIVIDUAL	2022-01-22 20:08:36.58	3	1	316
552	57	ADMIN_TO_SECTION	2022-01-22 20:08:36.591	3	3	415
553	45	ADMIN_TO_INDIVIDUAL	2022-01-22 20:08:36.601	2	3	38
554	70	ADMIN_TO_INDIVIDUAL	2022-01-22 20:08:36.612	3	2	27
555	57	ADMIN_TO_INDIVIDUAL	2022-01-22 20:08:36.626	5	3	332
556	21	ADMIN_TO_INDIVIDUAL	2022-01-22 20:08:36.634	3	4	244
557	78	ADMIN_TO_INDIVIDUAL	2022-01-22 20:08:36.646	3	1	301
558	49	ADMIN_TO_SECTION	2022-01-22 20:08:36.658	5	3	100
559	19	ADMIN_TO_SECTION	2022-01-22 20:08:36.668	4	3	157
560	31	ADMIN_TO_SECTION	2022-01-22 20:08:36.692	1	4	380
561	99	ADMIN_TO_SECTION	2022-01-22 20:08:36.701	2	4	380
562	79	ADMIN_TO_SECTION	2022-01-22 20:08:36.713	3	3	125
563	59	ADMIN_TO_SECTION	2022-01-22 20:08:36.724	2	1	246
564	17	ADMIN_TO_INDIVIDUAL	2022-01-22 20:08:36.735	5	4	82
565	26	ADMIN_TO_INDIVIDUAL	2022-01-22 20:08:36.747	2	1	297
566	26	ADMIN_TO_INDIVIDUAL	2022-01-22 20:08:36.757	2	2	304
567	20	ADMIN_TO_INDIVIDUAL	2022-01-22 20:08:36.768	2	3	86
568	62	ADMIN_TO_SECTION	2022-01-22 20:08:36.779	4	3	264
569	25	ADMIN_TO_SECTION	2022-01-22 20:08:36.791	1	4	457
570	56	ADMIN_TO_INDIVIDUAL	2022-01-22 20:08:36.812	4	4	279
571	50	ADMIN_TO_INDIVIDUAL	2022-01-22 20:08:36.834	2	4	158
572	63	ADMIN_TO_INDIVIDUAL	2022-01-22 20:08:36.845	4	4	268
573	79	ADMIN_TO_SECTION	2022-01-22 20:08:36.857	5	1	378
574	71	ADMIN_TO_SECTION	2022-01-22 20:08:36.883	3	1	45
575	39	ADMIN_TO_SECTION	2022-01-22 20:08:36.9	1	4	333
576	53	ADMIN_TO_INDIVIDUAL	2022-01-22 20:08:36.912	5	2	92
577	89	ADMIN_TO_INDIVIDUAL	2022-01-22 20:08:36.946	3	3	322
578	58	ADMIN_TO_INDIVIDUAL	2022-01-22 20:08:36.967	1	2	365
579	35	ADMIN_TO_INDIVIDUAL	2022-01-22 20:08:36.979	5	2	51
580	68	ADMIN_TO_SECTION	2022-01-22 20:08:36.989	3	3	166
581	19	ADMIN_TO_SECTION	2022-01-22 20:08:37	1	1	263
582	33	ADMIN_TO_INDIVIDUAL	2022-01-22 20:08:37.014	3	2	203
583	16	ADMIN_TO_INDIVIDUAL	2022-01-22 20:08:37.034	3	3	282
584	1	ADMIN_TO_SECTION	2022-01-22 20:08:37.062	3	4	33
585	30	ADMIN_TO_SECTION	2022-01-22 20:08:37.078	1	4	197
586	77	ADMIN_TO_SECTION	2022-01-22 20:08:37.092	1	1	243
587	32	ADMIN_TO_SECTION	2022-01-22 20:08:37.112	5	2	48
588	43	ADMIN_TO_INDIVIDUAL	2022-01-22 20:08:37.123	3	2	351
589	74	ADMIN_TO_SECTION	2022-01-22 20:08:37.145	3	3	475
590	89	ADMIN_TO_SECTION	2022-01-22 20:08:37.156	3	3	292
591	34	ADMIN_TO_INDIVIDUAL	2022-01-22 20:08:37.166	5	4	151
592	33	ADMIN_TO_INDIVIDUAL	2022-01-22 20:08:37.177	2	3	168
593	83	ADMIN_TO_SECTION	2022-01-22 20:08:37.188	4	3	117
594	2	ADMIN_TO_SECTION	2022-01-22 20:08:37.21	2	3	444
595	14	ADMIN_TO_INDIVIDUAL	2022-01-22 20:08:37.222	3	4	243
596	77	ADMIN_TO_SECTION	2022-01-22 20:08:37.233	3	3	443
597	39	ADMIN_TO_SECTION	2022-01-22 20:08:37.244	3	4	321
598	58	ADMIN_TO_INDIVIDUAL	2022-01-22 20:08:37.256	1	1	375
599	7	ADMIN_TO_INDIVIDUAL	2022-01-22 20:08:37.281	3	2	178
600	74	ADMIN_TO_INDIVIDUAL	2022-01-22 20:08:37.333	5	4	202
601	77	ADMIN_TO_INDIVIDUAL	2022-01-22 20:08:37.343	1	2	351
602	16	ADMIN_TO_INDIVIDUAL	2022-01-22 20:08:37.366	2	4	341
603	2	ADMIN_TO_INDIVIDUAL	2022-01-22 20:08:37.379	5	1	425
604	68	ADMIN_TO_INDIVIDUAL	2022-01-22 20:08:37.39	2	3	182
605	3	ADMIN_TO_INDIVIDUAL	2022-01-22 20:08:37.41	1	1	61
606	55	ADMIN_TO_SECTION	2022-01-22 20:08:37.421	1	2	18
607	3	ADMIN_TO_INDIVIDUAL	2022-01-22 20:08:37.455	5	1	365
608	71	ADMIN_TO_INDIVIDUAL	2022-01-22 20:08:37.482	4	1	441
609	37	ADMIN_TO_SECTION	2022-01-22 20:08:37.499	1	4	281
610	68	ADMIN_TO_INDIVIDUAL	2022-01-22 20:08:37.51	5	3	193
611	91	ADMIN_TO_INDIVIDUAL	2022-01-22 20:08:37.527	5	4	457
612	23	ADMIN_TO_SECTION	2022-01-22 20:08:37.545	2	3	276
613	17	ADMIN_TO_INDIVIDUAL	2022-01-22 20:08:37.566	3	2	396
614	66	ADMIN_TO_SECTION	2022-01-22 20:08:37.587	5	1	164
615	51	ADMIN_TO_SECTION	2022-01-22 20:08:37.615	2	1	447
616	25	ADMIN_TO_INDIVIDUAL	2022-01-22 20:08:37.632	2	1	244
617	91	ADMIN_TO_SECTION	2022-01-22 20:08:37.642	3	3	29
618	67	ADMIN_TO_SECTION	2022-01-22 20:08:37.664	5	4	437
619	16	ADMIN_TO_INDIVIDUAL	2022-01-22 20:08:37.677	2	4	159
620	19	ADMIN_TO_SECTION	2022-01-22 20:08:37.695	4	4	143
621	61	ADMIN_TO_INDIVIDUAL	2022-01-22 20:08:37.72	5	1	302
622	11	ADMIN_TO_SECTION	2022-01-22 20:08:37.745	4	3	379
623	57	ADMIN_TO_SECTION	2022-01-22 20:08:37.764	3	4	335
624	65	ADMIN_TO_INDIVIDUAL	2022-01-22 20:08:37.775	2	1	215
625	90	ADMIN_TO_SECTION	2022-01-22 20:08:37.786	2	3	307
626	21	ADMIN_TO_SECTION	2022-01-22 20:08:37.798	4	3	51
627	48	ADMIN_TO_INDIVIDUAL	2022-01-22 20:08:37.819	3	2	250
628	52	ADMIN_TO_SECTION	2022-01-22 20:08:37.831	2	1	299
629	37	ADMIN_TO_INDIVIDUAL	2022-01-22 20:08:37.843	1	1	300
630	4	ADMIN_TO_INDIVIDUAL	2022-01-22 20:08:37.859	4	3	70
631	5	ADMIN_TO_INDIVIDUAL	2022-01-22 20:08:37.875	4	2	173
632	99	ADMIN_TO_INDIVIDUAL	2022-01-22 20:08:37.886	2	2	197
633	25	ADMIN_TO_SECTION	2022-01-22 20:08:37.908	5	1	483
634	23	ADMIN_TO_SECTION	2022-01-22 20:08:37.919	4	4	257
635	13	ADMIN_TO_SECTION	2022-01-22 20:08:37.952	2	3	272
636	75	ADMIN_TO_INDIVIDUAL	2022-01-22 20:08:37.964	2	3	23
637	76	ADMIN_TO_INDIVIDUAL	2022-01-22 20:08:37.985	5	2	417
638	85	ADMIN_TO_INDIVIDUAL	2022-01-22 20:08:37.998	4	3	166
639	2	ADMIN_TO_INDIVIDUAL	2022-01-22 20:08:38.023	1	4	318
640	97	ADMIN_TO_SECTION	2022-01-22 20:08:38.042	2	1	171
641	25	ADMIN_TO_SECTION	2022-01-22 20:08:38.064	5	3	108
642	65	ADMIN_TO_INDIVIDUAL	2022-01-22 20:08:38.074	2	3	24
643	17	ADMIN_TO_SECTION	2022-01-22 20:08:38.096	3	3	424
644	4	ADMIN_TO_SECTION	2022-01-22 20:08:38.107	2	4	102
645	8	ADMIN_TO_INDIVIDUAL	2022-01-22 20:08:38.119	1	1	111
646	80	ADMIN_TO_INDIVIDUAL	2022-01-22 20:08:38.141	2	1	204
647	47	ADMIN_TO_INDIVIDUAL	2022-01-22 20:08:38.152	1	3	347
648	35	ADMIN_TO_SECTION	2022-01-22 20:08:38.174	2	2	497
649	64	ADMIN_TO_SECTION	2022-01-22 20:08:38.218	1	1	434
650	57	ADMIN_TO_SECTION	2022-01-22 20:08:38.229	1	3	474
651	35	ADMIN_TO_SECTION	2022-01-22 20:08:38.241	5	4	394
652	83	ADMIN_TO_INDIVIDUAL	2022-01-22 20:08:38.251	3	3	273
653	9	ADMIN_TO_INDIVIDUAL	2022-01-22 20:08:38.264	5	3	9
654	28	ADMIN_TO_INDIVIDUAL	2022-01-22 20:08:38.274	2	1	89
655	7	ADMIN_TO_INDIVIDUAL	2022-01-22 20:08:38.295	1	4	350
656	26	ADMIN_TO_INDIVIDUAL	2022-01-22 20:08:38.551	5	1	97
657	92	ADMIN_TO_SECTION	2022-01-22 20:08:38.583	4	4	405
658	49	ADMIN_TO_SECTION	2022-01-22 20:08:38.597	5	1	466
659	30	ADMIN_TO_SECTION	2022-01-22 20:08:38.619	4	3	351
660	28	ADMIN_TO_SECTION	2022-01-22 20:08:38.639	2	1	429
661	31	ADMIN_TO_SECTION	2022-01-22 20:08:38.65	5	1	460
662	29	ADMIN_TO_SECTION	2022-01-22 20:08:38.661	1	2	268
663	40	ADMIN_TO_INDIVIDUAL	2022-01-22 20:08:38.683	4	4	281
664	75	ADMIN_TO_INDIVIDUAL	2022-01-22 20:08:38.716	2	1	65
665	19	ADMIN_TO_SECTION	2022-01-22 20:08:38.727	3	2	142
666	60	ADMIN_TO_INDIVIDUAL	2022-01-22 20:08:38.74	4	4	267
667	36	ADMIN_TO_INDIVIDUAL	2022-01-22 20:08:38.761	2	4	399
668	79	ADMIN_TO_INDIVIDUAL	2022-01-22 20:08:38.783	1	4	393
669	92	ADMIN_TO_SECTION	2022-01-22 20:08:38.805	4	1	376
670	2	ADMIN_TO_SECTION	2022-01-22 20:08:38.828	2	4	17
671	62	ADMIN_TO_INDIVIDUAL	2022-01-22 20:08:38.842	4	4	296
672	39	ADMIN_TO_INDIVIDUAL	2022-01-22 20:08:38.861	1	2	88
673	37	ADMIN_TO_INDIVIDUAL	2022-01-22 20:08:38.871	1	3	387
674	72	ADMIN_TO_INDIVIDUAL	2022-01-22 20:08:38.905	3	3	129
675	72	ADMIN_TO_INDIVIDUAL	2022-01-22 20:08:38.938	5	1	5
676	14	ADMIN_TO_INDIVIDUAL	2022-01-22 20:08:38.995	1	2	338
677	54	ADMIN_TO_INDIVIDUAL	2022-01-22 20:08:39.048	5	4	15
678	85	ADMIN_TO_SECTION	2022-01-22 20:08:39.116	4	3	311
679	20	ADMIN_TO_SECTION	2022-01-22 20:08:39.202	4	4	23
680	73	ADMIN_TO_INDIVIDUAL	2022-01-22 20:08:39.236	5	2	203
681	54	ADMIN_TO_INDIVIDUAL	2022-01-22 20:08:39.27	4	1	295
682	70	ADMIN_TO_INDIVIDUAL	2022-01-22 20:08:39.349	1	2	341
683	85	ADMIN_TO_SECTION	2022-01-22 20:08:39.381	4	4	351
684	1	ADMIN_TO_INDIVIDUAL	2022-01-22 20:08:39.413	5	4	343
685	44	ADMIN_TO_INDIVIDUAL	2022-01-22 20:08:39.425	2	1	118
686	72	ADMIN_TO_INDIVIDUAL	2022-01-22 20:08:39.436	2	4	406
687	1	ADMIN_TO_SECTION	2022-01-22 20:08:39.462	5	4	98
688	45	ADMIN_TO_SECTION	2022-01-22 20:08:39.481	2	2	116
689	73	ADMIN_TO_INDIVIDUAL	2022-01-22 20:08:39.492	1	3	437
690	93	ADMIN_TO_INDIVIDUAL	2022-01-22 20:08:39.513	2	2	393
691	80	ADMIN_TO_INDIVIDUAL	2022-01-22 20:08:39.524	2	1	141
692	33	ADMIN_TO_SECTION	2022-01-22 20:08:39.547	5	1	251
693	59	ADMIN_TO_SECTION	2022-01-22 20:08:39.557	2	2	125
694	48	ADMIN_TO_SECTION	2022-01-22 20:08:39.569	5	4	279
695	37	ADMIN_TO_SECTION	2022-01-22 20:08:39.602	4	1	73
696	59	ADMIN_TO_INDIVIDUAL	2022-01-22 20:08:39.635	5	1	473
697	80	ADMIN_TO_SECTION	2022-01-22 20:08:39.669	3	1	366
698	58	ADMIN_TO_INDIVIDUAL	2022-01-22 20:08:39.692	5	3	429
699	87	ADMIN_TO_INDIVIDUAL	2022-01-22 20:08:39.725	2	1	473
700	85	ADMIN_TO_SECTION	2022-01-22 20:08:39.747	2	4	54
701	86	ADMIN_TO_INDIVIDUAL	2022-01-22 20:08:39.779	5	2	11
702	4	ADMIN_TO_SECTION	2022-01-22 20:08:39.802	3	4	309
703	15	ADMIN_TO_SECTION	2022-01-22 20:08:39.834	5	1	211
704	11	ADMIN_TO_INDIVIDUAL	2022-01-22 20:08:39.868	5	2	461
705	73	ADMIN_TO_SECTION	2022-01-22 20:08:39.914	2	2	192
706	79	ADMIN_TO_INDIVIDUAL	2022-01-22 20:08:39.974	2	4	278
707	33	ADMIN_TO_SECTION	2022-01-22 20:08:40.001	3	2	70
708	2	ADMIN_TO_SECTION	2022-01-22 20:08:40.025	5	2	211
709	37	ADMIN_TO_SECTION	2022-01-22 20:08:40.05	5	1	109
710	56	ADMIN_TO_SECTION	2022-01-22 20:08:40.114	2	2	165
711	77	ADMIN_TO_INDIVIDUAL	2022-01-22 20:08:40.147	2	3	108
712	87	ADMIN_TO_INDIVIDUAL	2022-01-22 20:08:40.178	2	3	46
713	95	ADMIN_TO_INDIVIDUAL	2022-01-22 20:08:40.222	5	3	323
714	95	ADMIN_TO_INDIVIDUAL	2022-01-22 20:08:40.245	5	1	130
715	83	ADMIN_TO_INDIVIDUAL	2022-01-22 20:08:40.257	1	3	268
716	30	ADMIN_TO_INDIVIDUAL	2022-01-22 20:08:40.278	5	4	256
717	3	ADMIN_TO_INDIVIDUAL	2022-01-22 20:08:40.289	2	3	314
718	74	ADMIN_TO_INDIVIDUAL	2022-01-22 20:08:40.3	1	1	98
719	7	ADMIN_TO_INDIVIDUAL	2022-01-22 20:08:40.311	5	2	318
720	79	ADMIN_TO_INDIVIDUAL	2022-01-22 20:08:40.326	1	3	7
721	18	ADMIN_TO_INDIVIDUAL	2022-01-22 20:08:40.344	5	3	191
722	72	ADMIN_TO_INDIVIDUAL	2022-01-22 20:08:40.355	5	4	10
723	72	ADMIN_TO_INDIVIDUAL	2022-01-22 20:08:40.378	3	1	332
724	38	ADMIN_TO_INDIVIDUAL	2022-01-22 20:08:40.401	5	1	288
725	67	ADMIN_TO_SECTION	2022-01-22 20:08:40.433	1	4	257
726	61	ADMIN_TO_INDIVIDUAL	2022-01-22 20:08:40.445	3	2	248
727	86	ADMIN_TO_INDIVIDUAL	2022-01-22 20:08:40.461	2	3	394
728	92	ADMIN_TO_INDIVIDUAL	2022-01-22 20:08:40.478	3	2	219
729	82	ADMIN_TO_INDIVIDUAL	2022-01-22 20:08:40.488	2	2	50
730	15	ADMIN_TO_SECTION	2022-01-22 20:08:40.499	1	2	356
731	35	ADMIN_TO_SECTION	2022-01-22 20:08:40.511	2	4	50
732	61	ADMIN_TO_SECTION	2022-01-22 20:08:40.522	3	2	384
733	24	ADMIN_TO_INDIVIDUAL	2022-01-22 20:08:40.544	4	2	288
734	98	ADMIN_TO_SECTION	2022-01-22 20:08:40.555	4	1	177
735	73	ADMIN_TO_INDIVIDUAL	2022-01-22 20:08:40.565	3	3	197
736	59	ADMIN_TO_INDIVIDUAL	2022-01-22 20:08:40.577	3	3	154
737	63	ADMIN_TO_SECTION	2022-01-22 20:08:40.61	5	1	124
738	58	ADMIN_TO_INDIVIDUAL	2022-01-22 20:08:40.621	3	3	336
739	73	ADMIN_TO_INDIVIDUAL	2022-01-22 20:08:40.632	1	3	412
740	83	ADMIN_TO_INDIVIDUAL	2022-01-22 20:08:40.643	3	2	13
741	4	ADMIN_TO_INDIVIDUAL	2022-01-22 20:08:40.654	2	1	196
742	26	ADMIN_TO_INDIVIDUAL	2022-01-22 20:08:40.677	4	1	475
743	73	ADMIN_TO_SECTION	2022-01-22 20:08:40.71	1	1	248
744	91	ADMIN_TO_SECTION	2022-01-22 20:08:40.721	1	1	185
745	38	ADMIN_TO_SECTION	2022-01-22 20:08:40.755	3	3	445
746	96	ADMIN_TO_SECTION	2022-01-22 20:08:40.776	5	2	290
747	39	ADMIN_TO_INDIVIDUAL	2022-01-22 20:08:40.796	5	4	407
748	75	ADMIN_TO_INDIVIDUAL	2022-01-22 20:08:40.811	4	1	394
749	12	ADMIN_TO_INDIVIDUAL	2022-01-22 20:08:40.82	1	3	455
750	14	ADMIN_TO_INDIVIDUAL	2022-01-22 20:08:40.832	3	2	327
751	29	ADMIN_TO_SECTION	2022-01-22 20:08:40.859	1	3	459
752	35	ADMIN_TO_INDIVIDUAL	2022-01-22 20:08:40.897	3	1	443
753	94	ADMIN_TO_INDIVIDUAL	2022-01-22 20:08:40.943	3	2	36
754	100	ADMIN_TO_INDIVIDUAL	2022-01-22 20:08:40.975	2	3	256
755	97	ADMIN_TO_INDIVIDUAL	2022-01-22 20:08:40.987	3	3	113
756	38	ADMIN_TO_INDIVIDUAL	2022-01-22 20:08:40.997	3	3	305
757	20	ADMIN_TO_INDIVIDUAL	2022-01-22 20:08:41.02	4	1	458
758	50	ADMIN_TO_SECTION	2022-01-22 20:08:41.032	3	3	351
759	45	ADMIN_TO_INDIVIDUAL	2022-01-22 20:08:41.052	2	3	378
760	40	ADMIN_TO_INDIVIDUAL	2022-01-22 20:08:41.064	5	2	241
761	24	ADMIN_TO_INDIVIDUAL	2022-01-22 20:08:41.076	5	4	402
762	56	ADMIN_TO_SECTION	2022-01-22 20:08:41.086	2	2	159
763	98	ADMIN_TO_INDIVIDUAL	2022-01-22 20:08:41.12	3	2	45
764	61	ADMIN_TO_INDIVIDUAL	2022-01-22 20:08:41.143	1	3	461
765	74	ADMIN_TO_SECTION	2022-01-22 20:08:41.152	2	3	463
766	35	ADMIN_TO_INDIVIDUAL	2022-01-22 20:08:41.164	3	4	212
767	19	ADMIN_TO_INDIVIDUAL	2022-01-22 20:08:41.303	4	3	195
768	19	ADMIN_TO_SECTION	2022-01-22 20:08:41.319	4	2	305
769	3	ADMIN_TO_INDIVIDUAL	2022-01-22 20:08:41.331	3	3	324
770	16	ADMIN_TO_INDIVIDUAL	2022-01-22 20:08:41.353	4	1	55
771	60	ADMIN_TO_INDIVIDUAL	2022-01-22 20:08:41.362	2	2	295
772	73	ADMIN_TO_INDIVIDUAL	2022-01-22 20:08:41.375	4	3	175
773	97	ADMIN_TO_SECTION	2022-01-22 20:08:41.385	4	4	71
774	50	ADMIN_TO_INDIVIDUAL	2022-01-22 20:08:41.396	1	2	429
775	2	ADMIN_TO_INDIVIDUAL	2022-01-22 20:08:41.409	3	2	214
776	32	ADMIN_TO_INDIVIDUAL	2022-01-22 20:08:41.418	1	2	63
777	30	ADMIN_TO_INDIVIDUAL	2022-01-22 20:08:41.429	4	4	149
778	29	ADMIN_TO_INDIVIDUAL	2022-01-22 20:08:41.441	4	3	156
779	52	ADMIN_TO_INDIVIDUAL	2022-01-22 20:08:41.454	5	2	429
780	71	ADMIN_TO_INDIVIDUAL	2022-01-22 20:08:41.476	3	4	418
781	69	ADMIN_TO_INDIVIDUAL	2022-01-22 20:08:41.495	1	2	304
782	1	ADMIN_TO_SECTION	2022-01-22 20:08:41.508	4	1	234
783	14	ADMIN_TO_SECTION	2022-01-22 20:08:41.518	5	1	118
784	76	ADMIN_TO_SECTION	2022-01-22 20:08:41.54	3	4	152
785	22	ADMIN_TO_INDIVIDUAL	2022-01-22 20:08:41.562	5	4	132
786	58	ADMIN_TO_SECTION	2022-01-22 20:08:41.575	3	3	460
787	82	ADMIN_TO_INDIVIDUAL	2022-01-22 20:08:41.584	2	2	193
788	95	ADMIN_TO_INDIVIDUAL	2022-01-22 20:08:41.601	4	3	279
789	100	ADMIN_TO_SECTION	2022-01-22 20:08:41.617	2	4	126
790	6	ADMIN_TO_SECTION	2022-01-22 20:08:41.629	2	3	15
791	78	ADMIN_TO_SECTION	2022-01-22 20:08:41.639	1	3	428
792	75	ADMIN_TO_SECTION	2022-01-22 20:08:41.651	1	1	456
793	78	ADMIN_TO_INDIVIDUAL	2022-01-22 20:08:41.673	2	4	482
794	100	ADMIN_TO_SECTION	2022-01-22 20:08:41.684	4	1	162
795	22	ADMIN_TO_SECTION	2022-01-22 20:08:41.695	2	3	447
796	77	ADMIN_TO_INDIVIDUAL	2022-01-22 20:08:41.706	4	2	17
797	1	ADMIN_TO_SECTION	2022-01-22 20:08:41.716	3	1	473
798	54	ADMIN_TO_SECTION	2022-01-22 20:08:41.728	1	1	39
799	92	ADMIN_TO_SECTION	2022-01-22 20:08:41.74	1	3	495
800	64	ADMIN_TO_SECTION	2022-01-22 20:08:41.761	5	4	363
801	8	ADMIN_TO_INDIVIDUAL	2022-01-22 20:08:41.774	3	4	331
802	23	ADMIN_TO_SECTION	2022-01-22 20:08:41.784	4	4	405
803	51	ADMIN_TO_SECTION	2022-01-22 20:08:41.805	2	3	335
804	62	ADMIN_TO_SECTION	2022-01-22 20:08:41.816	3	1	464
805	64	ADMIN_TO_SECTION	2022-01-22 20:08:41.829	3	1	184
806	90	ADMIN_TO_INDIVIDUAL	2022-01-22 20:08:41.838	3	4	301
807	62	ADMIN_TO_INDIVIDUAL	2022-01-22 20:08:41.849	4	1	125
808	44	ADMIN_TO_SECTION	2022-01-22 20:08:41.87	5	2	30
809	98	ADMIN_TO_INDIVIDUAL	2022-01-22 20:08:41.885	5	1	265
810	85	ADMIN_TO_INDIVIDUAL	2022-01-22 20:08:41.896	2	1	96
811	71	ADMIN_TO_INDIVIDUAL	2022-01-22 20:08:41.917	3	3	81
812	75	ADMIN_TO_SECTION	2022-01-22 20:08:41.944	3	3	132
813	54	ADMIN_TO_SECTION	2022-01-22 20:08:41.961	4	4	434
814	24	ADMIN_TO_SECTION	2022-01-22 20:08:42.005	4	3	422
815	68	ADMIN_TO_INDIVIDUAL	2022-01-22 20:08:42.016	4	4	491
816	18	ADMIN_TO_SECTION	2022-01-22 20:08:42.027	5	2	197
817	94	ADMIN_TO_SECTION	2022-01-22 20:08:42.051	3	3	336
818	2	ADMIN_TO_SECTION	2022-01-22 20:08:42.082	5	2	17
819	6	ADMIN_TO_INDIVIDUAL	2022-01-22 20:08:42.093	3	3	61
820	84	ADMIN_TO_INDIVIDUAL	2022-01-22 20:08:42.105	2	1	132
821	71	ADMIN_TO_SECTION	2022-01-22 20:08:42.121	3	4	370
822	26	ADMIN_TO_INDIVIDUAL	2022-01-22 20:08:42.138	3	3	448
823	48	ADMIN_TO_SECTION	2022-01-22 20:08:42.15	5	1	295
824	61	ADMIN_TO_INDIVIDUAL	2022-01-22 20:08:42.163	3	4	200
825	25	ADMIN_TO_SECTION	2022-01-22 20:08:42.204	4	1	258
826	71	ADMIN_TO_SECTION	2022-01-22 20:08:42.215	3	3	436
827	93	ADMIN_TO_INDIVIDUAL	2022-01-22 20:08:42.238	2	3	434
828	24	ADMIN_TO_SECTION	2022-01-22 20:08:42.249	5	4	295
829	17	ADMIN_TO_INDIVIDUAL	2022-01-22 20:08:42.26	4	2	439
830	43	ADMIN_TO_INDIVIDUAL	2022-01-22 20:08:42.271	5	4	132
831	30	ADMIN_TO_INDIVIDUAL	2022-01-22 20:08:42.282	5	2	250
832	47	ADMIN_TO_SECTION	2022-01-22 20:08:42.303	2	3	188
833	93	ADMIN_TO_INDIVIDUAL	2022-01-22 20:08:42.316	3	4	155
834	78	ADMIN_TO_INDIVIDUAL	2022-01-22 20:08:42.33	4	4	280
835	70	ADMIN_TO_SECTION	2022-01-22 20:08:42.351	2	1	378
836	52	ADMIN_TO_INDIVIDUAL	2022-01-22 20:08:42.374	3	4	387
837	46	ADMIN_TO_SECTION	2022-01-22 20:08:42.393	3	1	65
838	80	ADMIN_TO_INDIVIDUAL	2022-01-22 20:08:42.416	1	4	8
839	81	ADMIN_TO_INDIVIDUAL	2022-01-22 20:08:42.43	1	1	460
840	39	ADMIN_TO_INDIVIDUAL	2022-01-22 20:08:42.449	5	4	48
841	3	ADMIN_TO_SECTION	2022-01-22 20:08:42.497	1	3	410
842	26	ADMIN_TO_INDIVIDUAL	2022-01-22 20:08:42.519	3	3	253
843	91	ADMIN_TO_INDIVIDUAL	2022-01-22 20:08:42.538	5	1	60
844	27	ADMIN_TO_SECTION	2022-01-22 20:08:42.547	2	3	357
845	41	ADMIN_TO_INDIVIDUAL	2022-01-22 20:08:42.558	2	3	292
846	89	ADMIN_TO_SECTION	2022-01-22 20:08:42.571	4	2	387
847	82	ADMIN_TO_SECTION	2022-01-22 20:08:42.593	2	1	154
848	72	ADMIN_TO_SECTION	2022-01-22 20:08:42.603	1	4	443
849	3	ADMIN_TO_SECTION	2022-01-22 20:08:42.614	2	1	4
850	47	ADMIN_TO_INDIVIDUAL	2022-01-22 20:08:42.625	2	3	228
851	27	ADMIN_TO_INDIVIDUAL	2022-01-22 20:08:42.636	4	2	391
852	2	ADMIN_TO_SECTION	2022-01-22 20:08:42.647	2	4	136
853	28	ADMIN_TO_SECTION	2022-01-22 20:08:42.66	2	4	99
854	67	ADMIN_TO_INDIVIDUAL	2022-01-22 20:08:42.669	2	2	36
855	53	ADMIN_TO_INDIVIDUAL	2022-01-22 20:08:42.68	5	3	157
856	80	ADMIN_TO_SECTION	2022-01-22 20:08:42.692	5	1	345
857	1	ADMIN_TO_INDIVIDUAL	2022-01-22 20:08:42.702	5	4	160
858	95	ADMIN_TO_SECTION	2022-01-22 20:08:42.714	1	1	73
859	17	ADMIN_TO_INDIVIDUAL	2022-01-22 20:08:42.726	3	4	419
860	74	ADMIN_TO_SECTION	2022-01-22 20:08:42.736	4	2	401
861	12	ADMIN_TO_SECTION	2022-01-22 20:08:42.759	4	3	412
862	36	ADMIN_TO_SECTION	2022-01-22 20:08:42.768	1	3	440
863	23	ADMIN_TO_INDIVIDUAL	2022-01-22 20:08:42.78	3	1	401
864	8	ADMIN_TO_INDIVIDUAL	2022-01-22 20:08:42.793	1	3	386
865	17	ADMIN_TO_SECTION	2022-01-22 20:08:42.815	1	3	137
866	75	ADMIN_TO_INDIVIDUAL	2022-01-22 20:08:42.827	2	2	183
867	33	ADMIN_TO_SECTION	2022-01-22 20:08:42.847	5	3	367
868	71	ADMIN_TO_SECTION	2022-01-22 20:08:42.858	5	3	178
869	84	ADMIN_TO_SECTION	2022-01-22 20:08:42.881	4	3	259
870	74	ADMIN_TO_INDIVIDUAL	2022-01-22 20:08:42.891	3	2	397
871	6	ADMIN_TO_SECTION	2022-01-22 20:08:42.913	5	3	46
872	47	ADMIN_TO_INDIVIDUAL	2022-01-22 20:08:42.946	4	4	455
873	59	ADMIN_TO_SECTION	2022-01-22 20:08:42.979	3	1	221
874	71	ADMIN_TO_SECTION	2022-01-22 20:08:42.99	2	4	220
875	13	ADMIN_TO_INDIVIDUAL	2022-01-22 20:08:43.002	4	2	79
876	83	ADMIN_TO_SECTION	2022-01-22 20:08:43.012	2	4	18
877	86	ADMIN_TO_INDIVIDUAL	2022-01-22 20:08:43.028	1	4	365
878	23	ADMIN_TO_SECTION	2022-01-22 20:08:43.047	4	3	23
879	80	ADMIN_TO_SECTION	2022-01-22 20:08:43.068	5	2	224
880	92	ADMIN_TO_SECTION	2022-01-22 20:08:43.095	4	3	2
881	84	ADMIN_TO_INDIVIDUAL	2022-01-22 20:08:43.112	3	1	295
882	80	ADMIN_TO_SECTION	2022-01-22 20:08:43.123	4	1	90
883	73	ADMIN_TO_INDIVIDUAL	2022-01-22 20:08:43.146	4	3	171
884	2	ADMIN_TO_SECTION	2022-01-22 20:08:43.156	4	2	194
885	42	ADMIN_TO_INDIVIDUAL	2022-01-22 20:08:43.167	4	4	255
886	51	ADMIN_TO_SECTION	2022-01-22 20:08:43.179	5	1	391
887	40	ADMIN_TO_SECTION	2022-01-22 20:08:43.19	3	1	443
888	2	ADMIN_TO_SECTION	2022-01-22 20:08:43.2	4	1	85
889	95	ADMIN_TO_SECTION	2022-01-22 20:08:43.212	5	2	403
890	3	ADMIN_TO_INDIVIDUAL	2022-01-22 20:08:43.223	4	2	392
891	81	ADMIN_TO_SECTION	2022-01-22 20:08:43.234	5	1	459
892	18	ADMIN_TO_INDIVIDUAL	2022-01-22 20:08:43.246	2	4	52
893	69	ADMIN_TO_INDIVIDUAL	2022-01-22 20:08:43.255	4	4	107
894	96	ADMIN_TO_INDIVIDUAL	2022-01-22 20:08:43.267	5	4	290
895	2	ADMIN_TO_SECTION	2022-01-22 20:08:43.28	2	2	204
896	51	ADMIN_TO_SECTION	2022-01-22 20:08:43.29	3	4	3
897	100	ADMIN_TO_SECTION	2022-01-22 20:08:43.312	4	3	349
898	79	ADMIN_TO_SECTION	2022-01-22 20:08:43.323	2	4	489
899	7	ADMIN_TO_SECTION	2022-01-22 20:08:43.333	4	1	127
900	87	ADMIN_TO_INDIVIDUAL	2022-01-22 20:08:43.345	3	3	157
901	65	ADMIN_TO_SECTION	2022-01-22 20:08:43.357	3	1	234
902	47	ADMIN_TO_INDIVIDUAL	2022-01-22 20:08:43.366	4	4	319
903	67	ADMIN_TO_INDIVIDUAL	2022-01-22 20:08:43.38	4	4	172
904	20	ADMIN_TO_INDIVIDUAL	2022-01-22 20:08:43.39	4	2	316
905	23	ADMIN_TO_SECTION	2022-01-22 20:08:43.412	4	3	95
906	19	ADMIN_TO_INDIVIDUAL	2022-01-22 20:08:43.615	2	1	113
907	3	ADMIN_TO_SECTION	2022-01-22 20:08:43.632	5	2	371
908	27	ADMIN_TO_SECTION	2022-01-22 20:08:43.643	2	3	496
909	33	ADMIN_TO_INDIVIDUAL	2022-01-22 20:08:43.656	2	4	199
910	57	ADMIN_TO_INDIVIDUAL	2022-01-22 20:08:43.666	5	1	36
911	20	ADMIN_TO_INDIVIDUAL	2022-01-22 20:08:43.698	2	2	141
912	4	ADMIN_TO_INDIVIDUAL	2022-01-22 20:08:43.732	5	4	226
913	12	ADMIN_TO_INDIVIDUAL	2022-01-22 20:08:43.744	5	3	342
914	62	ADMIN_TO_SECTION	2022-01-22 20:08:43.755	4	3	425
915	79	ADMIN_TO_INDIVIDUAL	2022-01-22 20:08:43.765	1	3	14
916	8	ADMIN_TO_INDIVIDUAL	2022-01-22 20:08:43.776	3	2	70
917	18	ADMIN_TO_SECTION	2022-01-22 20:08:43.79	1	1	186
918	25	ADMIN_TO_INDIVIDUAL	2022-01-22 20:08:43.809	3	3	385
919	14	ADMIN_TO_INDIVIDUAL	2022-01-22 20:08:43.842	5	4	252
920	73	ADMIN_TO_INDIVIDUAL	2022-01-22 20:08:43.872	2	3	427
921	15	ADMIN_TO_INDIVIDUAL	2022-01-22 20:08:43.889	4	3	314
922	15	ADMIN_TO_INDIVIDUAL	2022-01-22 20:08:43.91	1	1	432
923	77	ADMIN_TO_INDIVIDUAL	2022-01-22 20:08:43.953	2	3	378
924	6	ADMIN_TO_INDIVIDUAL	2022-01-22 20:08:43.965	3	3	51
925	14	ADMIN_TO_INDIVIDUAL	2022-01-22 20:08:44.009	4	4	74
926	62	ADMIN_TO_INDIVIDUAL	2022-01-22 20:08:44.023	3	1	441
927	10	ADMIN_TO_SECTION	2022-01-22 20:08:44.042	5	2	82
928	99	ADMIN_TO_SECTION	2022-01-22 20:08:44.064	3	2	91
929	72	ADMIN_TO_INDIVIDUAL	2022-01-22 20:08:44.075	5	1	85
930	53	ADMIN_TO_INDIVIDUAL	2022-01-22 20:08:44.086	4	2	70
931	13	ADMIN_TO_INDIVIDUAL	2022-01-22 20:08:44.098	5	4	166
932	6	ADMIN_TO_INDIVIDUAL	2022-01-22 20:08:44.121	3	4	335
933	34	ADMIN_TO_INDIVIDUAL	2022-01-22 20:08:44.144	2	2	399
934	2	ADMIN_TO_SECTION	2022-01-22 20:08:44.153	4	3	136
935	82	ADMIN_TO_SECTION	2022-01-22 20:08:44.165	2	4	89
936	37	ADMIN_TO_SECTION	2022-01-22 20:08:44.175	3	3	226
937	71	ADMIN_TO_INDIVIDUAL	2022-01-22 20:08:44.186	2	4	261
938	90	ADMIN_TO_SECTION	2022-01-22 20:08:44.197	2	1	417
939	8	ADMIN_TO_INDIVIDUAL	2022-01-22 20:08:44.211	2	3	403
940	48	ADMIN_TO_SECTION	2022-01-22 20:08:44.23	3	1	423
941	47	ADMIN_TO_INDIVIDUAL	2022-01-22 20:08:44.242	1	1	468
942	41	ADMIN_TO_INDIVIDUAL	2022-01-22 20:08:44.264	1	2	187
943	97	ADMIN_TO_SECTION	2022-01-22 20:08:44.274	5	3	73
944	34	ADMIN_TO_INDIVIDUAL	2022-01-22 20:08:44.285	3	3	292
945	13	ADMIN_TO_INDIVIDUAL	2022-01-22 20:08:44.297	1	4	295
946	22	ADMIN_TO_SECTION	2022-01-22 20:08:44.318	1	1	155
947	10	ADMIN_TO_SECTION	2022-01-22 20:08:44.332	1	2	278
948	46	ADMIN_TO_INDIVIDUAL	2022-01-22 20:08:44.341	2	2	324
949	67	ADMIN_TO_SECTION	2022-01-22 20:08:44.353	1	4	302
950	89	ADMIN_TO_SECTION	2022-01-22 20:08:44.363	4	1	71
951	89	ADMIN_TO_INDIVIDUAL	2022-01-22 20:08:44.408	3	3	458
952	15	ADMIN_TO_INDIVIDUAL	2022-01-22 20:08:44.419	3	2	96
953	74	ADMIN_TO_SECTION	2022-01-22 20:08:44.43	1	2	350
954	5	ADMIN_TO_INDIVIDUAL	2022-01-22 20:08:44.443	4	3	338
955	66	ADMIN_TO_SECTION	2022-01-22 20:08:44.452	2	1	482
956	63	ADMIN_TO_SECTION	2022-01-22 20:08:44.462	1	3	180
957	22	ADMIN_TO_INDIVIDUAL	2022-01-22 20:08:44.476	2	2	91
958	100	ADMIN_TO_SECTION	2022-01-22 20:08:44.497	3	2	311
959	54	ADMIN_TO_INDIVIDUAL	2022-01-22 20:08:44.507	5	3	18
960	2	ADMIN_TO_INDIVIDUAL	2022-01-22 20:08:44.518	1	3	428
961	12	ADMIN_TO_INDIVIDUAL	2022-01-22 20:08:44.529	2	2	378
962	20	ADMIN_TO_SECTION	2022-01-22 20:08:44.542	3	2	270
963	28	ADMIN_TO_INDIVIDUAL	2022-01-22 20:08:44.551	4	4	41
964	1	ADMIN_TO_INDIVIDUAL	2022-01-22 20:08:44.562	5	2	384
965	90	ADMIN_TO_INDIVIDUAL	2022-01-22 20:08:44.574	3	3	454
966	35	ADMIN_TO_SECTION	2022-01-22 20:08:44.584	2	1	231
967	93	ADMIN_TO_INDIVIDUAL	2022-01-22 20:08:44.623	2	2	234
968	73	ADMIN_TO_SECTION	2022-01-22 20:08:44.641	2	2	41
969	74	ADMIN_TO_INDIVIDUAL	2022-01-22 20:08:44.651	3	3	381
970	19	ADMIN_TO_SECTION	2022-01-22 20:08:44.663	1	2	209
971	86	ADMIN_TO_SECTION	2022-01-22 20:08:44.673	1	4	300
972	13	ADMIN_TO_SECTION	2022-01-22 20:08:44.684	4	4	201
973	82	ADMIN_TO_SECTION	2022-01-22 20:08:44.695	4	2	400
974	45	ADMIN_TO_INDIVIDUAL	2022-01-22 20:08:44.708	5	4	439
975	74	ADMIN_TO_SECTION	2022-01-22 20:08:44.717	5	3	119
976	27	ADMIN_TO_INDIVIDUAL	2022-01-22 20:08:44.728	5	1	188
977	28	ADMIN_TO_INDIVIDUAL	2022-01-22 20:08:44.748	3	1	104
978	92	ADMIN_TO_INDIVIDUAL	2022-01-22 20:08:44.761	2	2	312
979	38	ADMIN_TO_INDIVIDUAL	2022-01-22 20:08:44.775	4	4	453
980	32	ADMIN_TO_INDIVIDUAL	2022-01-22 20:08:44.784	3	1	20
981	78	ADMIN_TO_SECTION	2022-01-22 20:08:44.795	1	1	472
982	26	ADMIN_TO_INDIVIDUAL	2022-01-22 20:08:44.807	5	3	24
983	70	ADMIN_TO_INDIVIDUAL	2022-01-22 20:08:44.817	4	3	296
984	97	ADMIN_TO_INDIVIDUAL	2022-01-22 20:08:44.828	5	2	351
985	50	ADMIN_TO_INDIVIDUAL	2022-01-22 20:08:44.841	3	2	337
986	95	ADMIN_TO_SECTION	2022-01-22 20:08:44.85	1	2	12
987	84	ADMIN_TO_SECTION	2022-01-22 20:08:44.878	2	2	85
988	61	ADMIN_TO_SECTION	2022-01-22 20:08:44.894	1	2	347
989	18	ADMIN_TO_INDIVIDUAL	2022-01-22 20:08:44.918	1	1	424
990	58	ADMIN_TO_INDIVIDUAL	2022-01-22 20:08:44.958	5	2	345
991	83	ADMIN_TO_SECTION	2022-01-22 20:08:44.985	1	1	276
992	20	ADMIN_TO_SECTION	2022-01-22 20:08:45.007	1	1	29
993	96	ADMIN_TO_SECTION	2022-01-22 20:08:45.028	2	3	262
994	49	ADMIN_TO_SECTION	2022-01-22 20:08:45.039	3	2	362
995	19	ADMIN_TO_SECTION	2022-01-22 20:08:45.072	5	4	83
996	68	ADMIN_TO_INDIVIDUAL	2022-01-22 20:08:45.084	3	3	289
997	83	ADMIN_TO_SECTION	2022-01-22 20:08:45.105	1	3	150
998	37	ADMIN_TO_SECTION	2022-01-22 20:08:45.116	2	3	51
999	68	ADMIN_TO_SECTION	2022-01-22 20:08:45.127	1	4	73
1000	47	ADMIN_TO_INDIVIDUAL	2022-01-22 20:08:45.138	2	1	490
\.


--
-- TOC entry 3165 (class 0 OID 51848)
-- Dependencies: 208
-- Data for Name: User; Type: TABLE DATA; Schema: public; Owner: pendo
--

COPY public."User" (id, email, phone, "firstName", "lastName", photo, role, "hashedPassword", salt, "resetToken", "resetTokenExpiresAt") FROM stdin;
1	admin	+254746649576	George	Ndirangu	 	CAMP_ADMIN	44005ad6521a0989a6e861cbd2244565e87f5c07ddb02f4ba3199ddb14e66482	1c07fe183dfcb9ae7f37582975e6abaa	\N	\N
2	admin2	+254746649574	Admin	Two	 	SECTION_ADMIN	72f53288bdee98e00f09be04f97ecd466f9515825134bb88f06c3e13cc0609d8	711e4d202fd141fb8d49a95e912c82f2	\N	\N
3	admin3	0746649572	Admin	Three	 	SECTION_ADMIN	9154bdf8d0a357a08be104bd51710a9a0061666b71fbda615c95182f4e10b769	0523cc2390172a0c0bca142978fdebcb	\N	\N
4	admin4	+254707461491	Admin	Four	 	SECTION_ADMIN	5178f251ab30ad1c5b21ffd2768b1af9adb5530166fc03cfe83324e739975ec3	6838da1cbb4903476b49b02ab4f7a79d	\N	\N
5	admin5	+254746649572	George	Ndirangu	 	SECTION_ADMIN	1988540dd8244a5cd8b501725f158ca74a1d5b3be6f4c967efdf42751d53528d	918e8ae44b8886843594ae056ed523bf	\N	\N
\.


--
-- TOC entry 3157 (class 0 OID 51305)
-- Dependencies: 200
-- Data for Name: _prisma_migrations; Type: TABLE DATA; Schema: public; Owner: pendo
--

COPY public._prisma_migrations (id, checksum, finished_at, migration_name, logs, rolled_back_at, started_at, applied_steps_count) FROM stdin;
3b55adf7-1e6a-4fbb-83f3-92c67756313d	d570edbf76b390633a92b48ac65e5bc09f9e37364d2f15b875e3463e95745f1e	2022-01-13 14:17:16.29154+03	20220113111713_initial_setup	\N	\N	2022-01-13 14:17:14.339742+03	1
8ceec85d-657a-466a-a9c6-591b809231b3	397691fc72f55015e65301f23e066e68fb41b24832f3446b92ae5ebdf7a86251	2022-01-13 16:52:58.943216+03	20220113135257_replace_admin_with_user	\N	\N	2022-01-13 16:52:57.903814+03	1
0be4619c-2319-4be4-a485-6b90e04243b4	31b927273945b253fd42e539f97df138c7395b5eeff380bf788ccc42dc5dc146	2022-01-13 18:59:05.025323+03	20220113155903_correct_regugee_to_refugee	\N	\N	2022-01-13 18:59:04.038648+03	1
\.


--
-- TOC entry 3178 (class 0 OID 0)
-- Dependencies: 209
-- Name: Refugee_id_seq; Type: SEQUENCE SET; Schema: public; Owner: pendo
--

SELECT pg_catalog.setval('public."Refugee_id_seq"', 500, true);


--
-- TOC entry 3179 (class 0 OID 0)
-- Dependencies: 203
-- Name: Section_id_seq; Type: SEQUENCE SET; Schema: public; Owner: pendo
--

SELECT pg_catalog.setval('public."Section_id_seq"', 4, true);


--
-- TOC entry 3180 (class 0 OID 0)
-- Dependencies: 201
-- Name: Tent_id_seq; Type: SEQUENCE SET; Schema: public; Owner: pendo
--

SELECT pg_catalog.setval('public."Tent_id_seq"', 100, true);


--
-- TOC entry 3181 (class 0 OID 0)
-- Dependencies: 205
-- Name: Transaction_id_seq; Type: SEQUENCE SET; Schema: public; Owner: pendo
--

SELECT pg_catalog.setval('public."Transaction_id_seq"', 1000, true);


--
-- TOC entry 3182 (class 0 OID 0)
-- Dependencies: 207
-- Name: User_id_seq; Type: SEQUENCE SET; Schema: public; Owner: pendo
--

SELECT pg_catalog.setval('public."User_id_seq"', 5, true);


--
-- TOC entry 3020 (class 2606 OID 52400)
-- Name: Refugee Refugee_pkey; Type: CONSTRAINT; Schema: public; Owner: pendo
--

ALTER TABLE ONLY public."Refugee"
    ADD CONSTRAINT "Refugee_pkey" PRIMARY KEY (id);


--
-- TOC entry 3012 (class 2606 OID 51367)
-- Name: Section Section_pkey; Type: CONSTRAINT; Schema: public; Owner: pendo
--

ALTER TABLE ONLY public."Section"
    ADD CONSTRAINT "Section_pkey" PRIMARY KEY (id);


--
-- TOC entry 3009 (class 2606 OID 51356)
-- Name: Tent Tent_pkey; Type: CONSTRAINT; Schema: public; Owner: pendo
--

ALTER TABLE ONLY public."Tent"
    ADD CONSTRAINT "Tent_pkey" PRIMARY KEY (id);


--
-- TOC entry 3014 (class 2606 OID 51388)
-- Name: Transaction Transaction_pkey; Type: CONSTRAINT; Schema: public; Owner: pendo
--

ALTER TABLE ONLY public."Transaction"
    ADD CONSTRAINT "Transaction_pkey" PRIMARY KEY (id);


--
-- TOC entry 3018 (class 2606 OID 51857)
-- Name: User User_pkey; Type: CONSTRAINT; Schema: public; Owner: pendo
--

ALTER TABLE ONLY public."User"
    ADD CONSTRAINT "User_pkey" PRIMARY KEY (id);


--
-- TOC entry 3007 (class 2606 OID 51314)
-- Name: _prisma_migrations _prisma_migrations_pkey; Type: CONSTRAINT; Schema: public; Owner: pendo
--

ALTER TABLE ONLY public._prisma_migrations
    ADD CONSTRAINT _prisma_migrations_pkey PRIMARY KEY (id);


--
-- TOC entry 3010 (class 1259 OID 51389)
-- Name: Section_adminId_key; Type: INDEX; Schema: public; Owner: pendo
--

CREATE UNIQUE INDEX "Section_adminId_key" ON public."Section" USING btree ("adminId");


--
-- TOC entry 3015 (class 1259 OID 51858)
-- Name: User_email_key; Type: INDEX; Schema: public; Owner: pendo
--

CREATE UNIQUE INDEX "User_email_key" ON public."User" USING btree (email);


--
-- TOC entry 3016 (class 1259 OID 51859)
-- Name: User_phone_key; Type: INDEX; Schema: public; Owner: pendo
--

CREATE UNIQUE INDEX "User_phone_key" ON public."User" USING btree (phone);


--
-- TOC entry 3026 (class 2606 OID 52401)
-- Name: Refugee Refugee_tentId_fkey; Type: FK CONSTRAINT; Schema: public; Owner: pendo
--

ALTER TABLE ONLY public."Refugee"
    ADD CONSTRAINT "Refugee_tentId_fkey" FOREIGN KEY ("tentId") REFERENCES public."Tent"(id) ON UPDATE CASCADE ON DELETE SET NULL;


--
-- TOC entry 3022 (class 2606 OID 51860)
-- Name: Section Section_adminId_fkey; Type: FK CONSTRAINT; Schema: public; Owner: pendo
--

ALTER TABLE ONLY public."Section"
    ADD CONSTRAINT "Section_adminId_fkey" FOREIGN KEY ("adminId") REFERENCES public."User"(id) ON UPDATE CASCADE ON DELETE RESTRICT;


--
-- TOC entry 3021 (class 2606 OID 51397)
-- Name: Tent Tent_sectionId_fkey; Type: FK CONSTRAINT; Schema: public; Owner: pendo
--

ALTER TABLE ONLY public."Tent"
    ADD CONSTRAINT "Tent_sectionId_fkey" FOREIGN KEY ("sectionId") REFERENCES public."Section"(id) ON UPDATE CASCADE ON DELETE SET NULL;


--
-- TOC entry 3024 (class 2606 OID 51865)
-- Name: Transaction Transaction_adminId_fkey; Type: FK CONSTRAINT; Schema: public; Owner: pendo
--

ALTER TABLE ONLY public."Transaction"
    ADD CONSTRAINT "Transaction_adminId_fkey" FOREIGN KEY ("adminId") REFERENCES public."User"(id) ON UPDATE CASCADE ON DELETE SET NULL;


--
-- TOC entry 3025 (class 2606 OID 52406)
-- Name: Transaction Transaction_refugeeId_fkey; Type: FK CONSTRAINT; Schema: public; Owner: pendo
--

ALTER TABLE ONLY public."Transaction"
    ADD CONSTRAINT "Transaction_refugeeId_fkey" FOREIGN KEY ("refugeeId") REFERENCES public."Refugee"(id) ON UPDATE CASCADE ON DELETE SET NULL;


--
-- TOC entry 3023 (class 2606 OID 51417)
-- Name: Transaction Transaction_sectionId_fkey; Type: FK CONSTRAINT; Schema: public; Owner: pendo
--

ALTER TABLE ONLY public."Transaction"
    ADD CONSTRAINT "Transaction_sectionId_fkey" FOREIGN KEY ("sectionId") REFERENCES public."Section"(id) ON UPDATE CASCADE ON DELETE SET NULL;


-- Completed on 2022-01-22 23:13:41 EAT

--
-- PostgreSQL database dump complete
--

